"Id","OwnerId","IsDeleted","Name","CreatedDate","CreatedById","LastModifiedDate","LastModifiedById","SystemModstamp","LastViewedDate","LastReferencedDate","nFORCE__Form_Type__c","nFORCE__Group__c","nFORCE__Is_Archived__c","nFORCE__Is_Required__c","nFORCE__Label__c","nFORCE__Order__c","nFORCE__lookupKey__c","nFORCE__Api_Key__c","nFORCE__Default_Text_Answer__c","nFORCE__Classification_Tag__c","nFORCE__Help_Text__c","nFORCE__Maximum__c","nFORCE__Minimum__c","nFORCE__Target_Answer_Field__c","AutorabitExtId__c"
"a308c000000BgpVAAS","0058c00000BxeO9AAJ","false","Q-000472","2023-10-31T13:56:27.000Z","0058c00000BxeO9AAJ","2025-07-10T00:09:42.000Z","0058c00000BxeO9AAJ","2025-07-10T00:09:42.000Z","","","Picklist","a2B8c000000OrYLEA0","false","false","The borrower contributed the amount of capital required, described above, prior to the bank advancing any funds under the credit facility?","3.0","a30Ho000006ve99IAA","","","","","","","",""
"a308c000000BgpWAAS","0058c00000BxeO9AAJ","false","Q-000473","2023-10-31T13:56:27.000Z","0058c00000BxeO9AAJ","2025-07-10T00:09:42.000Z","0058c00000BxeO9AAJ","2025-07-10T00:09:42.000Z","","","Picklist","a2B8c0000076lQREAY","false","false","How often do you send money out of the country?","0.0","a30Ho000006ve9PIAQ","","","","","","","",""
"a308c000000BgpXAAS","0058c00000BxeO9AAJ","false","Q-000474","2023-10-31T13:56:27.000Z","0058c00000BxeO9AAJ","2025-07-10T00:09:42.000Z","0058c00000BxeO9AAJ","2025-07-10T00:09:42.000Z","","","Picklist","a2B8c0000076lQREAY","false","false","How do you typically make your deposits?","1.0","a30Ho000006ve9XIAQ","","","","","","","",""
"a308c000000BgpYAAS","0058c00000BxeO9AAJ","false","Q-000475","2023-10-31T13:56:27.000Z","0058c00000BxeO9AAJ","2025-07-10T00:09:42.000Z","0058c00000BxeO9AAJ","2025-07-10T00:09:42.000Z","","","Picklist","a2B8c0000076lQREAY","false","false","Do you typically make cash deposits?","2.0","a30Ho000006ve9VIAQ","","","","","","","",""
"a308c000000BgpZAAS","0058c00000BxeO9AAJ","false","Q-000476","2023-10-31T13:56:27.000Z","0058c00000BxeO9AAJ","2025-07-10T00:09:42.000Z","0058c00000BxeO9AAJ","2025-07-10T00:09:42.000Z","","","Picklist","a2B8c0000076lQREAY","false","false","May I ask you a few more questions to better understand your needs?","4.0","a30Ho000006ve9QIAQ","","","","","","","",""
"a308c000000BgpaAAC","0058c00000BxeO9AAJ","false","Q-000477","2023-10-31T13:56:27.000Z","0058c00000BxeO9AAJ","2025-07-10T00:09:42.000Z","0058c00000BxeO9AAJ","2025-07-10T00:09:42.000Z","","","Picklist","a2B8c000000OrYPEA0","true","false","I certify that this loan has been marked HMDA Reportable and the applicable loan details have been populated.","4.0","a30Ho000006ve8qIAA","","","","","","","",""
"a308c000000BgpbAAC","0058c00000BxeO9AAJ","false","Q-000478","2023-10-31T13:56:27.000Z","0058c00000BxeO9AAJ","2025-07-10T00:09:42.000Z","0058c00000BxeO9AAJ","2025-07-10T00:09:42.000Z","","","Picklist","a2B8c000000OrYPEA0","false","false","Is this loan secured by a residential dwelling including: 1-2 Family home (condominium) Manufactured housing (with or without land) Multi-family dwelling (five or more units)?","0.0","a30Ho000006ve8pIAA","","","","","","","",""
"a308c000000BgpcAAC","0058c00000BxeO9AAJ","false","Q-000479","2023-10-31T13:56:27.000Z","0058c00000BxeO9AAJ","2025-07-10T00:09:42.000Z","0058c00000BxeO9AAJ","2025-07-10T00:09:42.000Z","","","Picklist","a2B8c000000OrYPEA0","false","false","Is this loan purpose to purchase, improve, or refinance a dwelling?","1.0","a30Ho000006ve8rIAA","","","","","","","",""
"a308c000000BgpdAAC","0058c00000BxeO9AAJ","false","Q-000480","2023-10-31T13:56:27.000Z","0058c00000BxeO9AAJ","2025-07-10T00:09:42.000Z","0058c00000BxeO9AAJ","2025-07-10T00:09:42.000Z","","","Picklist","a2B8c000000OrYPEA0","true","false","Is the loan (not secured by residential dwelling) for the purpose of imporving (repair, rehabilitation, or renovating) a residential dwelling AND the bank classified it as a home improvement loan?","2.0","a30Ho000006ve8sIAA","","","","","","","",""
"a308c000000BgpeAAC","0058c00000BxeO9AAJ","false","Q-000481","2023-10-31T13:56:27.000Z","0058c00000BxeO9AAJ","2025-07-10T00:09:42.000Z","0058c00000BxeO9AAJ","2025-07-10T00:09:42.000Z","","","Picklist","a2B8c000000OrYPEA0","false","false","Is this loan a construction-only, bridge loan, or other temporary financing expected to be replaced with permanent financing?","3.0","a30Ho000006ve8oIAA","","","","","","","",""
"a308c000000BgpfAAC","0058c00000BxeO9AAJ","false","Q-000482","2023-10-31T13:56:27.000Z","0058c00000BxeO9AAJ","2025-07-10T00:09:42.000Z","0058c00000BxeO9AAJ","2025-07-10T00:09:42.000Z","","","Picklist","a2B8c000000OrYPEA0","true","false","I certify that this loan IS NOT HMDA Reportable.","4.0","a30Ho000006ve8tIAA","","","","","","","",""
"a308c000000BgpgAAC","0058c00000BxeO9AAJ","false","Q-000483","2023-10-31T13:56:27.000Z","0058c00000BxeO9AAJ","2025-07-10T00:09:42.000Z","0058c00000BxeO9AAJ","2025-07-10T00:09:42.000Z","","","Picklist","a2B8c000000OrYJEA0","false","false","Is any borrower, co-borrower, or guarantor an executive officer, director, or principal shareholder of that bank, of a bank holding company of which the member bank is a subsidiary, and of any other subsidiary of that bank holding company?","0.0","a30Ho000006ve8uIAA","","","","","","","",""
"a308c000000BgphAAC","0058c00000BxeO9AAJ","false","Q-000484","2023-10-31T13:56:27.000Z","0058c00000BxeO9AAJ","2025-07-10T00:09:42.000Z","0058c00000BxeO9AAJ","2025-07-10T00:09:42.000Z","","","Picklist","a2B8c000000OrYJEA0","true","false","If any borrower, co-borrower, or guarantor of this loan is an employee of the bank or any affiliates, I certify I have indicated this is an ""Employee Loan"".","1.0","a30Ho000006ve8vIAA","","","","","","","",""
"a308c000000BgpiAAC","0058c00000BxeO9AAJ","false","Q-000485","2023-10-31T13:56:27.000Z","0058c00000BxeO9AAJ","2025-07-10T00:09:42.000Z","0058c00000BxeO9AAJ","2025-07-10T00:09:42.000Z","","","Picklist","a2B8c000000OrYJEA0","true","false","I certify this loan has been marked as ""Reg O Reportable"".","2.0","a30Ho000006ve8wIAA","","","","","","","",""
"a308c000000BgpjAAC","0058c00000BxeO9AAJ","false","Q-000486","2023-10-31T13:56:27.000Z","0058c00000BxeO9AAJ","2025-07-10T00:09:42.000Z","0058c00000BxeO9AAJ","2025-07-10T00:09:42.000Z","","","Picklist","a2B8c000000OrYPEA0","false","false","I certify that this loan has been marked HMDA Reportable and the applicable loan details have been populated.","4.0","a30Ho000006ve8xIAA","","","","","","","",""
"a308c000000BgpkAAC","0058c00000BxeO9AAJ","false","Q-000487","2023-10-31T13:56:27.000Z","0058c00000BxeO9AAJ","2025-07-10T00:09:42.000Z","0058c00000BxeO9AAJ","2025-07-10T00:09:42.000Z","","","Picklist","a2B8c000000OrYJEA0","false","false","If any borrower, co-borrower, or guarantor of this loan is an employee of the bank or any affiliates, I certify I have indicated this is an ""Employee Loan"".","1.0","a30Ho000006ve8yIAA","","","","","","","",""
"a308c000000BgplAAC","0058c00000BxeO9AAJ","false","Q-000488","2023-10-31T13:56:27.000Z","0058c00000BxeO9AAJ","2025-07-10T00:09:42.000Z","0058c00000BxeO9AAJ","2025-07-10T00:09:42.000Z","","","Picklist","a2B8c000000OrYJEA0","false","false","I certify this loan has been marked as ""Reg O Reportable"".","2.0","a30Ho000006ve8zIAA","","","","","","","",""
"a308c000000BgpmAAC","0058c00000BxeO9AAJ","false","Q-000489","2023-10-31T13:56:27.000Z","0058c00000BxeO9AAJ","2025-07-10T00:09:42.000Z","0058c00000BxeO9AAJ","2025-07-10T00:09:42.000Z","","","Picklist","a2B8c000000OrYMEA0","false","false","Is this loan HMDA reportable?","0.0","a30Ho000006ve90IAA","","","","","","","",""
"a308c000000BgpnAAC","0058c00000BxeO9AAJ","false","Q-000490","2023-10-31T13:56:27.000Z","0058c00000BxeO9AAJ","2025-07-10T00:09:42.000Z","0058c00000BxeO9AAJ","2025-07-10T00:09:42.000Z","","","Picklist","a2B8c000000OrYMEA0","false","false","Is this loan a renewal, extension or modification of a previously HMDA reportable file?","1.0","a30Ho000006ve91IAA","","","","","","","",""
"a308c000000BgpoAAC","0058c00000BxeO9AAJ","false","Q-000491","2023-10-31T13:56:27.000Z","0058c00000BxeO9AAJ","2025-07-10T00:09:42.000Z","0058c00000BxeO9AAJ","2025-07-10T00:09:42.000Z","","","Picklist","a2B8c000000OrYMEA0","false","false","Is this loan for business purposes?","2.0","a30Ho000006ve92IAA","","","","","","","",""
"a308c000000BgppAAC","0058c00000BxeO9AAJ","false","Q-000492","2023-10-31T13:56:27.000Z","0058c00000BxeO9AAJ","2025-07-10T00:09:42.000Z","0058c00000BxeO9AAJ","2025-07-10T00:09:42.000Z","","","Picklist","a2B8c000000OrYMEA0","false","false","Is the loan amount $1 Million or less?","3.0","a30Ho000006ve93IAA","","","","","","","",""
"a308c000000BgpqAAC","0058c00000BxeO9AAJ","false","Q-000493","2023-10-31T13:56:27.000Z","0058c00000BxeO9AAJ","2025-07-10T00:09:42.000Z","0058c00000BxeO9AAJ","2025-07-10T00:09:42.000Z","","","Picklist","a2B8c000000OrYMEA0","false","false","Is this loan an origination?","4.0","a30Ho000006ve94IAA","","","","","","","",""
"a308c000000BgprAAC","0058c00000BxeO9AAJ","false","Q-000494","2023-10-31T13:56:27.000Z","0058c00000BxeO9AAJ","2025-07-10T00:09:42.000Z","0058c00000BxeO9AAJ","2025-07-10T00:09:42.000Z","","","Picklist","a2B8c000000OrYMEA0","false","false","I certify that this loan is CRA reportable?","6.0","a30Ho000006ve95IAA","","","","","","","",""
"a308c000000BgpsAAC","0058c00000BxeO9AAJ","false","Q-000495","2023-10-31T13:56:27.000Z","0058c00000BxeO9AAJ","2025-07-10T00:09:42.000Z","0058c00000BxeO9AAJ","2025-07-10T00:09:42.000Z","","","Picklist","a2B8c000000OrYLEA0","false","true","Will this loan be used for construction of:","0.0","a30Ho000006ve96IAA","","","","","","","",""
"a308c000000BgptAAC","0058c00000BxeO9AAJ","false","Q-000496","2023-10-31T13:56:27.000Z","0058c00000BxeO9AAJ","2025-07-10T00:09:42.000Z","0058c00000BxeO9AAJ","2025-07-10T00:09:42.000Z","","","Picklist","a2B8c000000OrYLEA0","false","false","Is the LTV ratio less than or equal to the applicable maximum supervisory LTV ratio?","1.0","a30Ho000006ve97IAA","","","","","","","",""
"a308c000000BgpuAAC","0058c00000BxeO9AAJ","false","Q-000497","2023-10-31T13:56:27.000Z","0058c00000BxeO9AAJ","2025-07-10T00:09:42.000Z","0058c00000BxeO9AAJ","2025-07-10T00:09:42.000Z","","","Picklist","a2B8c000000OrYLEA0","false","false","Has the borrower contributed capital to the project in the form of cash or unencumbered readily marketable assets (must contribute to the project) estate's appraised ""as completed"" value?","2.0","a30Ho000006ve98IAA","","","","","","","",""
"a308c000000BgpvAAC","0058c00000BxeO9AAJ","false","Q-000498","2023-10-31T13:56:27.000Z","0058c00000BxeO9AAJ","2025-07-10T00:09:42.000Z","0058c00000BxeO9AAJ","2025-07-10T00:09:42.000Z","","","Picklist","a2B8c000000OrYLEA0","false","false","The capital contributed by the borrower, or internally generated by the project, is contractually required to remain in the project throughout the life of the project?","4.0","a30Ho000006ve9AIAQ","","","","","","","",""
"a308c000000BgpwAAC","0058c00000BxeO9AAJ","false","Q-000499","2023-10-31T13:56:27.000Z","0058c00000BxeO9AAJ","2025-07-10T00:09:42.000Z","0058c00000BxeO9AAJ","2025-07-10T00:09:42.000Z","","","Picklist","a2B8c000000OrYLEA0","false","false","I certify this transaction has been indicated as a HVCRE reportable transaction?","5.0","a30Ho000006ve9BIAQ","","","","","","","",""
"a308c000000BgpxAAC","0058c00000BxeO9AAJ","false","Q-000500","2023-10-31T13:56:27.000Z","0058c00000BxeO9AAJ","2025-07-10T00:09:42.000Z","0058c00000BxeO9AAJ","2025-07-10T00:09:42.000Z","","","Picklist","a2B8c000000OrYREA0","false","false","What is your expected annual revenue?","0.0","a30Ho000006ve9CIAQ","","","","","","","",""
"a308c000000BgpyAAC","0058c00000BxeO9AAJ","false","Q-000501","2023-10-31T13:56:27.000Z","0058c00000BxeO9AAJ","2025-07-10T00:09:42.000Z","0058c00000BxeO9AAJ","2025-07-10T00:09:42.000Z","","","Picklist","a2B8c000000OrYREA0","false","false","What is your expected annual expenses?","1.0","a30Ho000006ve9DIAQ","","","","","","","",""
"a308c000000BgpzAAC","0058c00000BxeO9AAJ","false","Q-000502","2023-10-31T13:56:27.000Z","0058c00000BxeO9AAJ","2025-07-10T00:09:42.000Z","0058c00000BxeO9AAJ","2025-07-10T00:09:42.000Z","","","Picklist","a2B8c000000OrYREA0","false","false","Do you expect to conduct international transactions?","2.0","a30Ho000006ve9EIAQ","","","","","","","",""
"a308c000000Bgq0AAC","0058c00000BxeO9AAJ","false","Q-000503","2023-10-31T13:56:27.000Z","0058c00000BxeO9AAJ","2025-07-10T00:09:42.000Z","0058c00000BxeO9AAJ","2025-07-10T00:09:42.000Z","","","Picklist","a2B8c000000OrYREA0","false","false","How much will your business deposit in cash on a daily basis?","4.0","a30Ho000006ve9FIAQ","","","","","","","",""
"a308c000000Bgq1AAC","0058c00000BxeO9AAJ","false","Q-000504","2023-10-31T13:56:27.000Z","0058c00000BxeO9AAJ","2025-07-10T00:09:42.000Z","0058c00000BxeO9AAJ","2025-07-10T00:09:42.000Z","","","Picklist","a2B8c000000OrYREA0","false","false","How long have you been in business?","5.0","a30Ho000006ve9GIAQ","","","","","","","",""
"a308c000000Bgq2AAC","0058c00000BxeO9AAJ","false","Q-000505","2023-10-31T13:56:27.000Z","0058c00000BxeO9AAJ","2025-07-10T00:09:42.000Z","0058c00000BxeO9AAJ","2025-07-10T00:09:42.000Z","","","Picklist","a2B8c000000OrYREA0","false","false","What amount do you intend to maintain in this account?","6.0","a30Ho000006ve9HIAQ","","","","","","","",""
"a308c000000Bgq3AAC","0058c00000BxeO9AAJ","false","Q-000506","2023-10-31T13:56:27.000Z","0058c00000BxeO9AAJ","2025-07-10T00:09:42.000Z","0058c00000BxeO9AAJ","2025-07-10T00:09:42.000Z","","","Picklist","a2B8c000000OrYREA0","false","false","How will you be using this account?","7.0","a30Ho000006ve9IIAQ","","","","","","","",""
"a308c000000Bgq4AAC","0058c00000BxeO9AAJ","false","Q-000507","2023-10-31T13:56:27.000Z","0058c00000BxeO9AAJ","2025-07-10T00:09:42.000Z","0058c00000BxeO9AAJ","2025-07-10T00:09:42.000Z","","","Picklist","a2B8c000000OrYREA0","false","false","Do any of the following apply to your business?","8.0","a30Ho000006ve9JIAQ","","","","","","","",""
"a308c000000Bgq5AAC","0058c00000BxeO9AAJ","false","Q-000508","2023-10-31T13:56:27.000Z","0058c00000BxeO9AAJ","2025-07-10T00:09:42.000Z","0058c00000BxeO9AAJ","2025-07-10T00:09:42.000Z","","","Picklist","a2B8c000000OrYREA0","false","false","May I ask you a few more questions to better understand your needs?","10.0","a30Ho000006ve9KIAQ","","","","","","","",""
"a308c000000Bgq6AAC","0058c00000BxeO9AAJ","false","Q-000509","2023-10-31T13:56:27.000Z","0058c00000BxeO9AAJ","2025-07-10T00:09:42.000Z","0058c00000BxeO9AAJ","2025-07-10T00:09:42.000Z","","","Picklist","a2B8c000000OrYPEA0","false","false","Is the loan (not secured by residential dwelling) for the purpose of improving (repair, rehabilitation, or renovating) a residential dwelling AND the bank classified it as a home improvement loan?","2.0","a30Ho000006ve9LIAQ","","","","","","","",""
"a308c000000Bgq7AAC","0058c00000BxeO9AAJ","false","Q-000510","2023-10-31T13:56:27.000Z","0058c00000BxeO9AAJ","2025-07-10T00:09:42.000Z","0058c00000BxeO9AAJ","2025-07-10T00:09:42.000Z","","","Picklist","a2B8c000000OrYPEA0","false","false","I certify that this loan IS NOT HMDA Reportable.","5.0","a30Ho000006ve9MIAQ","","","","","","","",""
"a308c000000Bgq8AAC","0058c00000BxeO9AAJ","false","Q-000511","2023-10-31T13:56:27.000Z","0058c00000BxeO9AAJ","2025-07-10T00:09:42.000Z","0058c00000BxeO9AAJ","2025-07-10T00:09:42.000Z","","","Picklist","a2B8c000000OrYLEA0","false","false","I certify this transaction is NOT HVCRE reportable","6.0","a30Ho000006ve9NIAQ","","","","","","","",""
"a308c000000Bgq9AAC","0058c00000BxeO9AAJ","false","Q-000512","2023-10-31T13:56:27.000Z","0058c00000BxeO9AAJ","2025-07-10T00:09:42.000Z","0058c00000BxeO9AAJ","2025-07-10T00:09:42.000Z","","","Picklist","a2B8c000000OrYMEA0","false","false","I certify this loan is not CRA reportable?","5.0","a30Ho000006ve9OIAQ","","","","","","","",""
"a308c000000BgqAAAS","0058c00000BxeO9AAJ","false","Q-000513","2023-10-31T13:56:27.000Z","0058c00000BxeO9AAJ","2025-07-10T00:09:42.000Z","0058c00000BxeO9AAJ","2025-07-10T00:09:42.000Z","","","Picklist","a2B8c0000076lQREAY","false","false","How do you prefer to monitor your account activity?","8.0","a30Ho000006ve9RIAQ","","","","","","","",""
"a308c000000BgqBAAS","0058c00000BxeO9AAJ","false","Q-000514","2023-10-31T13:56:27.000Z","0058c00000BxeO9AAJ","2025-07-10T00:09:42.000Z","0058c00000BxeO9AAJ","2025-07-10T00:09:42.000Z","","","Picklist","a2B8c0000076lQREAY","false","false","How do you typically pay for purchases?","6.0","a30Ho000006ve9SIAQ","","","","","","","",""
"a308c000000BgqCAAS","0058c00000BxeO9AAJ","false","Q-000515","2023-10-31T13:56:27.000Z","0058c00000BxeO9AAJ","2025-07-10T00:09:42.000Z","0058c00000BxeO9AAJ","2025-07-10T00:09:42.000Z","","","Picklist","a2B8c0000076lQREAY","false","false","How do you typically pay your monthly bills?","7.0","a30Ho000006ve9TIAQ","","","","","","","",""
"a308c000000BgqDAAS","0058c00000BxeO9AAJ","false","Q-000516","2023-10-31T13:56:27.000Z","0058c00000BxeO9AAJ","2025-07-10T00:09:42.000Z","0058c00000BxeO9AAJ","2025-07-10T00:09:42.000Z","","","Picklist","a2B8c0000076lQREAY","true","false","How often do you send money out of the country?","0.0","a30Ho000006ve9UIAQ","","","","","","","",""
"a308c000000BgqEAAS","0058c00000BxeO9AAJ","false","Q-000517","2023-10-31T13:56:27.000Z","0058c00000BxeO9AAJ","2025-07-10T00:09:42.000Z","0058c00000BxeO9AAJ","2025-07-10T00:09:42.000Z","","","Picklist","a2B8c0000076lQREAY","false","false","How much in cash are you typically depositing?","3.0","a30Ho000006ve9WIAQ","","","","","","","",""
"a308c000000BgqFAAS","0058c00000BxeO9AAJ","false","Q-000518","2023-10-31T13:56:27.000Z","0058c00000BxeO9AAJ","2025-07-10T00:09:42.000Z","0058c00000BxeO9AAJ","2025-07-10T00:09:42.000Z","","","Picklist","a2B8c0000076lQREAY","false","false","What type of automatic payments do you have coming out of your accounts?","5.0","a30Ho000006ve9YIAQ","","","","","","","",""
"a308c000000BgqGAAS","0058c00000BxeO9AAJ","false","Q-000519","2023-10-31T13:56:27.000Z","0058c00000BxeO9AAJ","2025-07-10T00:09:42.000Z","0058c00000BxeO9AAJ","2025-07-10T00:09:42.000Z","","","Picklist","a2B8c0000076lQREAY","false","false","In the next year, do you plan to move locally or relocate?","9.0","a30Ho000006ve9ZIAQ","","","","","","","",""
"a308c000000BgqHAAS","0058c00000BxeO9AAJ","false","Q-000520","2023-10-31T13:56:27.000Z","0058c00000BxeO9AAJ","2025-07-10T00:09:42.000Z","0058c00000BxeO9AAJ","2025-07-10T00:09:42.000Z","","","Picklist","a2B8c0000076lQREAY","false","false","In the next year, do you plan to buy or sell any real estate?","10.0","a30Ho000006ve9aIAA","","","","","","","",""
"a308c000000BgqIAAS","0058c00000BxeO9AAJ","false","Q-000521","2023-10-31T13:56:27.000Z","0058c00000BxeO9AAJ","2025-07-10T00:09:42.000Z","0058c00000BxeO9AAJ","2025-07-10T00:09:42.000Z","","","Picklist","a2B8c0000076lQREAY","false","false","In the next year, do you plan reevaluate how you are planning for your retirement?","11.0","a30Ho000006ve9bIAA","","","","","","","",""
"a308c000000BgytAAC","0058c00000BxeO9AAJ","false","Q-000538","2024-03-05T13:23:05.000Z","0058c00000BxeO9AAJ","2025-07-10T00:09:42.000Z","0058c00000BxeO9AAJ","2025-07-10T00:09:42.000Z","","","Picklist","a2B8c000000OrYREA0","false","false","How often do you expect to send money overseas?","3.0","a30Ho000006ve9cIAA","","","","","","","",""
"a308c000000BgyuAAC","0058c00000BxeO9AAJ","false","Q-000539","2024-03-05T13:23:05.000Z","0058c00000BxeO9AAJ","2025-07-10T00:09:42.000Z","0058c00000BxeO9AAJ","2025-07-10T00:09:42.000Z","","","Picklist","a2B8c000000OrYREA0","true","false","How much will your business deposit in cash on a daily basis?","5.0","a30Ho000006ve9dIAA","","","","","","","",""
"a308c000000BgyvAAC","0058c00000BxeO9AAJ","false","Q-000540","2024-03-05T13:23:05.000Z","0058c00000BxeO9AAJ","2025-07-10T00:09:42.000Z","0058c00000BxeO9AAJ","2025-07-10T00:09:42.000Z","","","Picklist","a2B8c000000OrYREA0","false","false","Are you registered as a Money Service Business with the state in which you operate?","9.0","a30Ho000006ve9eIAA","","","","","","","",""
"a308c000000BgywAAC","0058c00000BxeO9AAJ","false","Q-000541","2024-03-05T13:23:05.000Z","0058c00000BxeO9AAJ","2025-07-10T00:09:42.000Z","0058c00000BxeO9AAJ","2025-07-10T00:09:42.000Z","","","Picklist","a2B8c000000OrYREA0","false","false","May I tell you more about our Treasury Services?","12.0","a30Ho000006ve9fIAA","","","","","","","",""
"a308c000000BgyxAAC","0058c00000BxeO9AAJ","false","Q-000542","2024-03-05T13:23:05.000Z","0058c00000BxeO9AAJ","2025-07-10T00:09:42.000Z","0058c00000BxeO9AAJ","2025-07-10T00:09:42.000Z","","","Picklist","a2B8c000000OrYREA0","false","false","What types of banking services do you typically use?","11.0","a30Ho000006ve9gIAA","","","","","","","",""
"a308c000000BgyyAAC","0058c00000BxeO9AAJ","false","Q-000543","2024-03-05T13:23:05.000Z","0058c00000BxeO9AAJ","2025-07-10T00:09:42.000Z","0058c00000BxeO9AAJ","2025-07-10T00:09:42.000Z","","","Picklist","a2B8c000000OrYREA0","false","false","In the next year do you plan to buy or sell any real estate?","14.0","a30Ho000006ve9hIAA","","","","","","","",""
"a308c000000BgyzAAC","0058c00000BxeO9AAJ","false","Q-000544","2024-03-05T13:23:05.000Z","0058c00000BxeO9AAJ","2025-07-10T00:09:42.000Z","0058c00000BxeO9AAJ","2025-07-10T00:09:42.000Z","","","Picklist","a2B8c000000OrYREA0","false","false","In the next year, do you plan to add additional locations?","13.0","a30Ho000006ve9iIAA","","","","","","","",""
"a308c000000Bgz0AAC","0058c00000BxeO9AAJ","false","Q-000545","2024-03-05T13:23:05.000Z","0058c00000BxeO9AAJ","2025-07-10T00:09:42.000Z","0058c00000BxeO9AAJ","2025-07-10T00:09:42.000Z","","","Picklist","a2B8c000000OrYREA0","false","false","In the next year do you plan to reevaluate retirement options for yourself or your employees?","15.0","a30Ho000006ve9jIAA","","","","","","","",""
"a308c000000Bgz1AAC","0058c00000BxeO9AAJ","false","Q-000546","2024-03-05T13:23:05.000Z","0058c00000BxeO9AAJ","2025-07-10T00:09:42.000Z","0058c00000BxeO9AAJ","2025-07-10T00:09:42.000Z","","","Picklist","a2B8c000000OrYREA0","false","false","In the next year do you plan to purchase or refinance any business associated assets?","16.0","a30Ho000006ve9kIAA","","","","","","","",""
"a308c000000Bgz2AAC","0058c00000BxeO9AAJ","false","Q-000547","2024-03-05T13:23:05.000Z","0058c00000BxeO9AAJ","2025-07-10T00:09:42.000Z","0058c00000BxeO9AAJ","2025-07-10T00:09:42.000Z","","","Picklist","a2B8c000000OrYKEA0","false","false","Does this transaction intend to support the purchase of assets from an affiliate?","2.0","a30Ho000006ve9oIAA","","","","","","","",""
"a308c000000Bgz3AAC","0058c00000BxeO9AAJ","false","Q-000548","2024-03-05T13:23:05.000Z","0058c00000BxeO9AAJ","2025-07-10T00:09:42.000Z","0058c00000BxeO9AAJ","2025-07-10T00:09:42.000Z","","","Picklist","a2B8c000000OrYKEA0","false","false","Is any borrower, co-borrower, or guarantor company directly or indirectly controlled, sponsored, or advised by our bank?","0.0","a30Ho000006ve9mIAA","","","","","","","",""
"a308c000000Bgz4AAC","0058c00000BxeO9AAJ","false","Q-000549","2024-03-05T13:23:05.000Z","0058c00000BxeO9AAJ","2025-07-10T00:09:42.000Z","0058c00000BxeO9AAJ","2025-07-10T00:09:42.000Z","","","Picklist","a2B8c000000OrYKEA0","false","false","I certify that Reg W applies to this loan.","5.0","a30Ho000006ve9nIAA","","","","","","","",""
"a308c000000Bgz5AAC","0058c00000BxeO9AAJ","false","Q-000550","2024-03-05T13:23:05.000Z","0058c00000BxeO9AAJ","2025-07-10T00:09:42.000Z","0058c00000BxeO9AAJ","2025-07-10T00:09:42.000Z","","","Picklist","a2B8c000000OrYKEA0","false","false","Does this transaction contain a guarantee on behalf of an affiliate?","3.0","a30Ho000006ve9lIAA","","","","","","","",""
"a308c000000Bgz6AAC","0058c00000BxeO9AAJ","false","Q-000551","2024-03-05T13:23:05.000Z","0058c00000BxeO9AAJ","2025-07-10T00:09:42.000Z","0058c00000BxeO9AAJ","2025-07-10T00:09:42.000Z","","","Picklist","a2B8c000000OrYKEA0","false","false","Does this transaction help to invest in securities issued by an affiliate?","1.0","a30Ho000006ve9pIAA","","","","","","","",""
"a308c000000Bgz7AAC","0058c00000BxeO9AAJ","false","Q-000552","2024-03-05T13:23:05.000Z","0058c00000BxeO9AAJ","2025-07-10T00:09:42.000Z","0058c00000BxeO9AAJ","2025-07-10T00:09:42.000Z","","","Picklist","a2B8c000000OrYKEA0","false","false","Does this transaction utilize as collateral any securities issued by an affiliate?","4.0","a30Ho000006ve9qIAA","","","","","","","",""
"a308c000000Bgz8AAC","0058c00000BxeO9AAJ","false","Q-000553","2024-03-05T13:23:05.000Z","0058c00000BxeO9AAJ","2025-07-10T00:09:42.000Z","0058c00000BxeO9AAJ","2025-07-10T00:09:42.000Z","","","Text","a2B8c000000OrYKEA0","false","false","Please describe how the subject transaction is in compliance with market terms and arms length definitions as defined in Reg W.","6.0","a30Ho000006ve9rIAA","","","","","","","",""
"a308c000000Bgz9AAC","0058c00000BxeO9AAJ","false","Q-000554","2024-03-05T13:23:05.000Z","0058c00000BxeO9AAJ","2025-07-10T00:09:42.000Z","0058c00000BxeO9AAJ","2025-07-10T00:09:42.000Z","","","Picklist","a2B8c000000OrYPEA0","false","false","Is this loan secured by a residential dwelling including: 1-2 Family home (condominium) Manufactured housing (with or without land) Multi-family dwelling (five or more units)?","0.0","a304x000000EWmiAAG","","","","","","","",""
"a308c000000BgzAAAS","0058c00000BxeO9AAJ","false","Q-000555","2024-03-05T13:23:05.000Z","0058c00000BxeO9AAJ","2025-07-10T00:09:42.000Z","0058c00000BxeO9AAJ","2025-07-10T00:09:42.000Z","","","Picklist","a2B8c000000OrYPEA0","true","false","I certify that this loan has been marked HMDA Reportable and the applicable loan details have been populated.","4.0","a304x000000EWmjAAG","","","","","","","",""
"a308c000000BgzBAAS","0058c00000BxeO9AAJ","false","Q-000556","2024-03-05T13:23:05.000Z","0058c00000BxeO9AAJ","2025-07-10T00:09:42.000Z","0058c00000BxeO9AAJ","2025-07-10T00:09:42.000Z","","","Picklist","a2B8c000000OrYPEA0","false","false","Is this loan purpose to purchase, improve, or refinance a dwelling?","1.0","a304x000000EWmkAAG","","","","","","","",""
"a308c000000BgzCAAS","0058c00000BxeO9AAJ","false","Q-000557","2024-03-05T13:23:05.000Z","0058c00000BxeO9AAJ","2025-07-10T00:09:42.000Z","0058c00000BxeO9AAJ","2025-07-10T00:09:42.000Z","","","Picklist","a2B8c000000OrYPEA0","true","false","Is the loan (not secured by residential dwelling) for the purpose of imporving (repair, rehabilitation, or renovating) a residential dwelling AND the bank classified it as a home improvement loan?","2.0","a304x000000EWmlAAG","","","","","","","",""
"a308c000000BgzDAAS","0058c00000BxeO9AAJ","false","Q-000558","2024-03-05T13:23:05.000Z","0058c00000BxeO9AAJ","2025-07-10T00:09:42.000Z","0058c00000BxeO9AAJ","2025-07-10T00:09:42.000Z","","","Picklist","a2B8c000000OrYPEA0","false","false","Is this loan a construction-only, bridge loan, or other temporary financing expected to be replaced with permanent financing?","3.0","a304x000000EWmmAAG","","","","","","","",""
"a308c000000BgzEAAS","0058c00000BxeO9AAJ","false","Q-000559","2024-03-05T13:23:05.000Z","0058c00000BxeO9AAJ","2025-07-10T00:09:42.000Z","0058c00000BxeO9AAJ","2025-07-10T00:09:42.000Z","","","Picklist","a2B8c000000OrYPEA0","true","false","I certify that this loan IS NOT HMDA Reportable.","4.0","a304x000000EWmnAAG","","","","","","","",""
"a308c000000BgzFAAS","0058c00000BxeO9AAJ","false","Q-000560","2024-03-05T13:23:05.000Z","0058c00000BxeO9AAJ","2025-07-10T00:09:42.000Z","0058c00000BxeO9AAJ","2025-07-10T00:09:42.000Z","","","Picklist","a2B8c000000OrYJEA0","false","false","Is any borrower, co-borrower, or guarantor an executive officer, director, or principal shareholder of that bank, of a bank holding company of which the member bank is a subsidiary, and of any other subsidiary of that bank holding company?","0.0","a304x000000EWmoAAG","","","","","","","",""
"a308c000000BgzGAAS","0058c00000BxeO9AAJ","false","Q-000561","2024-03-05T13:23:05.000Z","0058c00000BxeO9AAJ","2025-07-10T00:09:42.000Z","0058c00000BxeO9AAJ","2025-07-10T00:09:42.000Z","","","Picklist","a2B8c000000OrYJEA0","true","false","If any borrower, co-borrower, or guarantor of this loan is an employee of the bank or any affiliates, I certify I have indicated this is an ""Employee Loan"".","1.0","a304x000000EWmpAAG","","","","","","","",""
"a308c000000BgzHAAS","0058c00000BxeO9AAJ","false","Q-000562","2024-03-05T13:23:05.000Z","0058c00000BxeO9AAJ","2025-07-10T00:09:42.000Z","0058c00000BxeO9AAJ","2025-07-10T00:09:42.000Z","","","Picklist","a2B8c000000OrYJEA0","true","false","I certify this loan has been marked as ""Reg O Reportable"".","2.0","a304x000000EWmqAAG","","","","","","","",""
"a308c000000BgzIAAS","0058c00000BxeO9AAJ","false","Q-000563","2024-03-05T13:23:05.000Z","0058c00000BxeO9AAJ","2025-07-10T00:09:42.000Z","0058c00000BxeO9AAJ","2025-07-10T00:09:42.000Z","","","Picklist","a2B8c000000OrYPEA0","false","false","I certify that this loan has been marked HMDA Reportable and the applicable loan details have been populated.","4.0","a304x000000EWmrAAG","","","","","","","",""
"a308c000000BgzJAAS","0058c00000BxeO9AAJ","false","Q-000564","2024-03-05T13:23:05.000Z","0058c00000BxeO9AAJ","2025-07-10T00:09:42.000Z","0058c00000BxeO9AAJ","2025-07-10T00:09:42.000Z","","","Picklist","a2B8c000000OrYJEA0","false","false","If any borrower, co-borrower, or guarantor of this loan is an employee of the bank or any affiliates, I certify I have indicated this is an ""Employee Loan"".","1.0","a304x000000EWmsAAG","","","","","","","",""
"a308c000000BgzKAAS","0058c00000BxeO9AAJ","false","Q-000565","2024-03-05T13:23:05.000Z","0058c00000BxeO9AAJ","2025-07-10T00:09:42.000Z","0058c00000BxeO9AAJ","2025-07-10T00:09:42.000Z","","","Picklist","a2B8c000000OrYJEA0","false","false","I certify this loan has been marked as ""Reg O Reportable"".","2.0","a304x000000EWmtAAG","","","","","","","",""
"a308c000000BgzLAAS","0058c00000BxeO9AAJ","false","Q-000566","2024-03-05T13:23:05.000Z","0058c00000BxeO9AAJ","2025-07-10T00:09:42.000Z","0058c00000BxeO9AAJ","2025-07-10T00:09:42.000Z","","","Picklist","a2B8c000000OrYMEA0","false","false","Is this loan HMDA reportable?","0.0","a304x000000EWmwAAG","","","","","","","",""
"a308c000000BgzMAAS","0058c00000BxeO9AAJ","false","Q-000567","2024-03-05T13:23:05.000Z","0058c00000BxeO9AAJ","2025-07-10T00:09:42.000Z","0058c00000BxeO9AAJ","2025-07-10T00:09:42.000Z","","","Picklist","a2B8c000000OrYMEA0","false","false","Is this loan a renewal, extension or modification of a previously HMDA reportable file?","1.0","a304x000000EWmxAAG","","","","","","","",""
"a308c000000BgzNAAS","0058c00000BxeO9AAJ","false","Q-000568","2024-03-05T13:23:05.000Z","0058c00000BxeO9AAJ","2025-07-10T00:09:42.000Z","0058c00000BxeO9AAJ","2025-07-10T00:09:42.000Z","","","Picklist","a2B8c000000OrYMEA0","false","false","Is this loan for business purposes?","2.0","a304x000000EWmyAAG","","","","","","","",""
"a308c000000BgzOAAS","0058c00000BxeO9AAJ","false","Q-000569","2024-03-05T13:23:05.000Z","0058c00000BxeO9AAJ","2025-07-10T00:09:42.000Z","0058c00000BxeO9AAJ","2025-07-10T00:09:42.000Z","","","Picklist","a2B8c000000OrYMEA0","false","false","Is the loan amount $1 Million or less?","3.0","a304x000000EWmzAAG","","","","","","","",""
"a308c000000BgzPAAS","0058c00000BxeO9AAJ","false","Q-000570","2024-03-05T13:23:05.000Z","0058c00000BxeO9AAJ","2025-07-10T00:09:42.000Z","0058c00000BxeO9AAJ","2025-07-10T00:09:42.000Z","","","Picklist","a2B8c000000OrYMEA0","false","false","Is this loan an origination?","4.0","a304x000000EWn0AAG","","","","","","","",""
"a308c000000BgzQAAS","0058c00000BxeO9AAJ","false","Q-000571","2024-03-05T13:23:05.000Z","0058c00000BxeO9AAJ","2025-07-10T00:09:42.000Z","0058c00000BxeO9AAJ","2025-07-10T00:09:42.000Z","","","Picklist","a2B8c000000OrYMEA0","false","false","I certify that this loan is CRA reportable?","6.0","a304x000000EWn1AAG","","","","","","","",""
"a308c000000BgzRAAS","0058c00000BxeO9AAJ","false","Q-000572","2024-03-05T13:23:05.000Z","0058c00000BxeO9AAJ","2025-07-10T00:09:42.000Z","0058c00000BxeO9AAJ","2025-07-10T00:09:42.000Z","","","Picklist","a2B8c000000OrYLEA0","false","true","Will this loan be used for construction of:","0.0","a304x000000EWn2AAG","","","","","","","",""
"a308c000000BgzSAAS","0058c00000BxeO9AAJ","false","Q-000573","2024-03-05T13:23:05.000Z","0058c00000BxeO9AAJ","2025-07-10T00:09:42.000Z","0058c00000BxeO9AAJ","2025-07-10T00:09:42.000Z","","","Picklist","a2B8c000000OrYLEA0","false","false","Is the LTV ratio less than or equal to the applicable maximum supervisory LTV ratio?","1.0","a304x000000EWn3AAG","","","","","","","",""
"a308c000000BgzTAAS","0058c00000BxeO9AAJ","false","Q-000574","2024-03-05T13:23:05.000Z","0058c00000BxeO9AAJ","2025-07-10T00:09:42.000Z","0058c00000BxeO9AAJ","2025-07-10T00:09:42.000Z","","","Picklist","a2B8c000000OrYLEA0","false","false","Has the borrower contributed capital to the project in the form of cash or unencumbered readily marketable assets (must contribute to the project) estate's appraised ""as completed"" value?","2.0","a304x000000EWn4AAG","","","","","","","",""
"a308c000000BgzUAAS","0058c00000BxeO9AAJ","false","Q-000575","2024-03-05T13:23:05.000Z","0058c00000BxeO9AAJ","2025-07-10T00:09:42.000Z","0058c00000BxeO9AAJ","2025-07-10T00:09:42.000Z","","","Picklist","a2B8c000000OrYLEA0","false","false","The borrower contributed the amount of capital required, described above, prior to the bank advancing any funds under the credit facility?","3.0","a304x000000EWn5AAG","","","","","","","",""
"a308c000000BgzVAAS","0058c00000BxeO9AAJ","false","Q-000576","2024-03-05T13:23:05.000Z","0058c00000BxeO9AAJ","2025-07-10T00:09:42.000Z","0058c00000BxeO9AAJ","2025-07-10T00:09:42.000Z","","","Picklist","a2B8c000000OrYLEA0","false","false","The capital contributed by the borrower, or internally generated by the project, is contractually required to remain in the project throughout the life of the project?","4.0","a304x000000EWn6AAG","","","","","","","",""
"a308c000000BgzWAAS","0058c00000BxeO9AAJ","false","Q-000577","2024-03-05T13:23:05.000Z","0058c00000BxeO9AAJ","2025-07-10T00:09:42.000Z","0058c00000BxeO9AAJ","2025-07-10T00:09:42.000Z","","","Picklist","a2B8c000000OrYLEA0","false","false","I certify this transaction has been indicated as a HVCRE reportable transaction?","5.0","a304x000000EWn7AAG","","","","","","","",""
"a308c000000BgzXAAS","0058c00000BxeO9AAJ","false","Q-000578","2024-03-05T13:23:05.000Z","0058c00000BxeO9AAJ","2025-07-10T00:09:42.000Z","0058c00000BxeO9AAJ","2025-07-10T00:09:42.000Z","","","Picklist","a2B8c000000OrYREA0","false","false","What is your expected annual revenue?","0.0","a304x000000EWn8AAG","","","","","","","",""
"a308c000000BgzYAAS","0058c00000BxeO9AAJ","false","Q-000579","2024-03-05T13:23:05.000Z","0058c00000BxeO9AAJ","2025-07-10T00:09:42.000Z","0058c00000BxeO9AAJ","2025-07-10T00:09:42.000Z","","","Picklist","a2B8c000000OrYREA0","false","false","What is your expected annual expenses?","1.0","a304x000000EWn9AAG","","","","","","","",""
"a308c000000BgzZAAS","0058c00000BxeO9AAJ","false","Q-000580","2024-03-05T13:23:05.000Z","0058c00000BxeO9AAJ","2025-07-10T00:09:42.000Z","0058c00000BxeO9AAJ","2025-07-10T00:09:42.000Z","","","Picklist","a2B8c000000OrYREA0","false","false","Do you expect to conduct international transactions?","2.0","a304x000000EWnAAAW","","","","","","","",""
"a308c000000BgzaAAC","0058c00000BxeO9AAJ","false","Q-000581","2024-03-05T13:23:05.000Z","0058c00000BxeO9AAJ","2025-07-10T00:09:42.000Z","0058c00000BxeO9AAJ","2025-07-10T00:09:42.000Z","","","Picklist","a2B8c000000OrYREA0","false","false","How much will your business deposit in cash on a daily basis?","4.0","a304x000000EWnBAAW","","","","","","","",""
"a308c000000BgzbAAC","0058c00000BxeO9AAJ","false","Q-000582","2024-03-05T13:23:05.000Z","0058c00000BxeO9AAJ","2025-07-10T00:09:42.000Z","0058c00000BxeO9AAJ","2025-07-10T00:09:42.000Z","","","Picklist","a2B8c000000OrYREA0","false","false","How long have you been in business?","5.0","a304x000000EWnCAAW","","","","","","","",""
"a308c000000BgzcAAC","0058c00000BxeO9AAJ","false","Q-000583","2024-03-05T13:23:05.000Z","0058c00000BxeO9AAJ","2025-07-10T00:09:42.000Z","0058c00000BxeO9AAJ","2025-07-10T00:09:42.000Z","","","Picklist","a2B8c000000OrYREA0","false","false","What amount do you intend to maintain in this account?","6.0","a304x000000EWnDAAW","","","","","","","",""
"a308c000000BgzdAAC","0058c00000BxeO9AAJ","false","Q-000584","2024-03-05T13:23:05.000Z","0058c00000BxeO9AAJ","2025-07-10T00:09:42.000Z","0058c00000BxeO9AAJ","2025-07-10T00:09:42.000Z","","","Picklist","a2B8c000000OrYREA0","false","false","How will you be using this account?","7.0","a304x000000EWnEAAW","","","","","","","",""
"a308c000000BgzeAAC","0058c00000BxeO9AAJ","false","Q-000585","2024-03-05T13:23:05.000Z","0058c00000BxeO9AAJ","2025-07-10T00:09:42.000Z","0058c00000BxeO9AAJ","2025-07-10T00:09:42.000Z","","","Picklist","a2B8c000000OrYREA0","false","false","Do any of the following apply to your business?","8.0","a304x000000EWnFAAW","","","","","","","",""
"a308c000000BgzfAAC","0058c00000BxeO9AAJ","false","Q-000586","2024-03-05T13:23:05.000Z","0058c00000BxeO9AAJ","2025-07-10T00:09:42.000Z","0058c00000BxeO9AAJ","2025-07-10T00:09:42.000Z","","","Picklist","a2B8c000000OrYREA0","false","false","May I ask you a few more questions to better understand your needs?","10.0","a304x000000EWnGAAW","","","","","","","",""
"a308c000000BgzgAAC","0058c00000BxeO9AAJ","false","Q-000587","2024-03-05T13:23:05.000Z","0058c00000BxeO9AAJ","2025-07-10T00:09:42.000Z","0058c00000BxeO9AAJ","2025-07-10T00:09:42.000Z","","","Picklist","a2B8c000000OrYPEA0","false","false","Is the loan (not secured by residential dwelling) for the purpose of improving (repair, rehabilitation, or renovating) a residential dwelling AND the bank classified it as a home improvement loan?","2.0","a304x000000EWnHAAW","","","","","","","",""
"a308c000000BgzhAAC","0058c00000BxeO9AAJ","false","Q-000588","2024-03-05T13:23:06.000Z","0058c00000BxeO9AAJ","2025-07-10T00:09:42.000Z","0058c00000BxeO9AAJ","2025-07-10T00:09:42.000Z","","","Picklist","a2B8c000000OrYPEA0","false","false","I certify that this loan IS NOT HMDA Reportable.","5.0","a304x000000EWnIAAW","","","","","","","",""
"a308c000000BgziAAC","0058c00000BxeO9AAJ","false","Q-000589","2024-03-05T13:23:06.000Z","0058c00000BxeO9AAJ","2025-07-10T00:09:42.000Z","0058c00000BxeO9AAJ","2025-07-10T00:09:42.000Z","","","Picklist","a2B8c000000OrYLEA0","false","false","I certify this transaction is NOT HVCRE reportable","6.0","a304x000000EWnOAAW","","","","","","","",""
"a308c000000BgzjAAC","0058c00000BxeO9AAJ","false","Q-000590","2024-03-05T13:23:06.000Z","0058c00000BxeO9AAJ","2025-07-10T00:09:42.000Z","0058c00000BxeO9AAJ","2025-07-10T00:09:42.000Z","","","Picklist","a2B8c000000OrYMEA0","false","false","I certify this loan is not CRA reportable?","5.0","a304x000000EWnPAAW","","","","","","","",""
"a308c000000BgzkAAC","0058c00000BxeO9AAJ","false","Q-000591","2024-03-05T13:23:06.000Z","0058c00000BxeO9AAJ","2025-07-10T00:09:42.000Z","0058c00000BxeO9AAJ","2025-07-10T00:09:42.000Z","","","Picklist","a2B8c0000076lQREAY","false","false","How often do you send money out of the country?","0.0","a304x000000EWnQAAW","","","","","","","",""
"a308c000000BgzlAAC","0058c00000BxeO9AAJ","false","Q-000592","2024-03-05T13:23:06.000Z","0058c00000BxeO9AAJ","2025-07-10T00:09:42.000Z","0058c00000BxeO9AAJ","2025-07-10T00:09:42.000Z","","","Picklist","a2B8c0000076lQREAY","false","false","May I ask you a few more questions to better understand your needs?","4.0","a304x000000EWnRAAW","","","","","","","",""
"a308c000000BgzmAAC","0058c00000BxeO9AAJ","false","Q-000593","2024-03-05T13:23:06.000Z","0058c00000BxeO9AAJ","2025-07-10T00:09:42.000Z","0058c00000BxeO9AAJ","2025-07-10T00:09:42.000Z","","","Picklist","a2B8c0000076lQREAY","false","false","How do you prefer to monitor your account activity?","8.0","a304x000000EWnSAAW","","","","","","","",""
"a308c000000BgznAAC","0058c00000BxeO9AAJ","false","Q-000594","2024-03-05T13:23:06.000Z","0058c00000BxeO9AAJ","2025-07-10T00:09:42.000Z","0058c00000BxeO9AAJ","2025-07-10T00:09:42.000Z","","","Picklist","a2B8c0000076lQREAY","false","false","How do you typically pay for purchases?","6.0","a304x000000EWnTAAW","","","","","","","",""
"a308c000000BgzoAAC","0058c00000BxeO9AAJ","false","Q-000595","2024-03-05T13:23:06.000Z","0058c00000BxeO9AAJ","2025-07-10T00:09:42.000Z","0058c00000BxeO9AAJ","2025-07-10T00:09:42.000Z","","","Picklist","a2B8c0000076lQREAY","false","false","How do you typically pay your monthly bills?","7.0","a304x000000EWnUAAW","","","","","","","",""
"a308c000000BgzpAAC","0058c00000BxeO9AAJ","false","Q-000596","2024-03-05T13:23:06.000Z","0058c00000BxeO9AAJ","2025-07-10T00:09:42.000Z","0058c00000BxeO9AAJ","2025-07-10T00:09:42.000Z","","","Picklist","a2B8c0000076lQREAY","true","false","How often do you send money out of the country?","0.0","a304x000000EWnVAAW","","","","","","","",""
"a308c000000BgzqAAC","0058c00000BxeO9AAJ","false","Q-000597","2024-03-05T13:23:06.000Z","0058c00000BxeO9AAJ","2025-07-10T00:09:42.000Z","0058c00000BxeO9AAJ","2025-07-10T00:09:42.000Z","","","Picklist","a2B8c0000076lQREAY","false","false","Do you typically make cash deposits?","2.0","a304x000000EWnWAAW","","","","","","","",""
"a308c000000BgzrAAC","0058c00000BxeO9AAJ","false","Q-000598","2024-03-05T13:23:06.000Z","0058c00000BxeO9AAJ","2025-07-10T00:09:42.000Z","0058c00000BxeO9AAJ","2025-07-10T00:09:42.000Z","","","Picklist","a2B8c0000076lQREAY","false","false","How much in cash are you typically depositing?","3.0","a304x000000EWnXAAW","","","","","","","",""
"a308c000000BgzsAAC","0058c00000BxeO9AAJ","false","Q-000599","2024-03-05T13:23:06.000Z","0058c00000BxeO9AAJ","2025-07-10T00:09:42.000Z","0058c00000BxeO9AAJ","2025-07-10T00:09:42.000Z","","","Picklist","a2B8c0000076lQREAY","false","false","How do you typically make your deposits?","1.0","a304x000000EWnYAAW","","","","","","","",""
"a308c000000BgztAAC","0058c00000BxeO9AAJ","false","Q-000600","2024-03-05T13:23:06.000Z","0058c00000BxeO9AAJ","2025-07-10T00:09:42.000Z","0058c00000BxeO9AAJ","2025-07-10T00:09:42.000Z","","","Picklist","a2B8c0000076lQREAY","false","false","What type of automatic payments do you have coming out of your accounts?","5.0","a304x000000EWnZAAW","","","","","","","",""
"a308c000000BgzuAAC","0058c00000BxeO9AAJ","false","Q-000601","2024-03-05T13:23:06.000Z","0058c00000BxeO9AAJ","2025-07-10T00:09:42.000Z","0058c00000BxeO9AAJ","2025-07-10T00:09:42.000Z","","","Picklist","a2B8c0000076lQREAY","false","false","In the next year, do you plan to move locally or relocate?","9.0","a304x000000EWnaAAG","","","","","","","",""
"a308c000000BgzvAAC","0058c00000BxeO9AAJ","false","Q-000602","2024-03-05T13:23:06.000Z","0058c00000BxeO9AAJ","2025-07-10T00:09:42.000Z","0058c00000BxeO9AAJ","2025-07-10T00:09:42.000Z","","","Picklist","a2B8c0000076lQREAY","false","false","In the next year, do you plan to buy or sell any real estate?","10.0","a304x000000EWnbAAG","","","","","","","",""
"a308c000000BgzwAAC","0058c00000BxeO9AAJ","false","Q-000603","2024-03-05T13:23:06.000Z","0058c00000BxeO9AAJ","2025-07-10T00:09:42.000Z","0058c00000BxeO9AAJ","2025-07-10T00:09:42.000Z","","","Picklist","a2B8c0000076lQREAY","false","false","In the next year, do you plan reevaluate how you are planning for your retirement?","11.0","a304x000000EWncAAG","","","","","","","",""
"a308c000000BgzxAAC","0058c00000BxeO9AAJ","false","Q-000604","2024-03-05T13:23:06.000Z","0058c00000BxeO9AAJ","2025-07-10T00:09:42.000Z","0058c00000BxeO9AAJ","2025-07-10T00:09:42.000Z","","","Picklist","a2B8c000000OrYREA0","false","false","How often do you expect to send money overseas?","3.0","a304x000000EWndAAG","","","","","","","",""
"a308c000000BgzyAAC","0058c00000BxeO9AAJ","false","Q-000605","2024-03-05T13:23:06.000Z","0058c00000BxeO9AAJ","2025-07-10T00:09:42.000Z","0058c00000BxeO9AAJ","2025-07-10T00:09:42.000Z","","","Picklist","a2B8c000000OrYREA0","true","false","How much will your business deposit in cash on a daily basis?","5.0","a304x000000EWneAAG","","","","","","","",""
"a308c000000BgzzAAC","0058c00000BxeO9AAJ","false","Q-000606","2024-03-05T13:23:06.000Z","0058c00000BxeO9AAJ","2025-07-10T00:09:42.000Z","0058c00000BxeO9AAJ","2025-07-10T00:09:42.000Z","","","Picklist","a2B8c000000OrYREA0","false","false","Are you registered as a Money Service Business with the state in which you operate?","9.0","a304x000000EWnfAAG","","","","","","","",""
"a308c000000Bh00AAC","0058c00000BxeO9AAJ","false","Q-000607","2024-03-05T13:23:06.000Z","0058c00000BxeO9AAJ","2025-07-10T00:09:42.000Z","0058c00000BxeO9AAJ","2025-07-10T00:09:42.000Z","","","Picklist","a2B8c000000OrYREA0","false","false","May I tell you more about our Treasury Services?","12.0","a304x000000EWngAAG","","","","","","","",""
"a308c000000Bh01AAC","0058c00000BxeO9AAJ","false","Q-000608","2024-03-05T13:23:06.000Z","0058c00000BxeO9AAJ","2025-07-10T00:09:42.000Z","0058c00000BxeO9AAJ","2025-07-10T00:09:42.000Z","","","Picklist","a2B8c000000OrYREA0","false","false","What types of banking services do you typically use?","11.0","a304x000000EWnhAAG","","","","","","","",""
"a308c000000Bh02AAC","0058c00000BxeO9AAJ","false","Q-000609","2024-03-05T13:23:06.000Z","0058c00000BxeO9AAJ","2025-07-10T00:09:42.000Z","0058c00000BxeO9AAJ","2025-07-10T00:09:42.000Z","","","Picklist","a2B8c000000OrYREA0","false","false","In the next year do you plan to buy or sell any real estate?","14.0","a304x000000EWniAAG","","","","","","","",""
"a308c000000Bh03AAC","0058c00000BxeO9AAJ","false","Q-000610","2024-03-05T13:23:06.000Z","0058c00000BxeO9AAJ","2025-07-10T00:09:42.000Z","0058c00000BxeO9AAJ","2025-07-10T00:09:42.000Z","","","Picklist","a2B8c000000OrYREA0","false","false","In the next year, do you plan to add additional locations?","13.0","a304x000000EWnjAAG","","","","","","","",""
"a308c000000Bh04AAC","0058c00000BxeO9AAJ","false","Q-000611","2024-03-05T13:23:06.000Z","0058c00000BxeO9AAJ","2025-07-10T00:09:42.000Z","0058c00000BxeO9AAJ","2025-07-10T00:09:42.000Z","","","Picklist","a2B8c000000OrYREA0","false","false","In the next year do you plan to reevaluate retirement options for yourself or your employees?","15.0","a304x000000EWnkAAG","","","","","","","",""
"a308c000000Bh05AAC","0058c00000BxeO9AAJ","false","Q-000612","2024-03-05T13:23:06.000Z","0058c00000BxeO9AAJ","2025-07-10T00:09:42.000Z","0058c00000BxeO9AAJ","2025-07-10T00:09:42.000Z","","","Picklist","a2B8c000000OrYREA0","false","false","In the next year do you plan to purchase or refinance any business associated assets?","16.0","a304x000000EWnlAAG","","","","","","","",""
"a308c000000Bh06AAC","0058c00000BxeO9AAJ","false","Q-000613","2024-03-05T13:23:06.000Z","0058c00000BxeO9AAJ","2025-07-10T00:09:42.000Z","0058c00000BxeO9AAJ","2025-07-10T00:09:42.000Z","","","Picklist","a2B8c000000OrYKEA0","false","false","Is any borrower, co-borrower, or guarantor company directly or indirectly controlled, sponsored, or advised by our bank?","0.0","a304x000000EWmuAAG","","","","","","","",""
"a308c000000Bh07AAC","0058c00000BxeO9AAJ","false","Q-000614","2024-03-05T13:23:06.000Z","0058c00000BxeO9AAJ","2025-07-10T00:09:42.000Z","0058c00000BxeO9AAJ","2025-07-10T00:09:42.000Z","","","Picklist","a2B8c000000OrYKEA0","false","false","I certify that Reg W applies to this loan.","5.0","a304x000000EWmvAAG","","","","","","","",""
"a308c000000Bh08AAC","0058c00000BxeO9AAJ","false","Q-000615","2024-03-05T13:23:06.000Z","0058c00000BxeO9AAJ","2025-07-10T00:09:42.000Z","0058c00000BxeO9AAJ","2025-07-10T00:09:42.000Z","","","Picklist","a2B8c000000OrYKEA0","false","false","Does this transaction intend to support the purchase of assets from an affiliate?","2.0","a304x000000EWnJAAW","","","","","","","",""
"a308c000000Bh09AAC","0058c00000BxeO9AAJ","false","Q-000616","2024-03-05T13:23:06.000Z","0058c00000BxeO9AAJ","2025-07-10T00:09:42.000Z","0058c00000BxeO9AAJ","2025-07-10T00:09:42.000Z","","","Picklist","a2B8c000000OrYKEA0","false","false","Does this transaction contain a guarantee on behalf of an affiliate?","3.0","a304x000000EWnKAAW","","","","","","","",""
"a308c000000Bh0AAAS","0058c00000BxeO9AAJ","false","Q-000617","2024-03-05T13:23:06.000Z","0058c00000BxeO9AAJ","2025-07-10T00:09:42.000Z","0058c00000BxeO9AAJ","2025-07-10T00:09:42.000Z","","","Picklist","a2B8c000000OrYKEA0","false","false","Does this transaction help to invest in securities issued by an affiliate?","1.0","a304x000000EWnLAAW","","","","","","","",""
"a308c000000Bh0BAAS","0058c00000BxeO9AAJ","false","Q-000618","2024-03-05T13:23:06.000Z","0058c00000BxeO9AAJ","2025-07-10T00:09:42.000Z","0058c00000BxeO9AAJ","2025-07-10T00:09:42.000Z","","","Picklist","a2B8c000000OrYKEA0","false","false","Does this transaction utilize as collateral any securities issued by an affiliate?","4.0","a304x000000EWnMAAW","","","","","","","",""
"a308c000000Bh0CAAS","0058c00000BxeO9AAJ","false","Q-000619","2024-03-05T13:23:06.000Z","0058c00000BxeO9AAJ","2025-07-10T00:09:42.000Z","0058c00000BxeO9AAJ","2025-07-10T00:09:42.000Z","","","Text","a2B8c000000OrYKEA0","false","false","Please describe how the subject transaction is in compliance with market terms and arms length definitions as defined in Reg W.","6.0","a304x000000EWnNAAW","","","","","","","",""
"a308c000000Bh0DAAS","0058c00000BxeO9AAJ","false","Q-000620","2024-03-05T13:23:06.000Z","0058c00000BxeO9AAJ","2025-07-10T00:09:42.000Z","0058c00000BxeO9AAJ","2025-07-10T00:09:42.000Z","","","Picklist","a2B8c0000076h4dEAA","false","false","How much will your business deposit in cash on a daily basis?","0.0","42250431224927151","","","","","","","",""
"a308c000000Bh0EAAS","0058c00000BxeO9AAJ","false","Q-000621","2024-03-05T13:23:06.000Z","0058c00000BxeO9AAJ","2025-07-10T00:09:42.000Z","0058c00000BxeO9AAJ","2025-07-10T00:09:42.000Z","","","Picklist","a2B8c0000076h4dEAA","false","false","Do any of the following apply to your business?","1.0","42887850024915696","","","","","","","",""
"a308c000000Bh0FAAS","0058c00000BxeO9AAJ","false","Q-000622","2024-03-05T13:23:06.000Z","0058c00000BxeO9AAJ","2025-07-10T00:09:42.000Z","0058c00000BxeO9AAJ","2025-07-10T00:09:42.000Z","","","Picklist","a2B8c0000076h4dEAA","false","false","Are you registered as a Money Service Business with the state in which you operate?""","2.0","42449084602332744","","","","","","","",""
"a308c000000GIOVAA4","0058c00000BxeO9AAJ","false","Q-000152","2022-03-29T14:36:02.000Z","0058c00000BxeO9AAJ","2025-07-10T00:09:42.000Z","0058c00000BxeO9AAJ","2025-07-10T00:09:42.000Z","","","Picklist","a2B8c000000OrYLEA0","false","false","The borrower contributed the amount of capital required, described above, prior to the bank advancing any funds under the credit facility?","3.0","a308c000000GIPZAA4","","","","","","","",""
"a308c000000GIOWAA4","0058c00000BxeO9AAJ","false","Q-000173","2022-03-29T14:36:02.000Z","0058c00000BxeO9AAJ","2025-07-10T00:09:42.000Z","0058c00000BxeO9AAJ","2025-07-10T00:09:42.000Z","","","Picklist","a2B8c0000076lQREAY","false","false","How often do you send money out of the country?","0.0","a308c000000GIPaAAO","","","","","","","",""
"a308c000000GIOXAA4","0058c00000BxeO9AAJ","false","Q-000181","2022-03-29T14:36:02.000Z","0058c00000BxeO9AAJ","2025-07-10T00:09:42.000Z","0058c00000BxeO9AAJ","2025-07-10T00:09:42.000Z","","","Picklist","a2B8c0000076lQREAY","false","false","How do you typically make your deposits?","1.0","a308c000000GIPbAAO","","","","","","","",""
"a308c000000GIOYAA4","0058c00000BxeO9AAJ","false","Q-000179","2022-03-29T14:36:02.000Z","0058c00000BxeO9AAJ","2025-07-10T00:09:42.000Z","0058c00000BxeO9AAJ","2025-07-10T00:09:42.000Z","","","Picklist","a2B8c0000076lQREAY","false","false","Do you typically make cash deposits?","2.0","a308c000000GIPcAAO","","","","","","","",""
"a308c000000GIOZAA4","0058c00000BxeO9AAJ","false","Q-000174","2022-03-29T14:36:02.000Z","0058c00000BxeO9AAJ","2025-07-10T00:09:42.000Z","0058c00000BxeO9AAJ","2025-07-10T00:09:42.000Z","","","Picklist","a2B8c0000076lQREAY","false","false","May I ask you a few more questions to better understand your needs?","4.0","a308c000000GIPdAAO","","","","","","","",""
"a308c000000GIOaAAO","0058c00000BxeO9AAJ","false","Q-000129","2022-03-29T14:36:02.000Z","0058c00000BxeO9AAJ","2025-07-10T00:09:42.000Z","0058c00000BxeO9AAJ","2025-07-10T00:09:42.000Z","","","Picklist","a2B8c000000OrYPEA0","false","false","Is this loan secured by a residential dwelling including: 1-2 Family home (condominium) Manufactured housing (with or without land) Multi-family dwelling (five or more units)?","0.0","a308c000000GIPeAAO","","","","","","","",""
"a308c000000GIObAAO","0058c00000BxeO9AAJ","false","Q-000130","2022-03-29T14:36:02.000Z","0058c00000BxeO9AAJ","2025-07-10T00:09:42.000Z","0058c00000BxeO9AAJ","2025-07-10T00:09:42.000Z","","","Picklist","a2B8c000000OrYPEA0","true","false","I certify that this loan has been marked HMDA Reportable and the applicable loan details have been populated.","4.0","a308c000000GIPfAAO","","","","","","","",""
"a308c000000GIOcAAO","0058c00000BxeO9AAJ","false","Q-000131","2022-03-29T14:36:02.000Z","0058c00000BxeO9AAJ","2025-07-10T00:09:42.000Z","0058c00000BxeO9AAJ","2025-07-10T00:09:42.000Z","","","Picklist","a2B8c000000OrYPEA0","false","false","Is this loan purpose to purchase, improve, or refinance a dwelling?","1.0","a308c000000GIPgAAO","","","","","","","",""
"a308c000000GIOdAAO","0058c00000BxeO9AAJ","false","Q-000132","2022-03-29T14:36:02.000Z","0058c00000BxeO9AAJ","2025-07-10T00:09:42.000Z","0058c00000BxeO9AAJ","2025-07-10T00:09:42.000Z","","","Picklist","a2B8c000000OrYPEA0","true","false","Is the loan (not secured by residential dwelling) for the purpose of imporving (repair, rehabilitation, or renovating) a residential dwelling AND the bank classified it as a home improvement loan?","2.0","a308c000000GIPhAAO","","","","","","","",""
"a308c000000GIOeAAO","0058c00000BxeO9AAJ","false","Q-000133","2022-03-29T14:36:02.000Z","0058c00000BxeO9AAJ","2025-07-10T00:09:42.000Z","0058c00000BxeO9AAJ","2025-07-10T00:09:42.000Z","","","Picklist","a2B8c000000OrYPEA0","false","false","Is this loan a construction-only, bridge loan, or other temporary financing expected to be replaced with permanent financing?","3.0","a308c000000GIPiAAO","","","","","","","",""
"a308c000000GIOfAAO","0058c00000BxeO9AAJ","false","Q-000134","2022-03-29T14:36:02.000Z","0058c00000BxeO9AAJ","2025-07-10T00:09:42.000Z","0058c00000BxeO9AAJ","2025-07-10T00:09:42.000Z","","","Picklist","a2B8c000000OrYPEA0","true","false","I certify that this loan IS NOT HMDA Reportable.","4.0","a308c000000GIPjAAO","","","","","","","",""
"a308c000000GIOgAAO","0058c00000BxeO9AAJ","false","Q-000135","2022-03-29T14:36:02.000Z","0058c00000BxeO9AAJ","2025-07-10T00:09:42.000Z","0058c00000BxeO9AAJ","2025-07-10T00:09:42.000Z","","","Picklist","a2B8c000000OrYJEA0","false","false","Is any borrower, co-borrower, or guarantor an executive officer, director, or principal shareholder of that bank, of a bank holding company of which the member bank is a subsidiary, and of any other subsidiary of that bank holding company?","0.0","a308c000000GIPkAAO","","","","","","","",""
"a308c000000GIOhAAO","0058c00000BxeO9AAJ","false","Q-000136","2022-03-29T14:36:02.000Z","0058c00000BxeO9AAJ","2025-07-10T00:09:42.000Z","0058c00000BxeO9AAJ","2025-07-10T00:09:42.000Z","","","Picklist","a2B8c000000OrYJEA0","true","false","If any borrower, co-borrower, or guarantor of this loan is an employee of the bank or any affiliates, I certify I have indicated this is an //""Employee Loan//"".","1.0","a308c000000GIPlAAO","","","","","","","",""
"a308c000000GIOiAAO","0058c00000BxeO9AAJ","false","Q-000137","2022-03-29T14:36:02.000Z","0058c00000BxeO9AAJ","2025-07-10T00:09:42.000Z","0058c00000BxeO9AAJ","2025-07-10T00:09:42.000Z","","","Picklist","a2B8c000000OrYJEA0","true","false","I certify this loan has been marked as //""Reg O Reportable//"".","2.0","a308c000000GIPmAAO","","","","","","","",""
"a308c000000GIOjAAO","0058c00000BxeO9AAJ","false","Q-000138","2022-03-29T14:36:02.000Z","0058c00000BxeO9AAJ","2025-07-10T00:09:42.000Z","0058c00000BxeO9AAJ","2025-07-10T00:09:42.000Z","","","Picklist","a2B8c000000OrYPEA0","false","false","I certify that this loan has been marked HMDA Reportable and the applicable loan details have been populated.","4.0","a308c000000GIPnAAO","","","","","","","",""
"a308c000000GIOkAAO","0058c00000BxeO9AAJ","false","Q-000139","2022-03-29T14:36:02.000Z","0058c00000BxeO9AAJ","2025-07-10T00:09:42.000Z","0058c00000BxeO9AAJ","2025-07-10T00:09:42.000Z","","","Picklist","a2B8c000000OrYJEA0","false","false","If any borrower, co-borrower, or guarantor of this loan is an employee of the bank or any affiliates, I certify I have indicated this is an //""Employee Loan//"".","1.0","a308c000000GIPoAAO","","","","","","","",""
"a308c000000GIOlAAO","0058c00000BxeO9AAJ","false","Q-000140","2022-03-29T14:36:02.000Z","0058c00000BxeO9AAJ","2025-07-10T00:09:42.000Z","0058c00000BxeO9AAJ","2025-07-10T00:09:42.000Z","","","Picklist","a2B8c000000OrYJEA0","false","false","I certify this loan has been marked as //""Reg O Reportable//"".","2.0","a308c000000GIPpAAO","","","","","","","",""
"a308c000000GIOmAAO","0058c00000BxeO9AAJ","false","Q-000143","2022-03-29T14:36:02.000Z","0058c00000BxeO9AAJ","2025-07-10T00:09:42.000Z","0058c00000BxeO9AAJ","2025-07-10T00:09:42.000Z","","","Picklist","a2B8c000000OrYMEA0","false","false","Is this loan HMDA reportable?","0.0","a308c000000GIPqAAO","","","","","","","",""
"a308c000000GIOnAAO","0058c00000BxeO9AAJ","false","Q-000144","2022-03-29T14:36:02.000Z","0058c00000BxeO9AAJ","2025-07-10T00:09:42.000Z","0058c00000BxeO9AAJ","2025-07-10T00:09:42.000Z","","","Picklist","a2B8c000000OrYMEA0","false","false","Is this loan a renewal, extension or modification of a previously HMDA reportable file?","1.0","a308c000000GIPrAAO","","","","","","","",""
"a308c000000GIOoAAO","0058c00000BxeO9AAJ","false","Q-000145","2022-03-29T14:36:02.000Z","0058c00000BxeO9AAJ","2025-07-10T00:09:42.000Z","0058c00000BxeO9AAJ","2025-07-10T00:09:42.000Z","","","Picklist","a2B8c000000OrYMEA0","false","false","Is this loan for business purposes?","2.0","a308c000000GIPsAAO","","","","","","","",""
"a308c000000GIOpAAO","0058c00000BxeO9AAJ","false","Q-000146","2022-03-29T14:36:02.000Z","0058c00000BxeO9AAJ","2025-07-10T00:09:42.000Z","0058c00000BxeO9AAJ","2025-07-10T00:09:42.000Z","","","Picklist","a2B8c000000OrYMEA0","false","false","Is the loan amount $1 Million or less?","3.0","a308c000000GIPtAAO","","","","","","","",""
"a308c000000GIOqAAO","0058c00000BxeO9AAJ","false","Q-000147","2022-03-29T14:36:02.000Z","0058c00000BxeO9AAJ","2025-07-10T00:09:42.000Z","0058c00000BxeO9AAJ","2025-07-10T00:09:42.000Z","","","Picklist","a2B8c000000OrYMEA0","false","false","Is this loan an origination?","4.0","a308c000000GIPuAAO","","","","","","","",""
"a308c000000GIOrAAO","0058c00000BxeO9AAJ","false","Q-000148","2022-03-29T14:36:02.000Z","0058c00000BxeO9AAJ","2025-07-10T00:09:42.000Z","0058c00000BxeO9AAJ","2025-07-10T00:09:42.000Z","","","Picklist","a2B8c000000OrYMEA0","false","false","I certify that this loan is CRA reportable?","6.0","a308c000000GIPvAAO","","","","","","","",""
"a308c000000GIOsAAO","0058c00000BxeO9AAJ","false","Q-000149","2022-03-29T14:36:02.000Z","0058c00000BxeO9AAJ","2025-07-10T00:09:42.000Z","0058c00000BxeO9AAJ","2025-07-10T00:09:42.000Z","","","Picklist","a2B8c000000OrYLEA0","false","true","Will this loan be used for construction of:","0.0","a308c000000GIPwAAO","","","","","","","",""
"a308c000000GIOtAAO","0058c00000BxeO9AAJ","false","Q-000150","2022-03-29T14:36:02.000Z","0058c00000BxeO9AAJ","2025-07-10T00:09:42.000Z","0058c00000BxeO9AAJ","2025-07-10T00:09:42.000Z","","","Picklist","a2B8c000000OrYLEA0","false","false","Is the LTV ratio less than or equal to the applicable maximum supervisory LTV ratio?","1.0","a308c000000GIPxAAO","","","","","","","",""
"a308c000000GIOuAAO","0058c00000BxeO9AAJ","false","Q-000151","2022-03-29T14:36:02.000Z","0058c00000BxeO9AAJ","2025-07-10T00:09:42.000Z","0058c00000BxeO9AAJ","2025-07-10T00:09:42.000Z","","","Picklist","a2B8c000000OrYLEA0","false","false","Has the borrower contributed capital to the project in the form of cash or unencumbered readily marketable assets (must contribute to the project) estate's appraised //""as completed//"" value?","2.0","a308c000000GIPyAAO","","","","","","","",""
"a308c000000GIOvAAO","0058c00000BxeO9AAJ","false","Q-000153","2022-03-29T14:36:02.000Z","0058c00000BxeO9AAJ","2025-07-10T00:09:42.000Z","0058c00000BxeO9AAJ","2025-07-10T00:09:42.000Z","","","Picklist","a2B8c000000OrYLEA0","false","false","The capital contributed by the borrower, or internally generated by the project, is contractually required to remain in the project throughout the life of the project?","4.0","a308c000000GIPzAAO","","","","","","","",""
"a308c000000GIOwAAO","0058c00000BxeO9AAJ","false","Q-000154","2022-03-29T14:36:02.000Z","0058c00000BxeO9AAJ","2025-07-10T00:09:42.000Z","0058c00000BxeO9AAJ","2025-07-10T00:09:42.000Z","","","Picklist","a2B8c000000OrYLEA0","false","false","I certify this transaction has been indicated as a HVCRE reportable transaction?","5.0","a308c000000GIQ0AAO","","","","","","","",""
"a308c000000GIOxAAO","0058c00000BxeO9AAJ","false","Q-000155","2022-03-29T14:36:02.000Z","0058c00000BxeO9AAJ","2025-07-10T00:09:42.000Z","0058c00000BxeO9AAJ","2025-07-10T00:09:42.000Z","","","Picklist","a2B8c000000OrYREA0","false","false","What is your expected annual revenue?","0.0","a308c000000GIQ1AAO","","","","","","","",""
"a308c000000GIOyAAO","0058c00000BxeO9AAJ","false","Q-000156","2022-03-29T14:36:02.000Z","0058c00000BxeO9AAJ","2025-07-10T00:09:42.000Z","0058c00000BxeO9AAJ","2025-07-10T00:09:42.000Z","","","Picklist","a2B8c000000OrYREA0","false","false","What is your expected annual expenses?","1.0","a308c000000GIQ2AAO","","","","","","","",""
"a308c000000GIOzAAO","0058c00000BxeO9AAJ","false","Q-000157","2022-03-29T14:36:02.000Z","0058c00000BxeO9AAJ","2025-07-10T00:09:42.000Z","0058c00000BxeO9AAJ","2025-07-10T00:09:42.000Z","","","Picklist","a2B8c000000OrYREA0","false","false","Do you expect to conduct international transactions?","2.0","a308c000000GIQ3AAO","","","","","","","",""
"a308c000000GIP0AAO","0058c00000BxeO9AAJ","false","Q-000158","2022-03-29T14:36:02.000Z","0058c00000BxeO9AAJ","2025-07-10T00:09:42.000Z","0058c00000BxeO9AAJ","2025-07-10T00:09:42.000Z","","","Picklist","a2B8c000000OrYREA0","false","false","How much will your business deposit in cash on a daily basis?","4.0","a308c000000GIQ4AAO","","","","","","","",""
"a308c000000GIP1AAO","0058c00000BxeO9AAJ","false","Q-000159","2022-03-29T14:36:02.000Z","0058c00000BxeO9AAJ","2025-07-10T00:09:42.000Z","0058c00000BxeO9AAJ","2025-07-10T00:09:42.000Z","","","Picklist","a2B8c000000OrYREA0","false","false","How long have you been in business?","5.0","a308c000000GIQ5AAO","","","","","","","",""
"a308c000000GIP2AAO","0058c00000BxeO9AAJ","false","Q-000160","2022-03-29T14:36:02.000Z","0058c00000BxeO9AAJ","2025-07-10T00:09:42.000Z","0058c00000BxeO9AAJ","2025-07-10T00:09:42.000Z","","","Picklist","a2B8c000000OrYREA0","false","false","What amount do you intend to maintain in this account?","6.0","a308c000000GIQ6AAO","","","","","","","",""
"a308c000000GIP3AAO","0058c00000BxeO9AAJ","false","Q-000161","2022-03-29T14:36:02.000Z","0058c00000BxeO9AAJ","2025-07-10T00:09:42.000Z","0058c00000BxeO9AAJ","2025-07-10T00:09:42.000Z","","","Picklist","a2B8c000000OrYREA0","false","false","How will you be using this account?","7.0","a308c000000GIQ7AAO","","","","","","","",""
"a308c000000GIP4AAO","0058c00000BxeO9AAJ","false","Q-000162","2022-03-29T14:36:02.000Z","0058c00000BxeO9AAJ","2025-07-10T00:09:42.000Z","0058c00000BxeO9AAJ","2025-07-10T00:09:42.000Z","","","Picklist","a2B8c000000OrYREA0","false","false","Do any of the following apply to your business?","8.0","a308c000000GIQ8AAO","","","","","","","",""
"a308c000000GIP5AAO","0058c00000BxeO9AAJ","false","Q-000163","2022-03-29T14:36:02.000Z","0058c00000BxeO9AAJ","2025-07-10T00:09:42.000Z","0058c00000BxeO9AAJ","2025-07-10T00:09:42.000Z","","","Picklist","a2B8c000000OrYREA0","false","false","May I ask you a few more questions to better understand your needs?","10.0","a308c000000GIQ9AAO","","","","","","","",""
"a308c000000GIP6AAO","0058c00000BxeO9AAJ","false","Q-000164","2022-03-29T14:36:02.000Z","0058c00000BxeO9AAJ","2025-07-10T00:09:42.000Z","0058c00000BxeO9AAJ","2025-07-10T00:09:42.000Z","","","Picklist","a2B8c000000OrYPEA0","false","false","Is the loan (not secured by residential dwelling) for the purpose of improving (repair, rehabilitation, or renovating) a residential dwelling AND the bank classified it as a home improvement loan?","2.0","a308c000000GIQAAA4","","","","","","","",""
"a308c000000GIP7AAO","0058c00000BxeO9AAJ","false","Q-000165","2022-03-29T14:36:02.000Z","0058c00000BxeO9AAJ","2025-07-10T00:09:42.000Z","0058c00000BxeO9AAJ","2025-07-10T00:09:42.000Z","","","Picklist","a2B8c000000OrYPEA0","false","false","I certify that this loan IS NOT HMDA Reportable.","5.0","a308c000000GIQBAA4","","","","","","","",""
"a308c000000GIP8AAO","0058c00000BxeO9AAJ","false","Q-000171","2022-03-29T14:36:02.000Z","0058c00000BxeO9AAJ","2025-07-10T00:09:42.000Z","0058c00000BxeO9AAJ","2025-07-10T00:09:42.000Z","","","Picklist","a2B8c000000OrYLEA0","false","false","I certify this transaction is NOT HVCRE reportable","6.0","a308c000000GIQCAA4","","","","","","","",""
"a308c000000GIP9AAO","0058c00000BxeO9AAJ","false","Q-000172","2022-03-29T14:36:02.000Z","0058c00000BxeO9AAJ","2025-07-10T00:09:42.000Z","0058c00000BxeO9AAJ","2025-07-10T00:09:42.000Z","","","Picklist","a2B8c000000OrYMEA0","false","false","I certify this loan is not CRA reportable?","5.0","a308c000000GIQDAA4","","","","","","","",""
"a308c000000GIPAAA4","0058c00000BxeO9AAJ","false","Q-000175","2022-03-29T14:36:02.000Z","0058c00000BxeO9AAJ","2025-07-10T00:09:42.000Z","0058c00000BxeO9AAJ","2025-07-10T00:09:42.000Z","","","Picklist","a2B8c0000076lQREAY","false","false","How do you prefer to monitor your account activity?","8.0","a308c000000GIQEAA4","","","","","","","",""
"a308c000000GIPBAA4","0058c00000BxeO9AAJ","false","Q-000176","2022-03-29T14:36:02.000Z","0058c00000BxeO9AAJ","2025-07-10T00:09:42.000Z","0058c00000BxeO9AAJ","2025-07-10T00:09:42.000Z","","","Picklist","a2B8c0000076lQREAY","false","false","How do you typically pay for purchases?","6.0","a308c000000GIQFAA4","","","","","","","",""
"a308c000000GIPCAA4","0058c00000BxeO9AAJ","false","Q-000177","2022-03-29T14:36:02.000Z","0058c00000BxeO9AAJ","2025-07-10T00:09:42.000Z","0058c00000BxeO9AAJ","2025-07-10T00:09:42.000Z","","","Picklist","a2B8c0000076lQREAY","false","false","How do you typically pay your monthly bills?","7.0","a308c000000GIQGAA4","","","","","","","",""
"a308c000000GIPDAA4","0058c00000BxeO9AAJ","false","Q-000178","2022-03-29T14:36:02.000Z","0058c00000BxeO9AAJ","2025-07-10T00:09:42.000Z","0058c00000BxeO9AAJ","2025-07-10T00:09:42.000Z","","","Picklist","a2B8c0000076lQREAY","true","false","How often do you send money out of the country?","0.0","a308c000000GIQHAA4","","","","","","","",""
"a308c000000GIPEAA4","0058c00000BxeO9AAJ","false","Q-000180","2022-03-29T14:36:02.000Z","0058c00000BxeO9AAJ","2025-07-10T00:09:42.000Z","0058c00000BxeO9AAJ","2025-07-10T00:09:42.000Z","","","Picklist","a2B8c0000076lQREAY","false","false","How much in cash are you typically depositing?","3.0","a308c000000GIQIAA4","","","","","","","",""
"a308c000000GIPFAA4","0058c00000BxeO9AAJ","false","Q-000182","2022-03-29T14:36:02.000Z","0058c00000BxeO9AAJ","2025-07-10T00:09:42.000Z","0058c00000BxeO9AAJ","2025-07-10T00:09:42.000Z","","","Picklist","a2B8c0000076lQREAY","false","false","What type of automatic payments do you have coming out of your accounts?","5.0","a308c000000GIQJAA4","","","","","","","",""
"a308c000000GIPGAA4","0058c00000BxeO9AAJ","false","Q-000183","2022-03-29T14:36:02.000Z","0058c00000BxeO9AAJ","2025-07-10T00:09:42.000Z","0058c00000BxeO9AAJ","2025-07-10T00:09:42.000Z","","","Picklist","a2B8c0000076lQREAY","false","false","In the next year, do you plan to move locally or relocate?","9.0","a308c000000GIQKAA4","","","","","","","",""
"a308c000000GIPHAA4","0058c00000BxeO9AAJ","false","Q-000184","2022-03-29T14:36:02.000Z","0058c00000BxeO9AAJ","2025-07-10T00:09:42.000Z","0058c00000BxeO9AAJ","2025-07-10T00:09:42.000Z","","","Picklist","a2B8c0000076lQREAY","false","false","In the next year, do you plan to buy or sell any real estate?","10.0","a308c000000GIQLAA4","","","","","","","",""
"a308c000000GIPIAA4","0058c00000BxeO9AAJ","false","Q-000185","2022-03-29T14:36:02.000Z","0058c00000BxeO9AAJ","2025-07-10T00:09:42.000Z","0058c00000BxeO9AAJ","2025-07-10T00:09:42.000Z","","","Picklist","a2B8c0000076lQREAY","false","false","In the next year, do you plan reevaluate how you are planning for your retirement?","11.0","a308c000000GIQMAA4","","","","","","","",""
"a308c000000GIPJAA4","0058c00000BxeO9AAJ","false","Q-000186","2022-03-29T14:36:02.000Z","0058c00000BxeO9AAJ","2025-07-10T00:09:42.000Z","0058c00000BxeO9AAJ","2025-07-10T00:09:42.000Z","","","Picklist","a2B8c000000OrYREA0","false","false","How often do you expect to send money overseas?","3.0","a308c000000GIQNAA4","","","","","","","",""
"a308c000000GIPKAA4","0058c00000BxeO9AAJ","false","Q-000187","2022-03-29T14:36:02.000Z","0058c00000BxeO9AAJ","2025-07-10T00:09:42.000Z","0058c00000BxeO9AAJ","2025-07-10T00:09:42.000Z","","","Picklist","a2B8c000000OrYREA0","true","false","How much will your business deposit in cash on a daily basis?","5.0","a308c000000GIQOAA4","","","","","","","",""
"a308c000000GIPLAA4","0058c00000BxeO9AAJ","false","Q-000188","2022-03-29T14:36:02.000Z","0058c00000BxeO9AAJ","2025-07-10T00:09:42.000Z","0058c00000BxeO9AAJ","2025-07-10T00:09:42.000Z","","","Picklist","a2B8c000000OrYREA0","false","false","Are you registered as a Money Service Business with the state in which you operate?","9.0","a308c000000GIQPAA4","","","","","","","",""
"a308c000000GIPMAA4","0058c00000BxeO9AAJ","false","Q-000189","2022-03-29T14:36:02.000Z","0058c00000BxeO9AAJ","2025-07-10T00:09:42.000Z","0058c00000BxeO9AAJ","2025-07-10T00:09:42.000Z","","","Picklist","a2B8c000000OrYREA0","false","false","May I tell you more about our Treasury Services?","12.0","a308c000000GIQQAA4","","","","","","","",""
"a308c000000GIPNAA4","0058c00000BxeO9AAJ","false","Q-000190","2022-03-29T14:36:02.000Z","0058c00000BxeO9AAJ","2025-07-10T00:09:42.000Z","0058c00000BxeO9AAJ","2025-07-10T00:09:42.000Z","","","Picklist","a2B8c000000OrYREA0","false","false","What types of banking services do you typically use?","11.0","a308c000000GIQRAA4","","","","","","","",""
"a308c000000GIPOAA4","0058c00000BxeO9AAJ","false","Q-000191","2022-03-29T14:36:02.000Z","0058c00000BxeO9AAJ","2025-07-10T00:09:42.000Z","0058c00000BxeO9AAJ","2025-07-10T00:09:42.000Z","","","Picklist","a2B8c000000OrYREA0","false","false","In the next year do you plan to buy or sell any real estate?","14.0","a308c000000GIQSAA4","","","","","","","",""
"a308c000000GIPPAA4","0058c00000BxeO9AAJ","false","Q-000192","2022-03-29T14:36:02.000Z","0058c00000BxeO9AAJ","2025-07-10T00:09:42.000Z","0058c00000BxeO9AAJ","2025-07-10T00:09:42.000Z","","","Picklist","a2B8c000000OrYREA0","false","false","In the next year, do you plan to add additional locations?","13.0","a308c000000GIQTAA4","","","","","","","",""
"a308c000000GIPQAA4","0058c00000BxeO9AAJ","false","Q-000193","2022-03-29T14:36:02.000Z","0058c00000BxeO9AAJ","2025-07-10T00:09:42.000Z","0058c00000BxeO9AAJ","2025-07-10T00:09:42.000Z","","","Picklist","a2B8c000000OrYREA0","false","false","In the next year do you plan to reevaluate retirement options for yourself or your employees?","15.0","a308c000000GIQUAA4","","","","","","","",""
"a308c000000GIPRAA4","0058c00000BxeO9AAJ","false","Q-000194","2022-03-29T14:36:02.000Z","0058c00000BxeO9AAJ","2025-07-10T00:09:42.000Z","0058c00000BxeO9AAJ","2025-07-10T00:09:42.000Z","","","Picklist","a2B8c000000OrYREA0","false","false","In the next year do you plan to purchase or refinance any business associated assets?","16.0","a308c000000GIQVAA4","","","","","","","",""
"a308c000000GIPSAA4","0058c00000BxeO9AAJ","false","Q-000195","2022-03-29T14:36:02.000Z","0058c00000BxeO9AAJ","2025-07-10T00:09:42.000Z","0058c00000BxeO9AAJ","2025-07-10T00:09:42.000Z","","","Picklist","a2B8c000000OrYKEA0","false","false","Is any borrower, co-borrower, or guarantor company directly or indirectly controlled, sponsored, or advised by our bank?","0.0","a308c000000GIQWAA4","","","","","","","",""
"a308c000000GIPTAA4","0058c00000BxeO9AAJ","false","Q-000196","2022-03-29T14:36:02.000Z","0058c00000BxeO9AAJ","2025-07-10T00:09:42.000Z","0058c00000BxeO9AAJ","2025-07-10T00:09:42.000Z","","","Picklist","a2B8c000000OrYKEA0","false","false","I certify that Reg W applies to this loan.","5.0","a308c000000GIQXAA4","","","","","","","",""
"a308c000000GIPUAA4","0058c00000BxeO9AAJ","false","Q-000197","2022-03-29T14:36:02.000Z","0058c00000BxeO9AAJ","2025-07-10T00:09:42.000Z","0058c00000BxeO9AAJ","2025-07-10T00:09:42.000Z","","","Picklist","a2B8c000000OrYKEA0","false","false","Does this transaction intend to support the purchase of assets from an affiliate?","2.0","a308c000000GIQYAA4","","","","","","","",""
"a308c000000GIPVAA4","0058c00000BxeO9AAJ","false","Q-000198","2022-03-29T14:36:02.000Z","0058c00000BxeO9AAJ","2025-07-10T00:09:42.000Z","0058c00000BxeO9AAJ","2025-07-10T00:09:42.000Z","","","Picklist","a2B8c000000OrYKEA0","false","false","Does this transaction contain a guarantee on behalf of an affiliate?","3.0","a308c000000GIQZAA4","","","","","","","",""
"a308c000000GIPWAA4","0058c00000BxeO9AAJ","false","Q-000199","2022-03-29T14:36:02.000Z","0058c00000BxeO9AAJ","2025-07-10T00:09:42.000Z","0058c00000BxeO9AAJ","2025-07-10T00:09:42.000Z","","","Picklist","a2B8c000000OrYKEA0","false","false","Does this transaction help to invest in securities issued by an affiliate?","1.0","a308c000000GIQaAAO","","","","","","","",""
"a308c000000GIPXAA4","0058c00000BxeO9AAJ","false","Q-000200","2022-03-29T14:36:02.000Z","0058c00000BxeO9AAJ","2025-07-10T00:09:42.000Z","0058c00000BxeO9AAJ","2025-07-10T00:09:42.000Z","","","Picklist","a2B8c000000OrYKEA0","false","false","Does this transaction utilize as collateral any securities issued by an affiliate?","4.0","a308c000000GIQbAAO","","","","","","","",""
"a308c000000GIPYAA4","0058c00000BxeO9AAJ","false","Q-000201","2022-03-29T14:36:02.000Z","0058c00000BxeO9AAJ","2025-07-10T00:09:43.000Z","0058c00000BxeO9AAJ","2025-07-10T00:09:43.000Z","","","Text","a2B8c000000OrYKEA0","false","false","Please describe how the subject transaction is in compliance with market terms and arms length definitions as defined in Reg W.","6.0","a308c000000GIQcAAO","","","","","","","",""
"a308c000000dYQ7AAM","0058c00000BxeO9AAJ","false","Q-000203","2023-09-13T06:39:14.000Z","0058c00000BxeO9AAJ","2025-07-10T00:09:43.000Z","0058c00000BxeO9AAJ","2025-07-10T00:09:43.000Z","","","Picklist","a2B8c000004E5rUEAS","false","false","Is this loan HMDA reportable?","0.0","a393g000000cIX0AAM","","","","","","","",""
"a308c000000dYQ8AAM","0058c00000BxeO9AAJ","false","Q-000204","2023-09-13T06:39:14.000Z","0058c00000BxeO9AAJ","2025-07-10T00:09:43.000Z","0058c00000BxeO9AAJ","2025-07-10T00:09:43.000Z","","","Picklist","a2B8c000004E5rUEAS","false","false","Is this loan a renewal, extension or modification of a previously HMDA reportable file?","1.0","a393g000000cIX1AAM","","","","","","","",""
"a308c000000dYQ9AAM","0058c00000BxeO9AAJ","false","Q-000205","2023-09-13T06:39:14.000Z","0058c00000BxeO9AAJ","2025-07-10T00:09:43.000Z","0058c00000BxeO9AAJ","2025-07-10T00:09:43.000Z","","","Picklist","a2B8c000004E5rUEAS","false","false","Is this loan for business purposes?","2.0","a393g000000cIX2AAM","","","","","","","",""
"a308c000000dYQAAA2","0058c00000BxeO9AAJ","false","Q-000206","2023-09-13T06:39:14.000Z","0058c00000BxeO9AAJ","2025-07-10T00:09:43.000Z","0058c00000BxeO9AAJ","2025-07-10T00:09:43.000Z","","","Picklist","a2B8c000004E5rUEAS","false","false","Is the loan amount $1 Million or less?","3.0","a393g000000cIX3AAM","","","","","","","",""
"a308c000000dYQBAA2","0058c00000BxeO9AAJ","false","Q-000207","2023-09-13T06:39:14.000Z","0058c00000BxeO9AAJ","2025-07-10T00:09:43.000Z","0058c00000BxeO9AAJ","2025-07-10T00:09:43.000Z","","","Picklist","a2B8c000004E5rUEAS","false","false","Is this loan an origination?","4.0","a393g000000cIX4AAM","","","","","","","",""
"a308c000000dYQCAA2","0058c00000BxeO9AAJ","false","Q-000208","2023-09-13T06:39:14.000Z","0058c00000BxeO9AAJ","2025-07-10T00:09:43.000Z","0058c00000BxeO9AAJ","2025-07-10T00:09:43.000Z","","","Picklist","a2B8c000004E5rUEAS","false","false","I certify that this loan is CRA reportable?","5.0","a393g000000cIX5AAM","","","","","","","",""
"a308c000000dYQDAA2","0058c00000BxeO9AAJ","false","Q-000209","2023-09-13T06:39:14.000Z","0058c00000BxeO9AAJ","2025-07-10T00:09:43.000Z","0058c00000BxeO9AAJ","2025-07-10T00:09:43.000Z","","","Picklist","a2B8c000004E5rdEAC","true","false","Is this loan secured by a residential dwelling including: 1-2 Family home (condominium) Manufactured housing (with or without land) Multi-family dwelling (five or more units)?","0.0","a393g000000cIX6AAM","","","","","","","",""
"a308c000000dYQEAA2","0058c00000BxeO9AAJ","false","Q-000210","2023-09-13T06:39:14.000Z","0058c00000BxeO9AAJ","2025-07-10T00:09:43.000Z","0058c00000BxeO9AAJ","2025-07-10T00:09:43.000Z","","","Picklist","a2B8c000004E5rdEAC","true","false","I certifiy that this loan has been marked HMDA Reportable and the applicable loan details have been populated.","4.0","a393g000000cIX7AAM","","","","","","","",""
"a308c000000dYQFAA2","0058c00000BxeO9AAJ","false","Q-000211","2023-09-13T06:39:14.000Z","0058c00000BxeO9AAJ","2025-07-10T00:09:43.000Z","0058c00000BxeO9AAJ","2025-07-10T00:09:43.000Z","","","Picklist","a2B8c0000076lQREAY","true","false","How often do you send money out of the country?","0.0","a393g000000cIX8AAM","","","","","","","",""
"a308c000000dYQGAA2","0058c00000BxeO9AAJ","false","Q-000212","2023-09-13T06:39:14.000Z","0058c00000BxeO9AAJ","2025-07-10T00:09:43.000Z","0058c00000BxeO9AAJ","2025-07-10T00:09:43.000Z","","","Picklist","a2B8c0000076lQREAY","false","false","How do you typically make your deposits?","1.0","a393g000000cIX9AAM","","","","","","","",""
"a308c000000dYQHAA2","0058c00000BxeO9AAJ","false","Q-000213","2023-09-13T06:39:14.000Z","0058c00000BxeO9AAJ","2025-07-10T00:09:43.000Z","0058c00000BxeO9AAJ","2025-07-10T00:09:43.000Z","","","Picklist","a2B8c0000076lQREAY","false","false","Do you typically make cash deposits?","2.0","a393g000000cIXAAA2","","","","","","","",""
"a308c000000dYQIAA2","0058c00000BxeO9AAJ","false","Q-000214","2023-09-13T06:39:14.000Z","0058c00000BxeO9AAJ","2025-07-10T00:09:43.000Z","0058c00000BxeO9AAJ","2025-07-10T00:09:43.000Z","","","Picklist","a2B8c0000076lQREAY","false","false","May I ask you a few more questions to better understand your needs?","5.0","a393g000000cIXBAA2","","","","","","","",""
"a308c000000dYQJAA2","0058c00000BxeO9AAJ","false","Q-000215","2023-09-13T06:39:14.000Z","0058c00000BxeO9AAJ","2025-07-10T00:09:43.000Z","0058c00000BxeO9AAJ","2025-07-10T00:09:43.000Z","","","Picklist","a2B8c0000076lQREAY","false","false","In the next year, do you plan to buy or sell any real estate?","10.0","a393g000000cIXCAA2","","","","","","","",""
"a308c000000dYQKAA2","0058c00000BxeO9AAJ","false","Q-000216","2023-09-13T06:39:14.000Z","0058c00000BxeO9AAJ","2025-07-10T00:09:43.000Z","0058c00000BxeO9AAJ","2025-07-10T00:09:43.000Z","","","Picklist","a2B8c000004E5rfEAC","false","false","Is any borrower, co-borrower, or guarantor company directly or indirectly controlled, sponsored, or advised by our bank?","0.0","a393g000000cIXDAA2","","","","","","","",""
"a308c000000dYQLAA2","0058c00000BxeO9AAJ","false","Q-000217","2023-09-13T06:39:14.000Z","0058c00000BxeO9AAJ","2025-07-10T00:09:43.000Z","0058c00000BxeO9AAJ","2025-07-10T00:09:43.000Z","","","Picklist","a2B8c000004E5rfEAC","false","false","Does this transaction intend to support the purchase of assets from an affiliate?","1.0","a393g000000cIXEAA2","","","","","","","",""
"a308c000000dYQMAA2","0058c00000BxeO9AAJ","false","Q-000218","2023-09-13T06:39:14.000Z","0058c00000BxeO9AAJ","2025-07-10T00:09:43.000Z","0058c00000BxeO9AAJ","2025-07-10T00:09:43.000Z","","","Picklist","a2B8c000004E5rfEAC","false","false","Does this transaction help to invest in securities issued by an affiliate?","3.0","a393g000000cIXFAA2","","","","","","","",""
"a308c000000dYQNAA2","0058c00000BxeO9AAJ","false","Q-000219","2023-09-13T06:39:14.000Z","0058c00000BxeO9AAJ","2025-07-10T00:09:43.000Z","0058c00000BxeO9AAJ","2025-07-10T00:09:43.000Z","","","Picklist","a2B8c000004E5rfEAC","false","false","I certify that Reg W applies to this loan.","5.0","a393g000000cIXGAA2","","","","","","","",""
"a308c000000dYQOAA2","0058c00000BxeO9AAJ","false","Q-000220","2023-09-13T06:39:14.000Z","0058c00000BxeO9AAJ","2025-07-10T00:09:43.000Z","0058c00000BxeO9AAJ","2025-07-10T00:09:43.000Z","","","Picklist","a2B8c000004E5rdEAC","true","false","Is the loan (not secured by residential dwelling) for the purpose of imporving (repair, rehabilitation, or renovating) a residential dwelling AND the bank classified it as a home improvement loan?","2.0","a393g000000cIXHAA2","","","","","","","",""
"a308c000000dYQPAA2","0058c00000BxeO9AAJ","false","Q-000221","2023-09-13T06:39:14.000Z","0058c00000BxeO9AAJ","2025-07-10T00:09:43.000Z","0058c00000BxeO9AAJ","2025-07-10T00:09:43.000Z","","","Picklist","a2B8c000004E5rdEAC","true","false","Is this loan purpose to purchase, improve, or refinance a dwelling?","1.0","a393g000000cIXIAA2","","","","","","","",""
"a308c000000dYQQAA2","0058c00000BxeO9AAJ","false","Q-000222","2023-09-13T06:39:14.000Z","0058c00000BxeO9AAJ","2025-07-10T00:09:43.000Z","0058c00000BxeO9AAJ","2025-07-10T00:09:43.000Z","","","Picklist","a2B8c000004E5rdEAC","true","false","Is this loan a construction-only, bridge loan, or other temporary financing expected to be replaced with permanent financing?","3.0","a393g000000cIXJAA2","","","","","","","",""
"a308c000000dYQRAA2","0058c00000BxeO9AAJ","false","Q-000223","2023-09-13T06:39:14.000Z","0058c00000BxeO9AAJ","2025-07-10T00:09:43.000Z","0058c00000BxeO9AAJ","2025-07-10T00:09:43.000Z","","","Picklist","a2B8c0000076lQREAY","false","false","How do you typically pay for purchases?","6.0","a393g000000cIXKAA2","","","","","","","",""
"a308c000000dYQSAA2","0058c00000BxeO9AAJ","false","Q-000224","2023-09-13T06:39:14.000Z","0058c00000BxeO9AAJ","2025-07-10T00:09:43.000Z","0058c00000BxeO9AAJ","2025-07-10T00:09:43.000Z","","","Picklist","a2B8c0000076lQREAY","false","false","What type of automatic payments do you have coming out of your accounts?","4.0","a393g000000cIXLAA2","","","","","","","",""
"a308c000000dYQTAA2","0058c00000BxeO9AAJ","false","Q-000225","2023-09-13T06:39:14.000Z","0058c00000BxeO9AAJ","2025-07-10T00:09:43.000Z","0058c00000BxeO9AAJ","2025-07-10T00:09:43.000Z","","","Picklist","a2B8c0000076lQREAY","false","false","How do you prefer to monitor your account activity?","8.0","a393g000000cIXMAA2","","","","","","","",""
"a308c000000dYQUAA2","0058c00000BxeO9AAJ","false","Q-000226","2023-09-13T06:39:14.000Z","0058c00000BxeO9AAJ","2025-07-10T00:09:43.000Z","0058c00000BxeO9AAJ","2025-07-10T00:09:43.000Z","","","Picklist","a2B8c0000076lQREAY","false","false","How do you typically pay your monthly bills?","7.0","a393g000000cIXNAA2","","","","","","","",""
"a308c000000dYQVAA2","0058c00000BxeO9AAJ","false","Q-000227","2023-09-13T06:39:14.000Z","0058c00000BxeO9AAJ","2025-07-10T00:09:43.000Z","0058c00000BxeO9AAJ","2025-07-10T00:09:43.000Z","","","Picklist","a2B8c0000076lQREAY","false","false","In the next year, do you plan to move locally or relocate?","9.0","a393g000000cIXOAA2","","","","","","","",""
"a308c000000dYQWAA2","0058c00000BxeO9AAJ","false","Q-000228","2023-09-13T06:39:14.000Z","0058c00000BxeO9AAJ","2025-07-10T00:09:43.000Z","0058c00000BxeO9AAJ","2025-07-10T00:09:43.000Z","","","Picklist","a2B8c0000076lQREAY","false","false","In the next year, do you plan reevaluate how you are planning for your retirement?","11.0","a393g000000cIXPAA2","","","","","","","",""
"a308c000000dYQXAA2","0058c00000BxeO9AAJ","false","Q-000229","2023-09-13T06:39:14.000Z","0058c00000BxeO9AAJ","2025-07-10T00:09:43.000Z","0058c00000BxeO9AAJ","2025-07-10T00:09:43.000Z","","","Picklist","a2B8c000004E5rdEAC","false","false","Is this loan secured by a residential dwelling including: 1-2 Family home (condominium) Manufactured housing (with or without land) Multi-family dwelling (five or more units)?","0.0","a393g000000cIXQAA2","","","","","","","",""
"a308c000000dYQYAA2","0058c00000BxeO9AAJ","false","Q-000230","2023-09-13T06:39:14.000Z","0058c00000BxeO9AAJ","2025-07-10T00:09:43.000Z","0058c00000BxeO9AAJ","2025-07-10T00:09:43.000Z","","","Picklist","a2B8c000004E5rdEAC","false","false","Is this loan purpose to purchase, improve, or refinance a dwelling?","1.0","a393g000000cIXRAA2","","","","","","","",""
"a308c000000dYQZAA2","0058c00000BxeO9AAJ","false","Q-000231","2023-09-13T06:39:14.000Z","0058c00000BxeO9AAJ","2025-07-10T00:09:43.000Z","0058c00000BxeO9AAJ","2025-07-10T00:09:43.000Z","","","Picklist","a2B8c000004E5rdEAC","false","false","Is the loan (not secured by residential dwelling) for the purpose of imporving (repair, rehabilitation, or renovating) a residential dwelling AND the bank classified it as a home improvement loan?","2.0","a393g000000cIXSAA2","","","","","","","",""
"a308c000000dYQaAAM","0058c00000BxeO9AAJ","false","Q-000232","2023-09-13T06:39:14.000Z","0058c00000BxeO9AAJ","2025-07-10T00:09:43.000Z","0058c00000BxeO9AAJ","2025-07-10T00:09:43.000Z","","","Picklist","a2B8c000004E5rdEAC","false","false","Is this loan a construction-only, bridge loan, or other temporary financing expected to be replaced with permanent financing?","3.0","a393g000000cIXTAA2","","","","","","","",""
"a308c000000dYQbAAM","0058c00000BxeO9AAJ","false","Q-000233","2023-09-13T06:39:14.000Z","0058c00000BxeO9AAJ","2025-07-10T00:09:43.000Z","0058c00000BxeO9AAJ","2025-07-10T00:09:43.000Z","","","Picklist","a2B8c000004E5rhEAC","false","true","Do you intend to deposit cash into this account?","1.0","a393g000000cIXUAA2","","","","","","","",""
"a308c000000dYQcAAM","0058c00000BxeO9AAJ","false","Q-000234","2023-09-13T06:39:14.000Z","0058c00000BxeO9AAJ","2025-07-10T00:09:43.000Z","0058c00000BxeO9AAJ","2025-07-10T00:09:43.000Z","","","Picklist","a2B8c000000OrYREA0","false","false","What is your expected annual revenue?","0.0","a393g000000cIXVAA2","","","","","","","",""
"a308c000000dYQdAAM","0058c00000BxeO9AAJ","false","Q-000235","2023-09-13T06:39:14.000Z","0058c00000BxeO9AAJ","2025-07-10T00:09:43.000Z","0058c00000BxeO9AAJ","2025-07-10T00:09:43.000Z","","","Picklist","a2B8c000000OrYREA0","false","false","What is your expected annual expenses?","1.0","a393g000000cIXWAA2","","","","","","","",""
"a308c000000dYQeAAM","0058c00000BxeO9AAJ","false","Q-000236","2023-09-13T06:39:14.000Z","0058c00000BxeO9AAJ","2025-07-10T00:09:43.000Z","0058c00000BxeO9AAJ","2025-07-10T00:09:43.000Z","","","Picklist","a2B8c000000OrYREA0","false","false","Do you expect to conduct international transactions?","2.0","a393g000000cIXXAA2","","","","","","","",""
"a308c000000dYQfAAM","0058c00000BxeO9AAJ","false","Q-000237","2023-09-13T06:39:15.000Z","0058c00000BxeO9AAJ","2025-07-10T00:09:43.000Z","0058c00000BxeO9AAJ","2025-07-10T00:09:43.000Z","","","Picklist","a2B8c000000OrYREA0","false","false","How much will your business deposit in cash on a daily basis?","4.0","a393g000000cIXYAA2","","","","","","","",""
"a308c000000dYQgAAM","0058c00000BxeO9AAJ","false","Q-000238","2023-09-13T06:39:15.000Z","0058c00000BxeO9AAJ","2025-07-10T00:09:43.000Z","0058c00000BxeO9AAJ","2025-07-10T00:09:43.000Z","","","Picklist","a2B8c000000OrYREA0","false","false","How long have you been in business?","5.0","a393g000000cIXZAA2","","","","","","","",""
"a308c000000dYQhAAM","0058c00000BxeO9AAJ","false","Q-000239","2023-09-13T06:39:15.000Z","0058c00000BxeO9AAJ","2025-07-10T00:09:43.000Z","0058c00000BxeO9AAJ","2025-07-10T00:09:43.000Z","","","Picklist","a2B8c000000OrYREA0","false","false","What amount do you intend to maintain in this account?","6.0","a393g000000cIXaAAM","","","","","","","",""
"a308c000000dYQiAAM","0058c00000BxeO9AAJ","false","Q-000240","2023-09-13T06:39:15.000Z","0058c00000BxeO9AAJ","2025-07-10T00:09:43.000Z","0058c00000BxeO9AAJ","2025-07-10T00:09:43.000Z","","","Picklist","a2B8c000000OrYREA0","false","false","How will you be using this account?","7.0","a393g000000cIXbAAM","","","","","","","",""
"a308c000000dYQjAAM","0058c00000BxeO9AAJ","false","Q-000241","2023-09-13T06:39:15.000Z","0058c00000BxeO9AAJ","2025-07-10T00:09:43.000Z","0058c00000BxeO9AAJ","2025-07-10T00:09:43.000Z","","","Picklist","a2B8c000000OrYREA0","false","false","Do any of the following apply to your business?","8.0","a393g000000cIXcAAM","","","","","","","",""
"a308c000000dYQkAAM","0058c00000BxeO9AAJ","false","Q-000242","2023-09-13T06:39:15.000Z","0058c00000BxeO9AAJ","2025-07-10T00:09:43.000Z","0058c00000BxeO9AAJ","2025-07-10T00:09:43.000Z","","","Picklist","a2B8c000000OrYREA0","false","false","May I ask you a few more questions to better understand your needs?","10.0","a393g000000cIXdAAM","","","","","","","",""
"a308c000000dYQlAAM","0058c00000BxeO9AAJ","false","Q-000243","2023-09-13T06:39:15.000Z","0058c00000BxeO9AAJ","2025-07-10T00:09:43.000Z","0058c00000BxeO9AAJ","2025-07-10T00:09:43.000Z","","","Picklist","a2B8c000004E5rhEAC","false","false","How many checks do you anticipate writing per month?","0.0","a393g000000cIXeAAM","","","","","","","",""
"a308c000000dYQmAAM","0058c00000BxeO9AAJ","false","Q-000244","2023-09-13T06:39:15.000Z","0058c00000BxeO9AAJ","2025-07-10T00:09:43.000Z","0058c00000BxeO9AAJ","2025-07-10T00:09:43.000Z","","","Picklist","a2B8c000004E5rhEAC","false","false","How many checks do you intend to deposit in a month's time?","3.0","a393g000000cIXfAAM","","","","","","","",""
"a308c000000dYQnAAM","0058c00000BxeO9AAJ","false","Q-000245","2023-09-13T06:39:15.000Z","0058c00000BxeO9AAJ","2025-07-10T00:09:43.000Z","0058c00000BxeO9AAJ","2025-07-10T00:09:43.000Z","","","Picklist","a2B8c000004E5rZEAS","false","false","Are you an owner or authorized to open an account on behalf of the business?","0.0","a393g000000cIXgAAM","","","","","","","",""
"a308c000000dYQoAAM","0058c00000BxeO9AAJ","false","Q-000246","2023-09-13T06:39:15.000Z","0058c00000BxeO9AAJ","2025-07-10T00:09:43.000Z","0058c00000BxeO9AAJ","2025-07-10T00:09:43.000Z","","","Picklist","a2B8c000004E5rZEAS","false","false","Does your business provide money services to your customers or clients, such as check cashing, issuing money orders or traveler's checks, dealing in foreign exchange, selling/providing prepaid access, or wiring funds in exchange for a fee or a courtesy?","1.0","a393g000000cIXhAAM","","","","","","","",""
"a308c000000dYQpAAM","0058c00000BxeO9AAJ","false","Q-000247","2023-09-13T06:39:15.000Z","0058c00000BxeO9AAJ","2025-07-10T00:09:43.000Z","0058c00000BxeO9AAJ","2025-07-10T00:09:43.000Z","","","Picklist","a2B8c000004E5rZEAS","false","false","Does this business engage in internet gambling activities?","2.0","a393g000000cIXiAAM","","","","","","","",""
"a308c000000dYQqAAM","0058c00000BxeO9AAJ","false","Q-000248","2023-09-13T06:39:15.000Z","0058c00000BxeO9AAJ","2025-07-10T00:09:43.000Z","0058c00000BxeO9AAJ","2025-07-10T00:09:43.000Z","","","Picklist","a2B8c000004E5rZEAS","false","false","Is this business a non-operating entity?","3.0","a393g000000cIXjAAM","","","","","","","",""
"a308c000000dYQrAAM","0058c00000BxeO9AAJ","false","Q-000249","2023-09-13T06:39:15.000Z","0058c00000BxeO9AAJ","2025-07-10T00:09:43.000Z","0058c00000BxeO9AAJ","2025-07-10T00:09:43.000Z","","","Picklist","a2B8c000004E5rZEAS","false","false","Is this business operating as a charity or non-governmental organization?","7.0","a393g000000cIXkAAM","","","","","","","",""
"a308c000000dYQsAAM","0058c00000BxeO9AAJ","false","Q-000250","2023-09-13T06:39:15.000Z","0058c00000BxeO9AAJ","2025-07-10T00:09:43.000Z","0058c00000BxeO9AAJ","2025-07-10T00:09:43.000Z","","","Picklist","a2B8c000004E5rZEAS","false","false","Is this business classified by the IRS as a non-profit?","8.0","a393g000000cIXlAAM","","","","","","","",""
"a308c000000dYQtAAM","0058c00000BxeO9AAJ","false","Q-000251","2023-09-13T06:39:15.000Z","0058c00000BxeO9AAJ","2025-07-10T00:09:43.000Z","0058c00000BxeO9AAJ","2025-07-10T00:09:43.000Z","","","Picklist","a2B8c000004E5rZEAS","false","false","Does this business have any non-U.S. business activity?","9.0","a393g000000cIXmAAM","","","","","","","",""
"a308c000000dYQuAAM","0058c00000BxeO9AAJ","false","Q-000252","2023-09-13T06:39:15.000Z","0058c00000BxeO9AAJ","2025-07-10T00:09:43.000Z","0058c00000BxeO9AAJ","2025-07-10T00:09:43.000Z","","","Picklist","a2B8c000004E5rWEAS","false","false","Are you a senior foreign political figure of a foreign government, the immediate family of a senior foreign political figure, or a close associate of a senior foreign political figure?","1.0","a393g000000cIXnAAM","","","","","","","",""
"a308c000000dYQvAAM","0058c00000BxeO9AAJ","false","Q-000253","2023-09-13T06:39:15.000Z","0058c00000BxeO9AAJ","2025-07-10T00:09:43.000Z","0058c00000BxeO9AAJ","2025-07-10T00:09:43.000Z","","","Picklist","a2B8c000004E5rWEAS","false","false","What is your current occupation?","0.0","a393g000000cIXoAAM","","","","","","","",""
"a308c000000dYQwAAM","0058c00000BxeO9AAJ","false","Q-000254","2023-09-13T06:39:15.000Z","0058c00000BxeO9AAJ","2025-07-10T00:09:43.000Z","0058c00000BxeO9AAJ","2025-07-10T00:09:43.000Z","","","Picklist","a2B8c000004E5rWEAS","false","false","What is your primary source of income?","2.0","a393g000000cIXpAAM","","","","","","","",""
"a308c000000dYQxAAM","0058c00000BxeO9AAJ","false","Q-000255","2023-09-13T06:39:15.000Z","0058c00000BxeO9AAJ","2025-07-10T00:09:43.000Z","0058c00000BxeO9AAJ","2025-07-10T00:09:43.000Z","","","Picklist","a2B8c000004E5rWEAS","false","false","What is your annual gross income?","3.0","a393g000000cIXqAAM","","","","","","","",""
"a308c000000dYQyAAM","0058c00000BxeO9AAJ","false","Q-000256","2023-09-13T06:39:15.000Z","0058c00000BxeO9AAJ","2025-07-10T00:09:43.000Z","0058c00000BxeO9AAJ","2025-07-10T00:09:43.000Z","","","Picklist","a2B8c000004E5rWEAS","false","false","Have you been at your current residence for 2 or more years?","4.0","a393g000000cIXrAAM","","","","","","","",""
"a308c000000dYQzAAM","0058c00000BxeO9AAJ","false","Q-000257","2023-09-13T06:39:15.000Z","0058c00000BxeO9AAJ","2025-07-10T00:09:43.000Z","0058c00000BxeO9AAJ","2025-07-10T00:09:43.000Z","","","Picklist","a2B8c000004E5rWEAS","false","false","Are any sources of income from foreign-related sources?","5.0","a393g000000cIXsAAM","","","","","","","",""
"a308c000000dYR0AAM","0058c00000BxeO9AAJ","false","Q-000258","2023-09-13T06:39:15.000Z","0058c00000BxeO9AAJ","2025-07-10T00:09:43.000Z","0058c00000BxeO9AAJ","2025-07-10T00:09:43.000Z","","","Picklist","a2B8c000004E5rhEAC","false","false","How much cash do you anticipate depositing into this account per month?","2.0","a393g000000cIXtAAM","","","","","","","",""
"a308c000000dYR1AAM","0058c00000BxeO9AAJ","false","Q-000259","2023-09-13T06:39:15.000Z","0058c00000BxeO9AAJ","2025-07-10T00:09:43.000Z","0058c00000BxeO9AAJ","2025-07-10T00:09:43.000Z","","","Picklist","a2B8c000004E5rZEAS","false","false","Is the non-U.S. activity with any of the following countries? Cuba, Iran, Sudan, Crimea region, Syria, North Korea (Democratic People's Republic of Korea), Russian state-owned entities, or, entities that are the target of U.S. or EU sectoral sanctions?","10.0","a393g000000cIXuAAM","","","","","","","",""
"a308c000000dYR2AAM","0058c00000BxeO9AAJ","false","Q-000260","2023-09-13T06:39:15.000Z","0058c00000BxeO9AAJ","2025-07-10T00:09:43.000Z","0058c00000BxeO9AAJ","2025-07-10T00:09:43.000Z","","","Picklist","a2B8c000004E5rZEAS","false","false","Is the non-U.S. activity 50% or greater of the businesses transaction count or dollar amount?","11.0","a393g000000cIXvAAM","","","","","","","",""
"a308c000000dYR3AAM","0058c00000BxeO9AAJ","false","Q-000261","2023-09-13T06:39:15.000Z","0058c00000BxeO9AAJ","2025-07-10T00:09:43.000Z","0058c00000BxeO9AAJ","2025-07-10T00:09:43.000Z","","","Picklist","a2B8c000004E5raEAC","false","false","Are you a US Citizen?","0.0","a393g000000cIXwAAM","","","","","","","",""
"a308c000000dYR4AAM","0058c00000BxeO9AAJ","false","Q-000262","2023-09-13T06:39:15.000Z","0058c00000BxeO9AAJ","2025-07-10T00:09:43.000Z","0058c00000BxeO9AAJ","2025-07-10T00:09:43.000Z","","","Picklist","a2B8c000004E5raEAC","false","false","Are you a permanent US Resident?","2.0","a393g000000cIXxAAM","","","","","","","",""
"a308c000000dYR5AAM","0058c00000BxeO9AAJ","false","Q-000263","2023-09-13T06:39:15.000Z","0058c00000BxeO9AAJ","2025-07-10T00:09:43.000Z","0058c00000BxeO9AAJ","2025-07-10T00:09:43.000Z","","","Picklist","a2B8c0000076lQREAY","false","false","How often do you send money out of the country?","0.0","a393g000000cIXyAAM","","","","","","","",""
"a308c000000dYR6AAM","0058c00000BxeO9AAJ","false","Q-000264","2023-09-13T06:39:15.000Z","0058c00000BxeO9AAJ","2025-07-10T00:09:43.000Z","0058c00000BxeO9AAJ","2025-07-10T00:09:43.000Z","","","Picklist","a2B8c000004E5raEAC","true","false","US Citizen","1.0","a393g000000cIXzAAM","","","","","","","",""
"a308c000000dYR7AAM","0058c00000BxeO9AAJ","false","Q-000265","2023-09-13T06:39:15.000Z","0058c00000BxeO9AAJ","2025-07-10T00:09:43.000Z","0058c00000BxeO9AAJ","2025-07-10T00:09:43.000Z","","","Picklist","a2B8c000004E5raEAC","false","false","What is your country of citizenship?","1.0","a393g000000cIY0AAM","","","","","","","",""
"a308c000000dYR8AAM","0058c00000BxeO9AAJ","false","Q-000266","2023-09-13T06:39:15.000Z","0058c00000BxeO9AAJ","2025-07-10T00:09:43.000Z","0058c00000BxeO9AAJ","2025-07-10T00:09:43.000Z","","","Picklist","a2B8c000004E5rhEAC","true","false","Is any owner of this account an executive officer, director, or principal shareholder of our bank, of our bank holding company, of which our bank is a subsidiary, and of any subsidiary of our bank holding company?","0.0","a393g000000cIY1AAM","","","","","","","",""
"a308c000000dYR9AAM","0058c00000BxeO9AAJ","false","Q-000267","2023-09-13T06:39:15.000Z","0058c00000BxeO9AAJ","2025-07-10T00:09:43.000Z","0058c00000BxeO9AAJ","2025-07-10T00:09:43.000Z","","","Picklist","a2B8c000004E5rhEAC","true","false","Is any owner of this account an employee of our bank, bank holding company, or subsidiary?","1.0","a393g000000cIY2AAM","","","","","","","",""
"a308c000000dYRAAA2","0058c00000BxeO9AAJ","false","Q-000268","2023-09-13T06:39:15.000Z","0058c00000BxeO9AAJ","2025-07-10T00:09:43.000Z","0058c00000BxeO9AAJ","2025-07-10T00:09:43.000Z","","","Picklist","a2B8c000004E5reEAC","false","false","Is any borrower, co-borrower, or guarantor an executive officer, director, or principal shareholder of that bank, of a bank holding company of which the member bank is a subsidiary, and of any other subsidiary of that bank holding company?","0.0","a393g000000cIY3AAM","","","","","","","",""
"a308c000000dYRBAA2","0058c00000BxeO9AAJ","false","Q-000269","2023-09-13T06:39:15.000Z","0058c00000BxeO9AAJ","2025-07-10T00:09:43.000Z","0058c00000BxeO9AAJ","2025-07-10T00:09:43.000Z","","","Picklist","a2B8c000004E5rhEAC","true","false","If the response to this question is yes, I certify that I have indicated //""Yes//"" to the Reg O Compliance Checkbox.","0.0","a393g000000cIY4AAM","","","","","","","",""
"a308c000000dYRCAA2","0058c00000BxeO9AAJ","false","Q-000270","2023-09-13T06:39:15.000Z","0058c00000BxeO9AAJ","2025-07-10T00:09:43.000Z","0058c00000BxeO9AAJ","2025-07-10T00:09:43.000Z","","","Picklist","a2B8c000004E5rhEAC","true","false","If the answer to this question is //""Yes//"", I certified that I have indicated //""Employee Account//"" is Yes.","2.0","a393g000000cIY5AAM","","","","","","","",""
"a308c000000dYRDAA2","0058c00000BxeO9AAJ","false","Q-000271","2023-09-13T06:39:15.000Z","0058c00000BxeO9AAJ","2025-07-10T00:09:43.000Z","0058c00000BxeO9AAJ","2025-07-10T00:09:43.000Z","","","Picklist","a2B8c000004E5rhEAC","true","false","What type of banking products do you typically use?","8.0","a393g000000cIY6AAM","","","","","","","",""
"a308c000000dYREAA2","0058c00000BxeO9AAJ","false","Q-000272","2023-09-13T06:39:15.000Z","0058c00000BxeO9AAJ","2025-07-10T00:09:43.000Z","0058c00000BxeO9AAJ","2025-07-10T00:09:43.000Z","","","Picklist","a2B8c000004E5rhEAC","true","false","How will you be using this account?","1.0","a393g000000cIY7AAM","","","","","","","",""
"a308c000000dYRFAA2","0058c00000BxeO9AAJ","false","Q-000273","2023-09-13T06:39:15.000Z","0058c00000BxeO9AAJ","2025-07-10T00:09:43.000Z","0058c00000BxeO9AAJ","2025-07-10T00:09:43.000Z","","","Picklist","a2B8c0000076lQREAY","false","false","How much in cash are you typically depositing?","3.0","a393g000000cIY8AAM","","","","","","","",""
"a308c000000dYRGAA2","0058c00000BxeO9AAJ","false","Q-000274","2023-09-13T06:39:15.000Z","0058c00000BxeO9AAJ","2025-07-10T00:09:43.000Z","0058c00000BxeO9AAJ","2025-07-10T00:09:43.000Z","","","Picklist","a2B8c000004E5rcEAC","false","true","Is your company publicly traded?","0.0","a393g000000cIY9AAM","","","","","","","",""
"a308c000000dYRHAA2","0058c00000BxeO9AAJ","false","Q-000275","2023-09-13T06:39:15.000Z","0058c00000BxeO9AAJ","2025-07-10T00:09:43.000Z","0058c00000BxeO9AAJ","2025-07-10T00:09:43.000Z","","","Text","a2B8c000004E5rcEAC","false","true","What is your stock ticker symbol?","1.0","a393g000000cIYAAA2","","","","","","","",""
"a308c000000dYRIAA2","0058c00000BxeO9AAJ","false","Q-000276","2023-09-13T06:39:15.000Z","0058c00000BxeO9AAJ","2025-07-10T00:09:43.000Z","0058c00000BxeO9AAJ","2025-07-10T00:09:43.000Z","","","Textarea","a2B8c000004E5rcEAC","false","true","List the countries in which your business operates.","2.0","a393g000000cIYBAA2","","","","","","","",""
"a308c000000dYRJAA2","0058c00000BxeO9AAJ","false","Q-000277","2023-09-13T06:39:15.000Z","0058c00000BxeO9AAJ","2025-07-10T00:09:43.000Z","0058c00000BxeO9AAJ","2025-07-10T00:09:43.000Z","","","Picklist","a2B8c000004E5rcEAC","false","true","Does your company provide check cashing services? (Money Service Business)","3.0","a393g000000cIYCAA2","","","","","","","",""
"a308c000000dYRKAA2","0058c00000BxeO9AAJ","false","Q-000278","2023-09-13T06:39:15.000Z","0058c00000BxeO9AAJ","2025-07-10T00:09:43.000Z","0058c00000BxeO9AAJ","2025-07-10T00:09:43.000Z","","","Picklist","a2B8c000000OrYREA0","false","false","What types of banking services do you typically use?","11.0","a393g000000cIYEAA2","","","","","","","",""
"a308c000000dYRLAA2","0058c00000BxeO9AAJ","false","Q-000279","2023-09-13T06:39:15.000Z","0058c00000BxeO9AAJ","2025-07-10T00:09:43.000Z","0058c00000BxeO9AAJ","2025-07-10T00:09:43.000Z","","","Picklist","a2B8c000000OrYREA0","false","false","In the next year, do you plan to add additional locations?","13.0","a393g000000cIYFAA2","","","","","","","",""
"a308c000000dYRMAA2","0058c00000BxeO9AAJ","false","Q-000280","2023-09-13T06:39:15.000Z","0058c00000BxeO9AAJ","2025-07-10T00:09:43.000Z","0058c00000BxeO9AAJ","2025-07-10T00:09:43.000Z","","","Picklist","a2B8c000000OrYREA0","false","false","In the next year do you plan to buy or sell any real estate?","14.0","a393g000000cIYGAA2","","","","","","","",""
"a308c000000dYRNAA2","0058c00000BxeO9AAJ","false","Q-000281","2023-09-13T06:39:15.000Z","0058c00000BxeO9AAJ","2025-07-10T00:09:43.000Z","0058c00000BxeO9AAJ","2025-07-10T00:09:43.000Z","","","Picklist","a2B8c000000OrYREA0","false","false","May I tell you more about our Treasury Services?","12.0","a393g000000cIYHAA2","","","","","","","",""
"a308c000000dYROAA2","0058c00000BxeO9AAJ","false","Q-000282","2023-09-13T06:39:15.000Z","0058c00000BxeO9AAJ","2025-07-10T00:09:43.000Z","0058c00000BxeO9AAJ","2025-07-10T00:09:43.000Z","","","Picklist","a2B8c000000OrYREA0","false","false","In the next year do you plan to reevaluate retirement options for yourself or your employees?","15.0","a393g000000cIYIAA2","","","","","","","",""
"a308c000000dYRPAA2","0058c00000BxeO9AAJ","false","Q-000283","2023-09-13T06:39:15.000Z","0058c00000BxeO9AAJ","2025-07-10T00:09:43.000Z","0058c00000BxeO9AAJ","2025-07-10T00:09:43.000Z","","","Picklist","a2B8c000000OrYREA0","false","false","In the next year do you plan to purchase or refinance any business associated assets?","16.0","a393g000000cIYJAA2","","","","","","","",""
"a308c000000dYRQAA2","0058c00000BxeO9AAJ","false","Q-000284","2023-09-13T06:39:15.000Z","0058c00000BxeO9AAJ","2025-07-10T00:09:43.000Z","0058c00000BxeO9AAJ","2025-07-10T00:09:43.000Z","","","Picklist","a2B8c000004E5rhEAC","true","false","How will you be using this account?","4.0","a393g000000cIYKAA2","","","","","","","",""
"a308c000000dYRRAA2","0058c00000BxeO9AAJ","false","Q-000285","2023-09-13T06:39:15.000Z","0058c00000BxeO9AAJ","2025-07-10T00:09:43.000Z","0058c00000BxeO9AAJ","2025-07-10T00:09:43.000Z","","","Picklist","a2B8c000004E5reEAC","false","false","I certify this loan has been marked as //""Reg O Reportable//"".","2.0","a393g000000cIYLAA2","","","","","","","",""
"a308c000000dYRSAA2","0058c00000BxeO9AAJ","false","Q-000286","2023-09-13T06:39:15.000Z","0058c00000BxeO9AAJ","2025-07-10T00:09:43.000Z","0058c00000BxeO9AAJ","2025-07-10T00:09:43.000Z","","","Picklist","a2B8c000004E5reEAC","false","false","If any borrower, co-borrower, or guarantor of this loan is an employee of the bank or any affiliates, I certify I have indicated this is an //""Employee Loan//"".","1.0","a393g000000cIYMAA2","","","","","","","",""
"a308c000000dYRTAA2","0058c00000BxeO9AAJ","false","Q-000287","2023-09-13T06:39:15.000Z","0058c00000BxeO9AAJ","2025-07-10T00:09:43.000Z","0058c00000BxeO9AAJ","2025-07-10T00:09:43.000Z","","","Picklist","a2B8c000004E5rgEAC","false","true","Will this loan be used for construction of:","0.0","a393g000000cIYNAA2","","","","","","","",""
"a308c000000dYRUAA2","0058c00000BxeO9AAJ","false","Q-000288","2023-09-13T06:39:15.000Z","0058c00000BxeO9AAJ","2025-07-10T00:09:43.000Z","0058c00000BxeO9AAJ","2025-07-10T00:09:43.000Z","","","Picklist","a2B8c000004E5rgEAC","false","false","Is the LTV ratio less than or equal to the applicable maximum supervisory LTV ratio?","1.0","a393g000000cIYOAA2","","","","","","","",""
"a308c000000dYRVAA2","0058c00000BxeO9AAJ","false","Q-000289","2023-09-13T06:39:15.000Z","0058c00000BxeO9AAJ","2025-07-10T00:09:43.000Z","0058c00000BxeO9AAJ","2025-07-10T00:09:43.000Z","","","Picklist","a2B8c000004E5rgEAC","false","false","Has the borrower contributed capital to the project in the form of cash or unencumbered readily marketable assets (must contribute to the project) estate's appraised //""as completed//"" value?","2.0","a393g000000cIYPAA2","","","","","","","",""
"a308c000000dYRWAA2","0058c00000BxeO9AAJ","false","Q-000290","2023-09-13T06:39:15.000Z","0058c00000BxeO9AAJ","2025-07-10T00:09:43.000Z","0058c00000BxeO9AAJ","2025-07-10T00:09:43.000Z","","","Picklist","a2B8c000004E5rgEAC","false","false","The borrower contributed the amount of capital required, described above, prior to the bank advancing any dunds under the credit facility?","3.0","a393g000000cIYQAA2","","","","","","","",""
"a308c000000dYRXAA2","0058c00000BxeO9AAJ","false","Q-000291","2023-09-13T06:39:15.000Z","0058c00000BxeO9AAJ","2025-07-10T00:09:43.000Z","0058c00000BxeO9AAJ","2025-07-10T00:09:43.000Z","","","Picklist","a2B8c000004E5rgEAC","false","false","The capital contributed by the borrower, or internally generated by the project, is contractually required to remain in the project throughout the life of the project?","4.0","a393g000000cIYRAA2","","","","","","","",""
"a308c000000dYRYAA2","0058c00000BxeO9AAJ","false","Q-000292","2023-09-13T06:39:15.000Z","0058c00000BxeO9AAJ","2025-07-10T00:09:43.000Z","0058c00000BxeO9AAJ","2025-07-10T00:09:43.000Z","","","Picklist","a2B8c000004E5rgEAC","false","false","I certify this transaction has been indicated as a HVCRE reportable transaction?","5.0","a393g000000cIYSAA2","","","","","","","",""
"a308c000000dYRZAA2","0058c00000BxeO9AAJ","false","Q-000293","2023-09-13T06:39:15.000Z","0058c00000BxeO9AAJ","2025-07-10T00:09:43.000Z","0058c00000BxeO9AAJ","2025-07-10T00:09:43.000Z","","","Picklist","a2B8c000000OrYREA0","true","false","How much will your business deposit in cash on a daily basis?","5.0","a393g000000cIYTAA2","","","","","","","",""
"a308c000000dYRaAAM","0058c00000BxeO9AAJ","false","Q-000294","2023-09-13T06:39:15.000Z","0058c00000BxeO9AAJ","2025-07-10T00:09:43.000Z","0058c00000BxeO9AAJ","2025-07-10T00:09:43.000Z","","","Picklist","a2B8c000000OrYREA0","false","false","How often do you expect to send money overseas?","3.0","a393g000000cIYUAA2","","","","","","","",""
"a308c000000dYRbAAM","0058c00000BxeO9AAJ","false","Q-000295","2023-09-13T06:39:15.000Z","0058c00000BxeO9AAJ","2025-07-10T00:09:43.000Z","0058c00000BxeO9AAJ","2025-07-10T00:09:43.000Z","","","Picklist","a2B8c000004E5rUEAS","false","false","I certify this loan is not CRA reportable?","6.0","a393g000000cIYVAA2","","","","","","","",""
"a308c000000dYRcAAM","0058c00000BxeO9AAJ","false","Q-000296","2023-09-13T06:39:15.000Z","0058c00000BxeO9AAJ","2025-07-10T00:09:43.000Z","0058c00000BxeO9AAJ","2025-07-10T00:09:43.000Z","","","Picklist","a2B8c000004E5raEAC","false","false","What is your country of residence?","3.0","a393g000000cIYWAA2","","","","","","","",""
"a308c000000dYRdAAM","0058c00000BxeO9AAJ","false","Q-000297","2023-09-13T06:39:15.000Z","0058c00000BxeO9AAJ","2025-07-10T00:09:43.000Z","0058c00000BxeO9AAJ","2025-07-10T00:09:43.000Z","","","Text","a2B8c000004E5rZEAS","false","false","What is the parent company name and tax ID number?","6.0","a393g000000cIYXAA2","","","","","","","",""
"a308c000000dYReAAM","0058c00000BxeO9AAJ","false","Q-000298","2023-09-13T06:39:15.000Z","0058c00000BxeO9AAJ","2025-07-10T00:09:43.000Z","0058c00000BxeO9AAJ","2025-07-10T00:09:43.000Z","","","Picklist","a2B8c000004E5rZEAS","false","false","Is there a parent company with more than 50% ownership?","5.0","a393g000000cIYYAA2","","","","","","","",""
"a308c000000dYRfAAM","0058c00000BxeO9AAJ","false","Q-000299","2023-09-13T06:39:15.000Z","0058c00000BxeO9AAJ","2025-07-10T00:09:43.000Z","0058c00000BxeO9AAJ","2025-07-10T00:09:43.000Z","","","Picklist","a2B8c000004E5rZEAS","false","false","If this business is a non-operating entity, from where does this business originate funds?","4.0","a393g000000cIYZAA2","","","","","","","",""
"a308c000000dYRgAAM","0058c00000BxeO9AAJ","false","Q-000300","2023-09-13T06:39:15.000Z","0058c00000BxeO9AAJ","2025-07-10T00:09:43.000Z","0058c00000BxeO9AAJ","2025-07-10T00:09:43.000Z","","","Percentage","a2B8c000004E5rWEAS","false","false","What percentage of income is from foreign-related sources? (Max 20%)","6.0","a393g000000cIYaAAM","","","","","20.0","1.0","",""
"a308c000000dYRhAAM","0058c00000BxeO9AAJ","false","Q-000301","2023-09-13T06:39:15.000Z","0058c00000BxeO9AAJ","2025-07-10T00:09:43.000Z","0058c00000BxeO9AAJ","2025-07-10T00:09:43.000Z","","","Picklist","a2B8c000004E5rdEAC","false","false","I certify that this loan has been marked HMDA Reportable and the applicable loan details have been populated.","4.0","a393g000000cIYbAAM","","","","","","","",""
"a308c000000dYRiAAM","0058c00000BxeO9AAJ","false","Q-000302","2023-09-13T06:39:15.000Z","0058c00000BxeO9AAJ","2025-07-10T00:09:43.000Z","0058c00000BxeO9AAJ","2025-07-10T00:09:43.000Z","","","Picklist","a2B8c000004E5rdEAC","false","false","I certify that this loan IS NOT HMDA Reportable.","5.0","a393g000000cIYcAAM","","","","","","","",""
"a308c000000dYRjAAM","0058c00000BxeO9AAJ","false","Q-000303","2023-09-13T06:39:15.000Z","0058c00000BxeO9AAJ","2025-07-10T00:09:43.000Z","0058c00000BxeO9AAJ","2025-07-10T00:09:43.000Z","","","Picklist","a2B8c000000OrYREA0","false","false","Are you registered as a Money Service Business with the state in which you operate?","9.0","a393g000000cIYdAAM","","","","","","","",""
"a308c000000dYRkAAM","0058c00000BxeO9AAJ","false","Q-000304","2023-09-13T06:39:15.000Z","0058c00000BxeO9AAJ","2025-07-10T00:09:43.000Z","0058c00000BxeO9AAJ","2025-07-10T00:09:43.000Z","","","Text","a2B8c000004E5rfEAC","false","false","Please describe how the subject transaction is in compliance with market terms and arms length definitions as defined in Reg W.","6.0","a393g000000cIYgAAM","","","","","","","",""
"a308c000000dYRlAAM","0058c00000BxeO9AAJ","false","Q-000305","2023-09-13T06:39:15.000Z","0058c00000BxeO9AAJ","2025-07-10T00:09:43.000Z","0058c00000BxeO9AAJ","2025-07-10T00:09:43.000Z","","","Picklist","a2B8c000004E5rfEAC","false","false","Does this transaction contain a guarantee on behalf of an affiliate?","2.0","a393g000000cIYhAAM","","","","","","","",""
"a308c000000dYRmAAM","0058c00000BxeO9AAJ","false","Q-000306","2023-09-13T06:39:15.000Z","0058c00000BxeO9AAJ","2025-07-10T00:09:43.000Z","0058c00000BxeO9AAJ","2025-07-10T00:09:43.000Z","","","Picklist","a2B8c000004E5rgEAC","false","false","I certify this transaction is NOT HVCRE reportable","6.0","a393g000000cIYiAAM","","","","","","","",""
"a308c000000dYRnAAM","0058c00000BxeO9AAJ","false","Q-000307","2023-09-13T06:39:15.000Z","0058c00000BxeO9AAJ","2025-07-10T00:09:43.000Z","0058c00000BxeO9AAJ","2025-07-10T00:09:43.000Z","","","Picklist","a2B8c000004E5rfEAC","false","false","Does this transaction utilize as collateral any securities issued by an affiliate?","4.0","a393g000000cIYjAAM","","","","","","","",""
"a308c000000dYRoAAM","0058c00000BxeO9AAJ","false","Q-000308","2023-09-13T06:39:15.000Z","0058c00000BxeO9AAJ","2025-07-10T00:09:43.000Z","0058c00000BxeO9AAJ","2025-07-10T00:09:43.000Z","","","Checkbox","a2B8c000004E5rXEAS","false","false","Will payments for this loan be made from an overseas account?","1.0","a393g000000cIYkAAM","","","","If payments for this loan be made from an overseas account, please indicate that here by checking the box.","","","",""
"a308c000000dYRpAAM","0058c00000BxeO9AAJ","false","Q-000309","2023-09-13T06:39:15.000Z","0058c00000BxeO9AAJ","2025-07-10T00:09:43.000Z","0058c00000BxeO9AAJ","2025-07-10T00:09:43.000Z","","","Checkbox","a2B8c000004E5rXEAS","false","false","Will proceeds from this loan be disbursed to an overseas account?","0.0","a393g000000cIYlAAM","","","","If proceeds from this loan be disbursed to an overseas account, please indicate that here by checking the box.","","","",""
"a308c000000dYRqAAM","0058c00000BxeO9AAJ","false","Q-000310","2023-09-13T06:39:15.000Z","0058c00000BxeO9AAJ","2025-07-10T00:09:43.000Z","0058c00000BxeO9AAJ","2025-07-10T00:09:43.000Z","","","Checkbox","a2B8c000004E5rXEAS","false","false","Does your business engage directly in the importing or exporting of goods from overseas?","2.0","a393g000000cIYmAAM","","","","If your business engage directly in the importing or exporting of goods from overseas, please indicate that here by checking the box.","","","",""
"a308c000000dYRrAAM","0058c00000BxeO9AAJ","false","Q-000311","2023-09-13T06:39:15.000Z","0058c00000BxeO9AAJ","2025-07-10T00:09:43.000Z","0058c00000BxeO9AAJ","2025-07-10T00:09:43.000Z","","","Checkbox","a2B8c000004E5rXEAS","false","false","Does your business engage in transferring funds internationally?","3.0","a393g000000cIYnAAM","","","","If your business engage in transferring funds internationally, please indicate that here by checking the box.","","","",""
"a308c000000dYRsAAM","0058c00000BxeO9AAJ","false","Q-000312","2023-09-13T06:39:15.000Z","0058c00000BxeO9AAJ","2025-07-10T00:09:43.000Z","0058c00000BxeO9AAJ","2025-07-10T00:09:43.000Z","","","Picklist","a2B8c000004E5rYEAS","false","false","Is your company publicly traded?","0.0","a393g000000cIYoAAM","","","","","","","",""
"a308c000000dYRtAAM","0058c00000BxeO9AAJ","false","Q-000313","2023-09-13T06:39:15.000Z","0058c00000BxeO9AAJ","2025-07-10T00:09:43.000Z","0058c00000BxeO9AAJ","2025-07-10T00:09:43.000Z","","","Picklist","a2B8c000004E5rYEAS","false","false","Does your company provide check cashing services? (Money Service business)","2.0","a393g000000cIYpAAM","","","","","","","",""
"a308c000000dYRuAAM","0058c00000BxeO9AAJ","false","Q-000314","2023-09-13T06:39:15.000Z","0058c00000BxeO9AAJ","2025-07-10T00:09:43.000Z","0058c00000BxeO9AAJ","2025-07-10T00:09:43.000Z","","","Picklist","a2B8c000004E5rZEAS","true","true","As part of new customer onboarding, you may wish to capture KYC, CIP, and USA Patriot Act info directly from your customer. If you wish to do this now, choose Yes.","0.0","a393g000000cIYqAAM","","","","","","","",""
"a308c000000dYRvAAM","0058c00000BxeO9AAJ","false","Q-000315","2023-09-13T06:39:15.000Z","0058c00000BxeO9AAJ","2025-07-10T00:09:43.000Z","0058c00000BxeO9AAJ","2025-07-10T00:09:43.000Z","","","Picklist","a2B8c000004E5rbEAC","false","false","Is the total facility amount equal to or greater than $20 Million?","0.0","a393g000000cIYrAAM","","","","","","","",""
"a308c000000dYRwAAM","0058c00000BxeO9AAJ","false","Q-000316","2023-09-13T06:39:15.000Z","0058c00000BxeO9AAJ","2025-07-10T00:09:43.000Z","0058c00000BxeO9AAJ","2025-07-10T00:09:43.000Z","","","Picklist","a2B8c000004E5rbEAC","false","false","How many institutions are involved in this transaction?","1.0","a393g000000cIYsAAM","","","","","","","",""
"a308c000000dYRxAAM","0058c00000BxeO9AAJ","false","Q-000317","2023-09-13T06:39:15.000Z","0058c00000BxeO9AAJ","2025-07-10T00:09:43.000Z","0058c00000BxeO9AAJ","2025-07-10T00:09:43.000Z","","","Picklist","a2B8c000004E5rbEAC","false","false","Has this facility received an adverse rating based on the SNC program guidelines?","2.0","a393g000000cIYtAAM","","","","","","","",""
"a308c000000dYRyAAM","0058c00000BxeO9AAJ","false","Q-000318","2023-09-13T06:39:15.000Z","0058c00000BxeO9AAJ","2025-07-10T00:09:43.000Z","0058c00000BxeO9AAJ","2025-07-10T00:09:43.000Z","","","Picklist","a2B8c000004E5rbEAC","false","true","I certify that this facility needs to be reported as a SNC loan.","3.0","a393g000000cIYuAAM","","","","","","","",""
"a308c000000dYRzAAM","0058c00000BxeO9AAJ","false","Q-000319","2023-09-13T06:39:15.000Z","0058c00000BxeO9AAJ","2025-07-10T00:09:43.000Z","0058c00000BxeO9AAJ","2025-07-10T00:09:43.000Z","","","Picklist","a2B8c000004E5rgEAC","true","false","The capital contributed by the borrower, or internally generatedd by the project, is contractually required to remain in the project throughout the life of the project?","4.0","a393g000000cIYwAAM","","","","","","","",""
"a308c000000dYS0AAM","0058c00000BxeO9AAJ","false","Q-000320","2023-09-13T06:39:15.000Z","0058c00000BxeO9AAJ","2025-07-10T00:09:43.000Z","0058c00000BxeO9AAJ","2025-07-10T00:09:43.000Z","","","Picklist","a2B8c000004E5rgEAC","true","false","I certify this transaction has been indicated a HVCRE reportable transaction?","5.0","a393g000000cIYxAAM","","","","","","","",""
"a308c000000dYS1AAM","0058c00000BxeO9AAJ","false","Q-000321","2023-09-13T06:39:15.000Z","0058c00000BxeO9AAJ","2025-07-10T00:09:43.000Z","0058c00000BxeO9AAJ","2025-07-10T00:09:43.000Z","","","Picklist","a2B8c000004E5rgEAC","true","false","I certify this transaction has been indicated as a HVCRE reportable transaction?","5.0","a393g000000cIYyAAM","","","","","","","",""
"a308c000000dYS2AAM","0058c00000BxeO9AAJ","false","Q-000322","2023-09-13T06:39:15.000Z","0058c00000BxeO9AAJ","2025-07-10T00:09:43.000Z","0058c00000BxeO9AAJ","2025-07-10T00:09:43.000Z","","","Textarea","a2B8c000004E5rYEAS","false","false","List the countries is which your business operates.","1.0","a393g000000cIYzAAM","","","","","","","",""
"a308c000000dYS3AAM","0058c00000BxeO9AAJ","false","Q-000323","2023-09-13T06:39:15.000Z","0058c00000BxeO9AAJ","2025-07-10T00:09:43.000Z","0058c00000BxeO9AAJ","2025-07-10T00:09:43.000Z","","","Percentage","a2B8c000004E5rXEAS","false","false","What percentage of funds do you plan to use within the first month of obtaining funding?","4.0","a393g000000cIZ0AAM","","","","Please indicate the percentage of funds that are planning the be used within the first month of obtaining funding.","100.0","0.0","",""
"a308c000000dYS4AAM","0058c00000BxeO9AAJ","false","Q-000324","2023-09-13T06:39:15.000Z","0058c00000BxeO9AAJ","2025-07-10T00:09:43.000Z","0058c00000BxeO9AAJ","2025-07-10T00:09:43.000Z","","","Picklist","a2B8c000000OrYPEA0","false","false","Is this loan secured by a residential dwelling including: 1-2 Family home (condominium) Manufactured housing (with or without land) Multi-family dwelling (five or more units)?","0.0","a304S0000008XYUQA2","","","","","","","",""
"a308c000000dYS5AAM","0058c00000BxeO9AAJ","false","Q-000325","2023-09-13T06:39:15.000Z","0058c00000BxeO9AAJ","2025-07-10T00:09:43.000Z","0058c00000BxeO9AAJ","2025-07-10T00:09:43.000Z","","","Picklist","a2B8c000000OrYPEA0","true","false","I certify that this loan has been marked HMDA Reportable and the applicable loan details have been populated.","4.0","a304S0000008XYVQA2","","","","","","","",""
"a308c000000dYS6AAM","0058c00000BxeO9AAJ","false","Q-000326","2023-09-13T06:39:15.000Z","0058c00000BxeO9AAJ","2025-07-10T00:09:43.000Z","0058c00000BxeO9AAJ","2025-07-10T00:09:43.000Z","","","Picklist","a2B8c000000OrYPEA0","false","false","Is this loan purpose to purchase, improve, or refinance a dwelling?","1.0","a304S0000008XYWQA2","","","","","","","",""
"a308c000000dYS7AAM","0058c00000BxeO9AAJ","false","Q-000327","2023-09-13T06:39:15.000Z","0058c00000BxeO9AAJ","2025-07-10T00:09:43.000Z","0058c00000BxeO9AAJ","2025-07-10T00:09:43.000Z","","","Picklist","a2B8c000000OrYPEA0","true","false","Is the loan (not secured by residential dwelling) for the purpose of imporving (repair, rehabilitation, or renovating) a residential dwelling AND the bank classified it as a home improvement loan?","2.0","a304S0000008XYXQA2","","","","","","","",""
"a308c000000dYS8AAM","0058c00000BxeO9AAJ","false","Q-000328","2023-09-13T06:39:15.000Z","0058c00000BxeO9AAJ","2025-07-10T00:09:43.000Z","0058c00000BxeO9AAJ","2025-07-10T00:09:43.000Z","","","Picklist","a2B8c000000OrYPEA0","false","false","Is this loan a construction-only, bridge loan, or other temporary financing expected to be replaced with permanent financing?","3.0","a304S0000008XYYQA2","","","","","","","",""
"a308c000000dYS9AAM","0058c00000BxeO9AAJ","false","Q-000329","2023-09-13T06:39:15.000Z","0058c00000BxeO9AAJ","2025-07-10T00:09:43.000Z","0058c00000BxeO9AAJ","2025-07-10T00:09:43.000Z","","","Picklist","a2B8c000000OrYPEA0","true","false","I certify that this loan IS NOT HMDA Reportable.","4.0","a304S0000008XYZQA2","","","","","","","",""
"a308c000000dYSAAA2","0058c00000BxeO9AAJ","false","Q-000330","2023-09-13T06:39:15.000Z","0058c00000BxeO9AAJ","2025-07-10T00:09:43.000Z","0058c00000BxeO9AAJ","2025-07-10T00:09:43.000Z","","","Picklist","a2B8c000000OrYJEA0","false","false","Is any borrower, co-borrower, or guarantor an executive officer, director, or principal shareholder of that bank, of a bank holding company of which the member bank is a subsidiary, and of any other subsidiary of that bank holding company?","0.0","a304S0000008XYaQAM","","","","","","","",""
"a308c000000dYSBAA2","0058c00000BxeO9AAJ","false","Q-000331","2023-09-13T06:39:15.000Z","0058c00000BxeO9AAJ","2025-07-10T00:09:43.000Z","0058c00000BxeO9AAJ","2025-07-10T00:09:43.000Z","","","Picklist","a2B8c000000OrYJEA0","true","false","If any borrower, co-borrower, or guarantor of this loan is an employee of the bank or any affiliates, I certify I have indicated this is an //""Employee Loan//"".","1.0","a304S0000008XYbQAM","","","","","","","",""
"a308c000000dYSCAA2","0058c00000BxeO9AAJ","false","Q-000332","2023-09-13T06:39:15.000Z","0058c00000BxeO9AAJ","2025-07-10T00:09:43.000Z","0058c00000BxeO9AAJ","2025-07-10T00:09:43.000Z","","","Picklist","a2B8c000000OrYJEA0","true","false","I certify this loan has been marked as //""Reg O Reportable//"".","2.0","a304S0000008XYcQAM","","","","","","","",""
"a308c000000dYSDAA2","0058c00000BxeO9AAJ","false","Q-000333","2023-09-13T06:39:15.000Z","0058c00000BxeO9AAJ","2025-07-10T00:09:43.000Z","0058c00000BxeO9AAJ","2025-07-10T00:09:43.000Z","","","Picklist","a2B8c000000OrYPEA0","false","false","I certify that this loan has been marked HMDA Reportable and the applicable loan details have been populated.","4.0","a304S0000008XYdQAM","","","","","","","",""
"a308c000000dYSEAA2","0058c00000BxeO9AAJ","false","Q-000334","2023-09-13T06:39:15.000Z","0058c00000BxeO9AAJ","2025-07-10T00:09:43.000Z","0058c00000BxeO9AAJ","2025-07-10T00:09:43.000Z","","","Picklist","a2B8c000000OrYJEA0","false","false","If any borrower, co-borrower, or guarantor of this loan is an employee of the bank or any affiliates, I certify I have indicated this is an //""Employee Loan//"".","1.0","a304S0000008XYeQAM","","","","","","","",""
"a308c000000dYSFAA2","0058c00000BxeO9AAJ","false","Q-000335","2023-09-13T06:39:15.000Z","0058c00000BxeO9AAJ","2025-07-10T00:09:43.000Z","0058c00000BxeO9AAJ","2025-07-10T00:09:43.000Z","","","Picklist","a2B8c000000OrYJEA0","false","false","I certify this loan has been marked as //""Reg O Reportable//"".","2.0","a304S0000008XYfQAM","","","","","","","",""
"a308c000000dYSGAA2","0058c00000BxeO9AAJ","false","Q-000336","2023-09-13T06:39:15.000Z","0058c00000BxeO9AAJ","2025-07-10T00:09:43.000Z","0058c00000BxeO9AAJ","2025-07-10T00:09:43.000Z","","","Picklist","a2B8c000000OrYKEA0","false","false","Is any borrower, co-borrower, or guarantor company directly or indirectly controlled, sponsored, or advised by our bank?","0.0","a304S0000008XYgQAM","","","","","","","",""
"a308c000000dYSHAA2","0058c00000BxeO9AAJ","false","Q-000337","2023-09-13T06:39:16.000Z","0058c00000BxeO9AAJ","2025-07-10T00:09:43.000Z","0058c00000BxeO9AAJ","2025-07-10T00:09:43.000Z","","","Picklist","a2B8c000000OrYKEA0","false","false","I certify that Reg W applies to this loan.","5.0","a304S0000008XYhQAM","","","","","","","",""
"a308c000000dYSIAA2","0058c00000BxeO9AAJ","false","Q-000338","2023-09-13T06:39:16.000Z","0058c00000BxeO9AAJ","2025-07-10T00:09:43.000Z","0058c00000BxeO9AAJ","2025-07-10T00:09:43.000Z","","","Picklist","a2B8c000000OrYMEA0","false","false","Is this loan HMDA reportable?","0.0","a304S0000008XYiQAM","","","","","","","",""
"a308c000000dYSJAA2","0058c00000BxeO9AAJ","false","Q-000339","2023-09-13T06:39:16.000Z","0058c00000BxeO9AAJ","2025-07-10T00:09:43.000Z","0058c00000BxeO9AAJ","2025-07-10T00:09:43.000Z","","","Picklist","a2B8c000000OrYMEA0","false","false","Is this loan a renewal, extension or modification of a previously HMDA reportable file?","1.0","a304S0000008XYjQAM","","","","","","","",""
"a308c000000dYSKAA2","0058c00000BxeO9AAJ","false","Q-000340","2023-09-13T06:39:16.000Z","0058c00000BxeO9AAJ","2025-07-10T00:09:43.000Z","0058c00000BxeO9AAJ","2025-07-10T00:09:43.000Z","","","Picklist","a2B8c000000OrYMEA0","false","false","Is this loan for business purposes?","2.0","a304S0000008XYkQAM","","","","","","","",""
"a308c000000dYSLAA2","0058c00000BxeO9AAJ","false","Q-000341","2023-09-13T06:39:16.000Z","0058c00000BxeO9AAJ","2025-07-10T00:09:43.000Z","0058c00000BxeO9AAJ","2025-07-10T00:09:43.000Z","","","Picklist","a2B8c000000OrYMEA0","false","false","Is the loan amount $1 Million or less?","3.0","a304S0000008XYlQAM","","","","","","","",""
"a308c000000dYSMAA2","0058c00000BxeO9AAJ","false","Q-000342","2023-09-13T06:39:16.000Z","0058c00000BxeO9AAJ","2025-07-10T00:09:43.000Z","0058c00000BxeO9AAJ","2025-07-10T00:09:43.000Z","","","Picklist","a2B8c000000OrYMEA0","false","false","Is this loan an origination?","4.0","a304S0000008XYmQAM","","","","","","","",""
"a308c000000dYSNAA2","0058c00000BxeO9AAJ","false","Q-000343","2023-09-13T06:39:16.000Z","0058c00000BxeO9AAJ","2025-07-10T00:09:43.000Z","0058c00000BxeO9AAJ","2025-07-10T00:09:43.000Z","","","Picklist","a2B8c000000OrYMEA0","false","false","I certify that this loan is CRA reportable?","6.0","a304S0000008XYnQAM","","","","","","","",""
"a308c000000dYSOAA2","0058c00000BxeO9AAJ","false","Q-000344","2023-09-13T06:39:16.000Z","0058c00000BxeO9AAJ","2025-07-10T00:09:43.000Z","0058c00000BxeO9AAJ","2025-07-10T00:09:43.000Z","","","Picklist","a2B8c000000OrYLEA0","false","true","Will this loan be used for construction of:","0.0","a304S0000008XYoQAM","","","","","","","",""
"a308c000000dYSPAA2","0058c00000BxeO9AAJ","false","Q-000345","2023-09-13T06:39:16.000Z","0058c00000BxeO9AAJ","2025-07-10T00:09:43.000Z","0058c00000BxeO9AAJ","2025-07-10T00:09:43.000Z","","","Picklist","a2B8c000000OrYLEA0","false","false","Is the LTV ratio less than or equal to the applicable maximum supervisory LTV ratio?","1.0","a304S0000008XYpQAM","","","","","","","",""
"a308c000000dYSQAA2","0058c00000BxeO9AAJ","false","Q-000346","2023-09-13T06:39:16.000Z","0058c00000BxeO9AAJ","2025-07-10T00:09:43.000Z","0058c00000BxeO9AAJ","2025-07-10T00:09:43.000Z","","","Picklist","a2B8c000000OrYLEA0","false","false","Has the borrower contributed capital to the project in the form of cash or unencumbered readily marketable assets (must contribute to the project) estate's appraised //""as completed//"" value?","2.0","a304S0000008XYqQAM","","","","","","","",""
"a308c000000dYSRAA2","0058c00000BxeO9AAJ","false","Q-000347","2023-09-13T06:39:16.000Z","0058c00000BxeO9AAJ","2025-07-10T00:09:43.000Z","0058c00000BxeO9AAJ","2025-07-10T00:09:43.000Z","","","Picklist","a2B8c000000OrYLEA0","false","false","The borrower contributed the amount of capital required, described above, prior to the bank advancing any dunds under the credit facility?","3.0","a304S0000008XYrQAM","","","","","","","",""
"a308c000000dYSSAA2","0058c00000BxeO9AAJ","false","Q-000348","2023-09-13T06:39:16.000Z","0058c00000BxeO9AAJ","2025-07-10T00:09:43.000Z","0058c00000BxeO9AAJ","2025-07-10T00:09:43.000Z","","","Picklist","a2B8c000000OrYLEA0","false","false","The capital contributed by the borrower, or internally generated by the project, is contractually required to remain in the project throughout the life of the project?","4.0","a304S0000008XYsQAM","","","","","","","",""
"a308c000000dYSTAA2","0058c00000BxeO9AAJ","false","Q-000349","2023-09-13T06:39:16.000Z","0058c00000BxeO9AAJ","2025-07-10T00:09:43.000Z","0058c00000BxeO9AAJ","2025-07-10T00:09:43.000Z","","","Picklist","a2B8c000000OrYLEA0","false","false","I certify this transaction has been indicated as a HVCRE reportable transaction?","5.0","a304S0000008XYtQAM","","","","","","","",""
"a308c000000dYSUAA2","0058c00000BxeO9AAJ","false","Q-000350","2023-09-13T06:39:16.000Z","0058c00000BxeO9AAJ","2025-07-10T00:09:43.000Z","0058c00000BxeO9AAJ","2025-07-10T00:09:43.000Z","","","Picklist","a2B8c000000OrYREA0","false","false","What is your expected annual revenue?","0.0","a304S0000008XYuQAM","","","","","","","",""
"a308c000000dYSVAA2","0058c00000BxeO9AAJ","false","Q-000351","2023-09-13T06:39:16.000Z","0058c00000BxeO9AAJ","2025-07-10T00:09:43.000Z","0058c00000BxeO9AAJ","2025-07-10T00:09:43.000Z","","","Picklist","a2B8c000000OrYREA0","false","false","What is your expected annual expenses?","1.0","a304S0000008XYvQAM","","","","","","","",""
"a308c000000dYSWAA2","0058c00000BxeO9AAJ","false","Q-000352","2023-09-13T06:39:16.000Z","0058c00000BxeO9AAJ","2025-07-10T00:09:43.000Z","0058c00000BxeO9AAJ","2025-07-10T00:09:43.000Z","","","Picklist","a2B8c000000OrYREA0","false","false","Do you expect to conduct international transactions?","2.0","a304S0000008XYwQAM","","","","","","","",""
"a308c000000dYSXAA2","0058c00000BxeO9AAJ","false","Q-000353","2023-09-13T06:39:16.000Z","0058c00000BxeO9AAJ","2025-07-10T00:09:43.000Z","0058c00000BxeO9AAJ","2025-07-10T00:09:43.000Z","","","Picklist","a2B8c000000OrYREA0","false","false","How much will your business deposit in cash on a daily basis?","4.0","a304S0000008XYxQAM","","","","","","","",""
"a308c000000dYSYAA2","0058c00000BxeO9AAJ","false","Q-000354","2023-09-13T06:39:16.000Z","0058c00000BxeO9AAJ","2025-07-10T00:09:43.000Z","0058c00000BxeO9AAJ","2025-07-10T00:09:43.000Z","","","Picklist","a2B8c000000OrYREA0","false","false","How long have you been in business?","5.0","a304S0000008XYyQAM","","","","","","","",""
"a308c000000dYSZAA2","0058c00000BxeO9AAJ","false","Q-000355","2023-09-13T06:39:16.000Z","0058c00000BxeO9AAJ","2025-07-10T00:09:43.000Z","0058c00000BxeO9AAJ","2025-07-10T00:09:43.000Z","","","Picklist","a2B8c000000OrYREA0","false","false","What amount do you intend to maintain in this account?","6.0","a304S0000008XYzQAM","","","","","","","",""
"a308c000000dYSaAAM","0058c00000BxeO9AAJ","false","Q-000356","2023-09-13T06:39:16.000Z","0058c00000BxeO9AAJ","2025-07-10T00:09:43.000Z","0058c00000BxeO9AAJ","2025-07-10T00:09:43.000Z","","","Picklist","a2B8c000000OrYREA0","false","false","How will you be using this account?","7.0","a304S0000008XZ0QAM","","","","","","","",""
"a308c000000dYSbAAM","0058c00000BxeO9AAJ","false","Q-000357","2023-09-13T06:39:16.000Z","0058c00000BxeO9AAJ","2025-07-10T00:09:43.000Z","0058c00000BxeO9AAJ","2025-07-10T00:09:43.000Z","","","Picklist","a2B8c000000OrYREA0","false","false","Do any of the following apply to your business?","8.0","a304S0000008XZ1QAM","","","","","","","",""
"a308c000000dYScAAM","0058c00000BxeO9AAJ","false","Q-000358","2023-09-13T06:39:16.000Z","0058c00000BxeO9AAJ","2025-07-10T00:09:43.000Z","0058c00000BxeO9AAJ","2025-07-10T00:09:43.000Z","","","Picklist","a2B8c000000OrYREA0","false","false","May I ask you a few more questions to better understand your needs?","10.0","a304S0000008XZ2QAM","","","","","","","",""
"a308c000000dYSdAAM","0058c00000BxeO9AAJ","false","Q-000359","2023-09-13T06:39:16.000Z","0058c00000BxeO9AAJ","2025-07-10T00:09:43.000Z","0058c00000BxeO9AAJ","2025-07-10T00:09:43.000Z","","","Picklist","a2B8c000000OrYPEA0","false","false","Is the loan (not secured by residential dwelling) for the purpose of improving (repair, rehabilitation, or renovating) a residential dwelling AND the bank classified it as a home improvement loan?","2.0","a304S0000008XZ3QAM","","","","","","","",""
"a308c000000dYSeAAM","0058c00000BxeO9AAJ","false","Q-000360","2023-09-13T06:39:16.000Z","0058c00000BxeO9AAJ","2025-07-10T00:09:43.000Z","0058c00000BxeO9AAJ","2025-07-10T00:09:43.000Z","","","Picklist","a2B8c000000OrYPEA0","false","false","I certify that this loan IS NOT HMDA Reportable.","5.0","a304S0000008XZ4QAM","","","","","","","",""
"a308c000000dYSfAAM","0058c00000BxeO9AAJ","false","Q-000361","2023-09-13T06:39:16.000Z","0058c00000BxeO9AAJ","2025-07-10T00:09:43.000Z","0058c00000BxeO9AAJ","2025-07-10T00:09:43.000Z","","","Picklist","a2B8c000000OrYKEA0","false","false","Does this transaction intend to support the purchase of assets from an affiliate?","1.0","a304S0000008XZ5QAM","","","","","","","",""
"a308c000000dYSgAAM","0058c00000BxeO9AAJ","false","Q-000362","2023-09-13T06:39:16.000Z","0058c00000BxeO9AAJ","2025-07-10T00:09:43.000Z","0058c00000BxeO9AAJ","2025-07-10T00:09:43.000Z","","","Picklist","a2B8c000000OrYKEA0","false","false","Does this transaction contain a guarantee on behalf of an affiliate?","2.0","a304S0000008XZ6QAM","","","","","","","",""
"a308c000000dYShAAM","0058c00000BxeO9AAJ","false","Q-000363","2023-09-13T06:39:16.000Z","0058c00000BxeO9AAJ","2025-07-10T00:09:43.000Z","0058c00000BxeO9AAJ","2025-07-10T00:09:43.000Z","","","Picklist","a2B8c000000OrYKEA0","false","false","Does this transaction help to invest in securities issued by an affiliate?","3.0","a304S0000008XZ7QAM","","","","","","","",""
"a308c000000dYSiAAM","0058c00000BxeO9AAJ","false","Q-000364","2023-09-13T06:39:16.000Z","0058c00000BxeO9AAJ","2025-07-10T00:09:43.000Z","0058c00000BxeO9AAJ","2025-07-10T00:09:43.000Z","","","Picklist","a2B8c000000OrYKEA0","false","false","Does this transaction utilize as collateral any securities issued by an affiliate?","4.0","a304S0000008XZ8QAM","","","","","","","",""
"a308c000000dYSjAAM","0058c00000BxeO9AAJ","false","Q-000365","2023-09-13T06:39:16.000Z","0058c00000BxeO9AAJ","2025-07-10T00:09:43.000Z","0058c00000BxeO9AAJ","2025-07-10T00:09:43.000Z","","","Text","a2B8c000000OrYKEA0","false","false","Please describe how the subject transaction is in compliance with market terms and arms length definitions as defined in Reg W.","6.0","a304S0000008XZ9QAM","","","","","","","",""
"a308c000000dYSkAAM","0058c00000BxeO9AAJ","false","Q-000366","2023-09-13T06:39:16.000Z","0058c00000BxeO9AAJ","2025-07-10T00:09:43.000Z","0058c00000BxeO9AAJ","2025-07-10T00:09:43.000Z","","","Picklist","a2B8c000000OrYLEA0","false","false","I certify this transaction is NOT HVCRE reportable","6.0","a304S0000008XZAQA2","","","","","","","",""
"a308c000000dYSlAAM","0058c00000BxeO9AAJ","false","Q-000367","2023-09-13T06:39:16.000Z","0058c00000BxeO9AAJ","2025-07-10T00:09:43.000Z","0058c00000BxeO9AAJ","2025-07-10T00:09:43.000Z","","","Picklist","a2B8c000000OrYMEA0","false","false","I certify this loan is not CRA reportable?","5.0","a304S0000008XZBQA2","","","","","","","",""
"a308c000000dYSmAAM","0058c00000BxeO9AAJ","false","Q-000368","2023-09-13T06:39:16.000Z","0058c00000BxeO9AAJ","2025-07-10T00:09:43.000Z","0058c00000BxeO9AAJ","2025-07-10T00:09:43.000Z","","","Picklist","a2B8c0000076lQREAY","false","false","How often do you send money out of the country?","0.0","a304S0000008XZCQA2","","","","","","","",""
"a308c000000dYSnAAM","0058c00000BxeO9AAJ","false","Q-000369","2023-09-13T06:39:16.000Z","0058c00000BxeO9AAJ","2025-07-10T00:09:43.000Z","0058c00000BxeO9AAJ","2025-07-10T00:09:43.000Z","","","Picklist","a2B8c0000076lQREAY","false","false","May I ask you a few more questions to better understand your needs?","5.0","a304S0000008XZDQA2","","","","","","","",""
"a308c000000dYSoAAM","0058c00000BxeO9AAJ","false","Q-000370","2023-09-13T06:39:16.000Z","0058c00000BxeO9AAJ","2025-07-10T00:09:43.000Z","0058c00000BxeO9AAJ","2025-07-10T00:09:43.000Z","","","Picklist","a2B8c0000076lQREAY","false","false","How do you prefer to monitor your account activity?","8.0","a304S0000008XZEQA2","","","","","","","",""
"a308c000000dYSpAAM","0058c00000BxeO9AAJ","false","Q-000371","2023-09-13T06:39:16.000Z","0058c00000BxeO9AAJ","2025-07-10T00:09:43.000Z","0058c00000BxeO9AAJ","2025-07-10T00:09:43.000Z","","","Picklist","a2B8c0000076lQREAY","false","false","How do you typically pay for purchases?","6.0","a304S0000008XZFQA2","","","","","","","",""
"a308c000000dYSqAAM","0058c00000BxeO9AAJ","false","Q-000372","2023-09-13T06:39:16.000Z","0058c00000BxeO9AAJ","2025-07-10T00:09:43.000Z","0058c00000BxeO9AAJ","2025-07-10T00:09:43.000Z","","","Picklist","a2B8c0000076lQREAY","false","false","How do you typically pay your monthly bills?","7.0","a304S0000008XZGQA2","","","","","","","",""
"a308c000000dYSrAAM","0058c00000BxeO9AAJ","false","Q-000373","2023-09-13T06:39:16.000Z","0058c00000BxeO9AAJ","2025-07-10T00:09:43.000Z","0058c00000BxeO9AAJ","2025-07-10T00:09:43.000Z","","","Picklist","a2B8c0000076lQREAY","true","false","How often do you send money out of the country?","0.0","a304S0000008XZHQA2","","","","","","","",""
"a308c000000dYSsAAM","0058c00000BxeO9AAJ","false","Q-000374","2023-09-13T06:39:16.000Z","0058c00000BxeO9AAJ","2025-07-10T00:09:43.000Z","0058c00000BxeO9AAJ","2025-07-10T00:09:43.000Z","","","Picklist","a2B8c0000076lQREAY","false","false","Do you typically make cash deposits?","2.0","a304S0000008XZIQA2","","","","","","","",""
"a308c000000dYStAAM","0058c00000BxeO9AAJ","false","Q-000375","2023-09-13T06:39:16.000Z","0058c00000BxeO9AAJ","2025-07-10T00:09:43.000Z","0058c00000BxeO9AAJ","2025-07-10T00:09:43.000Z","","","Picklist","a2B8c0000076lQREAY","false","false","How much in cash are you typically depositing?","3.0","a304S0000008XZJQA2","","","","","","","",""
"a308c000000dYSuAAM","0058c00000BxeO9AAJ","false","Q-000376","2023-09-13T06:39:16.000Z","0058c00000BxeO9AAJ","2025-07-10T00:09:43.000Z","0058c00000BxeO9AAJ","2025-07-10T00:09:43.000Z","","","Picklist","a2B8c0000076lQREAY","false","false","How do you typically make your deposits?","1.0","a304S0000008XZKQA2","","","","","","","",""
"a308c000000dYSvAAM","0058c00000BxeO9AAJ","false","Q-000377","2023-09-13T06:39:16.000Z","0058c00000BxeO9AAJ","2025-07-10T00:09:43.000Z","0058c00000BxeO9AAJ","2025-07-10T00:09:43.000Z","","","Picklist","a2B8c0000076lQREAY","false","false","What type of automatic payments do you have coming out of your accounts?","4.0","a304S0000008XZLQA2","","","","","","","",""
"a308c000000dYSwAAM","0058c00000BxeO9AAJ","false","Q-000378","2023-09-13T06:39:16.000Z","0058c00000BxeO9AAJ","2025-07-10T00:09:43.000Z","0058c00000BxeO9AAJ","2025-07-10T00:09:43.000Z","","","Picklist","a2B8c0000076lQREAY","false","false","In the next year, do you plan to move locally or relocate?","9.0","a304S0000008XZMQA2","","","","","","","",""
"a308c000000dYSxAAM","0058c00000BxeO9AAJ","false","Q-000379","2023-09-13T06:39:16.000Z","0058c00000BxeO9AAJ","2025-07-10T00:09:43.000Z","0058c00000BxeO9AAJ","2025-07-10T00:09:43.000Z","","","Picklist","a2B8c0000076lQREAY","false","false","In the next year, do you plan to buy or sell any real estate?","10.0","a304S0000008XZNQA2","","","","","","","",""
"a308c000000dYSyAAM","0058c00000BxeO9AAJ","false","Q-000380","2023-09-13T06:39:16.000Z","0058c00000BxeO9AAJ","2025-07-10T00:09:43.000Z","0058c00000BxeO9AAJ","2025-07-10T00:09:43.000Z","","","Picklist","a2B8c0000076lQREAY","false","false","In the next year, do you plan reevaluate how you are planning for your retirement?","11.0","a304S0000008XZOQA2","","","","","","","",""
"a308c000000dYSzAAM","0058c00000BxeO9AAJ","false","Q-000381","2023-09-13T06:39:16.000Z","0058c00000BxeO9AAJ","2025-07-10T00:09:43.000Z","0058c00000BxeO9AAJ","2025-07-10T00:09:43.000Z","","","Picklist","a2B8c000000OrYREA0","false","false","How often do you expect to send money overseas?","3.0","a304S0000008XZPQA2","","","","","","","",""
"a308c000000dYT0AAM","0058c00000BxeO9AAJ","false","Q-000382","2023-09-13T06:39:16.000Z","0058c00000BxeO9AAJ","2025-07-10T00:09:43.000Z","0058c00000BxeO9AAJ","2025-07-10T00:09:43.000Z","","","Picklist","a2B8c000000OrYREA0","true","false","How much will your business deposit in cash on a daily basis?","5.0","a304S0000008XZQQA2","","","","","","","",""
"a308c000000dYT1AAM","0058c00000BxeO9AAJ","false","Q-000383","2023-09-13T06:39:16.000Z","0058c00000BxeO9AAJ","2025-07-10T00:09:43.000Z","0058c00000BxeO9AAJ","2025-07-10T00:09:43.000Z","","","Picklist","a2B8c000000OrYREA0","false","false","Are you registered as a Money Service Business with the state in which you operate?","9.0","a304S0000008XZRQA2","","","","","","","",""
"a308c000000dYT2AAM","0058c00000BxeO9AAJ","false","Q-000384","2023-09-13T06:39:16.000Z","0058c00000BxeO9AAJ","2025-07-10T00:09:43.000Z","0058c00000BxeO9AAJ","2025-07-10T00:09:43.000Z","","","Picklist","a2B8c000000OrYREA0","false","false","May I tell you more about our Treasury Services?","12.0","a304S0000008XZSQA2","","","","","","","",""
"a308c000000dYT3AAM","0058c00000BxeO9AAJ","false","Q-000385","2023-09-13T06:39:16.000Z","0058c00000BxeO9AAJ","2025-07-10T00:09:43.000Z","0058c00000BxeO9AAJ","2025-07-10T00:09:43.000Z","","","Picklist","a2B8c000000OrYREA0","false","false","What types of banking services do you typically use?","11.0","a304S0000008XZTQA2","","","","","","","",""
"a308c000000dYT4AAM","0058c00000BxeO9AAJ","false","Q-000386","2023-09-13T06:39:16.000Z","0058c00000BxeO9AAJ","2025-07-10T00:09:43.000Z","0058c00000BxeO9AAJ","2025-07-10T00:09:43.000Z","","","Picklist","a2B8c000000OrYREA0","false","false","In the next year do you plan to buy or sell any real estate?","14.0","a304S0000008XZUQA2","","","","","","","",""
"a308c000000dYT5AAM","0058c00000BxeO9AAJ","false","Q-000387","2023-09-13T06:39:16.000Z","0058c00000BxeO9AAJ","2025-07-10T00:09:43.000Z","0058c00000BxeO9AAJ","2025-07-10T00:09:43.000Z","","","Picklist","a2B8c000000OrYREA0","false","false","In the next year, do you plan to add additional locations?","13.0","a304S0000008XZVQA2","","","","","","","",""
"a308c000000dYT6AAM","0058c00000BxeO9AAJ","false","Q-000388","2023-09-13T06:39:16.000Z","0058c00000BxeO9AAJ","2025-07-10T00:09:43.000Z","0058c00000BxeO9AAJ","2025-07-10T00:09:43.000Z","","","Picklist","a2B8c000000OrYREA0","false","false","In the next year do you plan to reevaluate retirement options for yourself or your employees?","15.0","a304S0000008XZWQA2","","","","","","","",""
"a308c000000dYT7AAM","0058c00000BxeO9AAJ","false","Q-000389","2023-09-13T06:39:16.000Z","0058c00000BxeO9AAJ","2025-07-10T00:09:43.000Z","0058c00000BxeO9AAJ","2025-07-10T00:09:43.000Z","","","Picklist","a2B8c000000OrYREA0","false","false","In the next year do you plan to purchase or refinance any business associated assets?","16.0","a304S0000008XZXQA2","","","","","","","",""
"a308c000000dYT8AAM","0058c00000BxeO9AAJ","false","Q-000390","2023-09-13T06:39:16.000Z","0058c00000BxeO9AAJ","2025-07-10T00:09:43.000Z","0058c00000BxeO9AAJ","2025-07-10T00:09:43.000Z","","","Picklist","a2B8c000004E5rBEAS","true","false","Are you a Senior Political Figure?","0.0","42771969938266477","","","","","","","",""
"a308c000000dYT9AAM","0058c00000BxeO9AAJ","false","Q-000391","2023-09-13T06:39:16.000Z","0058c00000BxeO9AAJ","2025-07-10T00:09:43.000Z","0058c00000BxeO9AAJ","2025-07-10T00:09:43.000Z","","","Text","a2B8c000004E5rBEAS","false","false","What is the position held?","1.0","42501605687058924","","","","","","","",""
"a308c000000dYTAAA2","0058c00000BxeO9AAJ","false","Q-000392","2023-09-13T06:39:16.000Z","0058c00000BxeO9AAJ","2025-07-10T00:09:43.000Z","0058c00000BxeO9AAJ","2025-07-10T00:09:43.000Z","","","Picklist","a2B8c000004E5rCEAS","false","false","Do you expect to use Wire Transfer Services?","0.0","42931928143619244","","","","","","","",""
"a308c000000dYTBAA2","0058c00000BxeO9AAJ","false","Q-000393","2023-09-13T06:39:16.000Z","0058c00000BxeO9AAJ","2025-07-10T00:09:43.000Z","0058c00000BxeO9AAJ","2025-07-10T00:09:43.000Z","","","Picklist","a2B8c000004E5rCEAS","false","false","Type of wire transfer","1.0","42519281191284095","","","","","","","",""
"a308c000000dYTCAA2","0058c00000BxeO9AAJ","false","Q-000394","2023-09-13T06:39:16.000Z","0058c00000BxeO9AAJ","2025-07-10T00:09:43.000Z","0058c00000BxeO9AAJ","2025-07-10T00:09:43.000Z","","","Picklist","a2B8c000004E5rCEAS","false","false","Do you expect that you will be receiving or sending wires to foreign countries?","2.0","42080456837102176","","","","","","","",""
"a308c000000dYTDAA2","0058c00000BxeO9AAJ","false","Q-000395","2023-09-13T06:39:16.000Z","0058c00000BxeO9AAJ","2025-07-10T00:09:43.000Z","0058c00000BxeO9AAJ","2025-07-10T00:09:43.000Z","","","Text","a2B8c000004E5rCEAS","false","false","List Countries:","3.0","42422655914819392","","","","","","","",""
"a308c000000dYTEAA2","0058c00000BxeO9AAJ","false","Q-000396","2023-09-13T06:39:16.000Z","0058c00000BxeO9AAJ","2025-07-10T00:09:43.000Z","0058c00000BxeO9AAJ","2025-07-10T00:09:43.000Z","","","Text","a2B8c000004E5rBEAS","true","false","What is your current occupation?","0.0","42359603463314660","","","","","","","",""
"a308c000000dYTFAA2","0058c00000BxeO9AAJ","false","Q-000397","2023-09-13T06:39:16.000Z","0058c00000BxeO9AAJ","2025-07-10T00:09:43.000Z","0058c00000BxeO9AAJ","2025-07-10T00:09:43.000Z","","","Number","a2B8c000004E5rBEAS","true","false","What is your annual gross income?","1.0","42121463361747719","","","","","","","",""
"a308c000000dYTGAA2","0058c00000BxeO9AAJ","false","Q-000398","2023-09-13T06:39:16.000Z","0058c00000BxeO9AAJ","2025-07-10T00:09:43.000Z","0058c00000BxeO9AAJ","2025-07-10T00:09:43.000Z","","","Picklist","a2B8c000004E5rBEAS","true","false","Have you been at your current residence for 2 or more years?","1.0","4278130149316819","","","","","","","",""
"a308c000000dYTHAA2","0058c00000BxeO9AAJ","false","Q-000399","2023-09-13T06:39:16.000Z","0058c00000BxeO9AAJ","2025-07-10T00:09:43.000Z","0058c00000BxeO9AAJ","2025-07-10T00:09:43.000Z","","","Picklist","a2B8c000004E5rDEAS","false","true","Do you own or operate an ATM at your business?","0.0","42462411731520955","","","","","","","",""
"a308c000000dYTIAA2","0058c00000BxeO9AAJ","false","Q-000400","2023-09-13T06:39:16.000Z","0058c00000BxeO9AAJ","2025-07-10T00:09:43.000Z","0058c00000BxeO9AAJ","2025-07-10T00:09:43.000Z","","","Picklist","a2B8c000004E5rDEAS","false","true","How is the ATM filled with currency?","2.0","42236407855285710","","","","","","","",""
"a308c000000dYTJAA2","0058c00000BxeO9AAJ","false","Q-000401","2023-09-13T06:39:16.000Z","0058c00000BxeO9AAJ","2025-07-10T00:09:43.000Z","0058c00000BxeO9AAJ","2025-07-10T00:09:43.000Z","","","Picklist","a2B8c000004E5rDEAS","false","true","Is the ATM registered with the corresponding state banking commission?","1.0","42815709322153117","","","","","","","",""
"a308c000000dYTKAA2","0058c00000BxeO9AAJ","false","Q-000402","2023-09-13T06:39:16.000Z","0058c00000BxeO9AAJ","2025-07-10T00:09:43.000Z","0058c00000BxeO9AAJ","2025-07-10T00:09:43.000Z","","","Number","a2B8c000004E5rDEAS","false","true","How many ATMs do you own/operate?","3.0","42142997674747100","","","","","","","",""
"a308c000000dYTLAA2","0058c00000BxeO9AAJ","false","Q-000403","2023-09-13T06:39:16.000Z","0058c00000BxeO9AAJ","2025-07-10T00:09:43.000Z","0058c00000BxeO9AAJ","2025-07-10T00:09:43.000Z","","","Picklist","a2B8c000004E5rDEAS","false","true","Does the business engage in online/internet gambling?","5.0","42628225838683887","","","","","","","",""
"a308c000000dYTMAA2","0058c00000BxeO9AAJ","false","Q-000404","2023-09-13T06:39:16.000Z","0058c00000BxeO9AAJ","2025-07-10T00:09:43.000Z","0058c00000BxeO9AAJ","2025-07-10T00:09:43.000Z","","","Picklist","a2B8c000004E5rDEAS","false","true","Is your business associated to the marijuana industry?","4.0","42116193353875359","","","","","","","",""
"a308c000000dYTNAA2","0058c00000BxeO9AAJ","false","Q-000405","2023-09-13T06:39:16.000Z","0058c00000BxeO9AAJ","2025-07-10T00:09:43.000Z","0058c00000BxeO9AAJ","2025-07-10T00:09:43.000Z","","","Picklist","a2B8c000000OrYPEA0","false","false","Is this loan secured by a residential dwelling including: 1-2 Family home (condominium) Manufactured housing (with or without land) Multi-family dwelling (five or more units)?","0.0","a304W00000AWE7TQAX","","","","","","","",""
"a308c000000dYTOAA2","0058c00000BxeO9AAJ","false","Q-000406","2023-09-13T06:39:16.000Z","0058c00000BxeO9AAJ","2025-07-10T00:09:43.000Z","0058c00000BxeO9AAJ","2025-07-10T00:09:43.000Z","","","Picklist","a2B8c000000OrYPEA0","false","false","Is this loan purpose to purchase, improve, or refinance a dwelling?","1.0","a304W00000AWE7VQAX","","","","","","","",""
"a308c000000dYTPAA2","0058c00000BxeO9AAJ","false","Q-000407","2023-09-13T06:39:16.000Z","0058c00000BxeO9AAJ","2025-07-10T00:09:43.000Z","0058c00000BxeO9AAJ","2025-07-10T00:09:43.000Z","","","Picklist","a2B8c000000OrYPEA0","false","false","Is this loan a construction-only, bridge loan, or other temporary financing expected to be replaced with permanent financing?","3.0","a304W00000AWE7XQAX","","","","","","","",""
"a308c000000dYTQAA2","0058c00000BxeO9AAJ","false","Q-000408","2023-09-13T06:39:16.000Z","0058c00000BxeO9AAJ","2025-07-10T00:09:43.000Z","0058c00000BxeO9AAJ","2025-07-10T00:09:43.000Z","","","Picklist","a2B8c000000OrYJEA0","false","false","Is any borrower, co-borrower, or guarantor an executive officer, director, or principal shareholder of that bank, of a bank holding company of which the member bank is a subsidiary, and of any other subsidiary of that bank holding company?","0.0","a304W00000AWE7ZQAX","","","","","","","",""
"a308c000000dYTRAA2","0058c00000BxeO9AAJ","false","Q-000409","2023-09-13T06:39:16.000Z","0058c00000BxeO9AAJ","2025-07-10T00:09:43.000Z","0058c00000BxeO9AAJ","2025-07-10T00:09:43.000Z","","","Picklist","a2B8c000000OrYPEA0","false","false","I certify that this loan has been marked HMDA Reportable and the applicable loan details have been populated.","4.0","a304W00000AWE7cQAH","","","","","","","",""
"a308c000000dYTSAA2","0058c00000BxeO9AAJ","false","Q-000410","2023-09-13T06:39:16.000Z","0058c00000BxeO9AAJ","2025-07-10T00:09:43.000Z","0058c00000BxeO9AAJ","2025-07-10T00:09:43.000Z","","","Picklist","a2B8c000000OrYJEA0","false","false","If any borrower, co-borrower, or guarantor of this loan is an employee of the bank or any affiliates, I certify I have indicated this is an //""Employee Loan//"".","1.0","a304W00000AWE7dQAH","","","","","","","",""
"a308c000000dYTTAA2","0058c00000BxeO9AAJ","false","Q-000411","2023-09-13T06:39:16.000Z","0058c00000BxeO9AAJ","2025-07-10T00:09:43.000Z","0058c00000BxeO9AAJ","2025-07-10T00:09:43.000Z","","","Picklist","a2B8c000000OrYJEA0","false","false","I certify this loan has been marked as //""Reg O Reportable//"".","2.0","a304W00000AWE7eQAH","","","","","","","",""
"a308c000000dYTUAA2","0058c00000BxeO9AAJ","false","Q-000412","2023-09-13T06:39:16.000Z","0058c00000BxeO9AAJ","2025-07-10T00:09:43.000Z","0058c00000BxeO9AAJ","2025-07-10T00:09:43.000Z","","","Picklist","a2B8c000000OrYKEA0","false","false","Is any borrower, co-borrower, or guarantor company directly or indirectly controlled, sponsored, or advised by our bank?","0.0","a304W00000AWE7fQAH","","","","","","","",""
"a308c000000dYTVAA2","0058c00000BxeO9AAJ","false","Q-000413","2023-09-13T06:39:16.000Z","0058c00000BxeO9AAJ","2025-07-10T00:09:43.000Z","0058c00000BxeO9AAJ","2025-07-10T00:09:43.000Z","","","Picklist","a2B8c000000OrYKEA0","false","false","I certify that Reg W applies to this loan.","5.0","a304W00000AWE7gQAH","","","","","","","",""
"a308c000000dYTWAA2","0058c00000BxeO9AAJ","false","Q-000414","2023-09-13T06:39:16.000Z","0058c00000BxeO9AAJ","2025-07-10T00:09:43.000Z","0058c00000BxeO9AAJ","2025-07-10T00:09:43.000Z","","","Picklist","a2B8c000000OrYMEA0","false","false","Is this loan HMDA reportable?","0.0","a304W00000AWE7hQAH","","","","","","","",""
"a308c000000dYTXAA2","0058c00000BxeO9AAJ","false","Q-000415","2023-09-13T06:39:16.000Z","0058c00000BxeO9AAJ","2025-07-10T00:09:43.000Z","0058c00000BxeO9AAJ","2025-07-10T00:09:43.000Z","","","Picklist","a2B8c000000OrYMEA0","false","false","Is this loan a renewal, extension or modification of a previously HMDA reportable file?","1.0","a304W00000AWE7iQAH","","","","","","","",""
"a308c000000dYTYAA2","0058c00000BxeO9AAJ","false","Q-000416","2023-09-13T06:39:16.000Z","0058c00000BxeO9AAJ","2025-07-10T00:09:43.000Z","0058c00000BxeO9AAJ","2025-07-10T00:09:43.000Z","","","Picklist","a2B8c000000OrYMEA0","false","false","Is this loan for business purposes?","2.0","a304W00000AWE7jQAH","","","","","","","",""
"a308c000000dYTZAA2","0058c00000BxeO9AAJ","false","Q-000417","2023-09-13T06:39:16.000Z","0058c00000BxeO9AAJ","2025-07-10T00:09:43.000Z","0058c00000BxeO9AAJ","2025-07-10T00:09:43.000Z","","","Picklist","a2B8c000000OrYMEA0","false","false","Is the loan amount $1 Million or less?","3.0","a304W00000AWE7kQAH","","","","","","","",""
"a308c000000dYTaAAM","0058c00000BxeO9AAJ","false","Q-000418","2023-09-13T06:39:16.000Z","0058c00000BxeO9AAJ","2025-07-10T00:09:43.000Z","0058c00000BxeO9AAJ","2025-07-10T00:09:43.000Z","","","Picklist","a2B8c000000OrYMEA0","false","false","Is this loan an origination?","4.0","a304W00000AWE7lQAH","","","","","","","",""
"a308c000000dYTbAAM","0058c00000BxeO9AAJ","false","Q-000419","2023-09-13T06:39:16.000Z","0058c00000BxeO9AAJ","2025-07-10T00:09:43.000Z","0058c00000BxeO9AAJ","2025-07-10T00:09:43.000Z","","","Picklist","a2B8c000000OrYMEA0","false","false","I certify that this loan is CRA reportable?","6.0","a304W00000AWE7mQAH","","","","","","","",""
"a308c000000dYTcAAM","0058c00000BxeO9AAJ","false","Q-000420","2023-09-13T06:39:16.000Z","0058c00000BxeO9AAJ","2025-07-10T00:09:43.000Z","0058c00000BxeO9AAJ","2025-07-10T00:09:43.000Z","","","Picklist","a2B8c000000OrYLEA0","false","true","Will this loan be used for construction of:","0.0","a304W00000AWE7nQAH","","","","","","","",""
"a308c000000dYTdAAM","0058c00000BxeO9AAJ","false","Q-000421","2023-09-13T06:39:16.000Z","0058c00000BxeO9AAJ","2025-07-10T00:09:43.000Z","0058c00000BxeO9AAJ","2025-07-10T00:09:43.000Z","","","Picklist","a2B8c000000OrYLEA0","false","false","Is the LTV ratio less than or equal to the applicable maximum supervisory LTV ratio?","1.0","a304W00000AWE7oQAH","","","","","","","",""
"a308c000000dYTeAAM","0058c00000BxeO9AAJ","false","Q-000422","2023-09-13T06:39:16.000Z","0058c00000BxeO9AAJ","2025-07-10T00:09:43.000Z","0058c00000BxeO9AAJ","2025-07-10T00:09:43.000Z","","","Picklist","a2B8c000000OrYLEA0","false","false","Has the borrower contributed capital to the project in the form of cash or unencumbered readily marketable assets (must contribute to the project) estate's appraised //""as completed//"" value?","2.0","a304W00000AWE7pQAH","","","","","","","",""
"a308c000000dYTfAAM","0058c00000BxeO9AAJ","false","Q-000423","2023-09-13T06:39:16.000Z","0058c00000BxeO9AAJ","2025-07-10T00:09:43.000Z","0058c00000BxeO9AAJ","2025-07-10T00:09:43.000Z","","","Picklist","a2B8c000000OrYLEA0","false","false","The borrower contributed the amount of capital required, described above, prior to the bank advancing any dunds under the credit facility?","3.0","a304W00000AWE7qQAH","","","","","","","",""
"a308c000000dYTgAAM","0058c00000BxeO9AAJ","false","Q-000424","2023-09-13T06:39:16.000Z","0058c00000BxeO9AAJ","2025-07-10T00:09:43.000Z","0058c00000BxeO9AAJ","2025-07-10T00:09:43.000Z","","","Picklist","a2B8c000000OrYLEA0","false","false","The capital contributed by the borrower, or internally generated by the project, is contractually required to remain in the project throughout the life of the project?","4.0","a304W00000AWE7rQAH","","","","","","","",""
"a308c000000dYThAAM","0058c00000BxeO9AAJ","false","Q-000425","2023-09-13T06:39:16.000Z","0058c00000BxeO9AAJ","2025-07-10T00:09:43.000Z","0058c00000BxeO9AAJ","2025-07-10T00:09:43.000Z","","","Picklist","a2B8c000000OrYLEA0","false","false","I certify this transaction has been indicated as a HVCRE reportable transaction?","5.0","a304W00000AWE7sQAH","","","","","","","",""
"a308c000000dYTiAAM","0058c00000BxeO9AAJ","false","Q-000426","2023-09-13T06:39:16.000Z","0058c00000BxeO9AAJ","2025-07-10T00:09:43.000Z","0058c00000BxeO9AAJ","2025-07-10T00:09:43.000Z","","","Picklist","a2B8c000000OrYREA0","false","false","Do you expect to conduct international transactions?","2.0","a304W00000AWE7vQAH","","","","","","","",""
"a308c000000dYTjAAM","0058c00000BxeO9AAJ","false","Q-000427","2023-09-13T06:39:16.000Z","0058c00000BxeO9AAJ","2025-07-10T00:09:43.000Z","0058c00000BxeO9AAJ","2025-07-10T00:09:43.000Z","","","Picklist","a2B8c000000OrYREA0","false","false","Do any of the following apply to your business?","8.0","a304W00000AWE80QAH","","","","","","","",""
"a308c000000dYTkAAM","0058c00000BxeO9AAJ","false","Q-000428","2023-09-13T06:39:16.000Z","0058c00000BxeO9AAJ","2025-07-10T00:09:43.000Z","0058c00000BxeO9AAJ","2025-07-10T00:09:43.000Z","","","Picklist","a2B8c000000OrYREA0","false","false","May I ask you a few more questions to better understand your needs?","10.0","a304W00000AWE81QAH","","","","","","","",""
"a308c000000dYTlAAM","0058c00000BxeO9AAJ","false","Q-000429","2023-09-13T06:39:16.000Z","0058c00000BxeO9AAJ","2025-07-10T00:09:43.000Z","0058c00000BxeO9AAJ","2025-07-10T00:09:43.000Z","","","Picklist","a2B8c000000OrYPEA0","false","false","I certify that this loan IS NOT HMDA Reportable.","5.0","a304W00000AWE83QAH","","","","","","","",""
"a308c000000dYTmAAM","0058c00000BxeO9AAJ","false","Q-000430","2023-09-13T06:39:16.000Z","0058c00000BxeO9AAJ","2025-07-10T00:09:43.000Z","0058c00000BxeO9AAJ","2025-07-10T00:09:43.000Z","","","Picklist","a2B8c000000OrYKEA0","false","false","Does this transaction intend to support the purchase of assets from an affiliate?","1.0","a304W00000AWE84QAH","","","","","","","",""
"a308c000000dYTnAAM","0058c00000BxeO9AAJ","false","Q-000431","2023-09-13T06:39:16.000Z","0058c00000BxeO9AAJ","2025-07-10T00:09:43.000Z","0058c00000BxeO9AAJ","2025-07-10T00:09:43.000Z","","","Picklist","a2B8c000000OrYKEA0","false","false","Does this transaction contain a guarantee on behalf of an affiliate?","2.0","a304W00000AWE85QAH","","","","","","","",""
"a308c000000dYToAAM","0058c00000BxeO9AAJ","false","Q-000432","2023-09-13T06:39:16.000Z","0058c00000BxeO9AAJ","2025-07-10T00:09:43.000Z","0058c00000BxeO9AAJ","2025-07-10T00:09:43.000Z","","","Picklist","a2B8c000000OrYKEA0","false","false","Does this transaction help to invest in securities issued by an affiliate?","3.0","a304W00000AWE86QAH","","","","","","","",""
"a308c000000dYTpAAM","0058c00000BxeO9AAJ","false","Q-000433","2023-09-13T06:39:16.000Z","0058c00000BxeO9AAJ","2025-07-10T00:09:43.000Z","0058c00000BxeO9AAJ","2025-07-10T00:09:43.000Z","","","Picklist","a2B8c000000OrYKEA0","false","false","Does this transaction utilize as collateral any securities issued by an affiliate?","4.0","a304W00000AWE87QAH","","","","","","","",""
"a308c000000dYTqAAM","0058c00000BxeO9AAJ","false","Q-000434","2023-09-13T06:39:16.000Z","0058c00000BxeO9AAJ","2025-07-10T00:09:43.000Z","0058c00000BxeO9AAJ","2025-07-10T00:09:43.000Z","","","Text","a2B8c000000OrYKEA0","false","false","Please describe how the subject transaction is in compliance with market terms and arms length definitions as defined in Reg W.","6.0","a304W00000AWE88QAH","","","","","","","",""
"a308c000000dYTrAAM","0058c00000BxeO9AAJ","false","Q-000435","2023-09-13T06:39:16.000Z","0058c00000BxeO9AAJ","2025-07-10T00:09:43.000Z","0058c00000BxeO9AAJ","2025-07-10T00:09:43.000Z","","","Picklist","a2B8c000000OrYLEA0","false","false","I certify this transaction is NOT HVCRE reportable","6.0","a304W00000AWE89QAH","","","","","","","",""
"a308c000000dYTsAAM","0058c00000BxeO9AAJ","false","Q-000436","2023-09-13T06:39:16.000Z","0058c00000BxeO9AAJ","2025-07-10T00:09:43.000Z","0058c00000BxeO9AAJ","2025-07-10T00:09:43.000Z","","","Picklist","a2B8c000000OrYMEA0","false","false","I certify this loan is not CRA reportable?","5.0","a304W00000AWE8AQAX","","","","","","","",""
"a308c000000dYTtAAM","0058c00000BxeO9AAJ","false","Q-000437","2023-09-13T06:39:17.000Z","0058c00000BxeO9AAJ","2025-07-10T00:09:43.000Z","0058c00000BxeO9AAJ","2025-07-10T00:09:43.000Z","","","Picklist","a2B8c0000076lQREAY","false","false","May I ask you a few more questions to better understand your needs?","5.0","a304W00000AWE8CQAX","","","","","","","",""
"a308c000000dYTuAAM","0058c00000BxeO9AAJ","false","Q-000438","2023-09-13T06:39:17.000Z","0058c00000BxeO9AAJ","2025-07-10T00:09:43.000Z","0058c00000BxeO9AAJ","2025-07-10T00:09:43.000Z","","","Picklist","a2B8c0000076lQREAY","false","false","How do you prefer to monitor your account activity?","8.0","a304W00000AWE8DQAX","","","","","","","",""
"a308c000000dYTvAAM","0058c00000BxeO9AAJ","false","Q-000439","2023-09-13T06:39:17.000Z","0058c00000BxeO9AAJ","2025-07-10T00:09:43.000Z","0058c00000BxeO9AAJ","2025-07-10T00:09:43.000Z","","","Picklist","a2B8c0000076lQREAY","false","false","How do you typically pay for purchases?","6.0","a304W00000AWE8EQAX","","","","","","","",""
"a308c000000dYTwAAM","0058c00000BxeO9AAJ","false","Q-000440","2023-09-13T06:39:17.000Z","0058c00000BxeO9AAJ","2025-07-10T00:09:43.000Z","0058c00000BxeO9AAJ","2025-07-10T00:09:43.000Z","","","Picklist","a2B8c0000076lQREAY","false","false","How do you typically pay your monthly bills?","7.0","a304W00000AWE8FQAX","","","","","","","",""
"a308c000000dYTxAAM","0058c00000BxeO9AAJ","false","Q-000441","2023-09-13T06:39:17.000Z","0058c00000BxeO9AAJ","2025-07-10T00:09:43.000Z","0058c00000BxeO9AAJ","2025-07-10T00:09:43.000Z","","","Picklist","a2B8c0000076lQREAY","false","false","Do you typically make cash deposits?","2.0","a304W00000AWE8HQAX","","","","","","","",""
"a308c000000dYTyAAM","0058c00000BxeO9AAJ","false","Q-000442","2023-09-13T06:39:17.000Z","0058c00000BxeO9AAJ","2025-07-10T00:09:43.000Z","0058c00000BxeO9AAJ","2025-07-10T00:09:43.000Z","","","Picklist","a2B8c0000076lQREAY","false","false","How much in cash are you typically depositing?","3.0","a304W00000AWE8IQAX","","","","","","","",""
"a308c000000dYTzAAM","0058c00000BxeO9AAJ","false","Q-000443","2023-09-13T06:39:17.000Z","0058c00000BxeO9AAJ","2025-07-10T00:09:43.000Z","0058c00000BxeO9AAJ","2025-07-10T00:09:43.000Z","","","Picklist","a2B8c0000076lQREAY","false","false","What type of automatic payments do you have coming out of your accounts?","4.0","a304W00000AWE8KQAX","","","","","","","",""
"a308c000000dYU0AAM","0058c00000BxeO9AAJ","false","Q-000444","2023-09-13T06:39:17.000Z","0058c00000BxeO9AAJ","2025-07-10T00:09:43.000Z","0058c00000BxeO9AAJ","2025-07-10T00:09:43.000Z","","","Picklist","a2B8c0000076lQREAY","false","false","In the next year, do you plan to move locally or relocate?","9.0","a304W00000AWE8LQAX","","","","","","","",""
"a308c000000dYU1AAM","0058c00000BxeO9AAJ","false","Q-000445","2023-09-13T06:39:17.000Z","0058c00000BxeO9AAJ","2025-07-10T00:09:43.000Z","0058c00000BxeO9AAJ","2025-07-10T00:09:43.000Z","","","Picklist","a2B8c0000076lQREAY","false","false","In the next year, do you plan to buy or sell any real estate?","10.0","a304W00000AWE8MQAX","","","","","","","",""
"a308c000000dYU2AAM","0058c00000BxeO9AAJ","false","Q-000446","2023-09-13T06:39:17.000Z","0058c00000BxeO9AAJ","2025-07-10T00:09:43.000Z","0058c00000BxeO9AAJ","2025-07-10T00:09:43.000Z","","","Picklist","a2B8c0000076lQREAY","false","false","In the next year, do you plan reevaluate how you are planning for your retirement?","11.0","a304W00000AWE8NQAX","","","","","","","",""
"a308c000000dYU3AAM","0058c00000BxeO9AAJ","false","Q-000447","2023-09-13T06:39:17.000Z","0058c00000BxeO9AAJ","2025-07-10T00:09:43.000Z","0058c00000BxeO9AAJ","2025-07-10T00:09:43.000Z","","","Picklist","a2B8c000000OrYREA0","false","false","How often do you expect to send money overseas?","3.0","a304W00000AWE8OQAX","","","","","","","",""
"a308c000000dYU4AAM","0058c00000BxeO9AAJ","false","Q-000448","2023-09-13T06:39:17.000Z","0058c00000BxeO9AAJ","2025-07-10T00:09:43.000Z","0058c00000BxeO9AAJ","2025-07-10T00:09:43.000Z","","","Picklist","a2B8c000000OrYREA0","false","false","Are you registered as a Money Service Business with the state in which you operate?","9.0","a304W00000AWE8QQAX","","","","","","","",""
"a308c000000dYU5AAM","0058c00000BxeO9AAJ","false","Q-000449","2023-09-13T06:39:17.000Z","0058c00000BxeO9AAJ","2025-07-10T00:09:43.000Z","0058c00000BxeO9AAJ","2025-07-10T00:09:43.000Z","","","Picklist","a2B8c000000OrYREA0","false","false","May I tell you more about our Treasury Services?","12.0","a304W00000AWE8RQAX","","","","","","","",""
"a308c000000dYU6AAM","0058c00000BxeO9AAJ","false","Q-000450","2023-09-13T06:39:17.000Z","0058c00000BxeO9AAJ","2025-07-10T00:09:43.000Z","0058c00000BxeO9AAJ","2025-07-10T00:09:43.000Z","","","Picklist","a2B8c000000OrYREA0","false","false","What types of banking services do you typically use?","11.0","a304W00000AWE8SQAX","","","","","","","",""
"a308c000000dYU7AAM","0058c00000BxeO9AAJ","false","Q-000451","2023-09-13T06:39:17.000Z","0058c00000BxeO9AAJ","2025-07-10T00:09:43.000Z","0058c00000BxeO9AAJ","2025-07-10T00:09:43.000Z","","","Picklist","a2B8c000000OrYREA0","false","false","In the next year do you plan to buy or sell any real estate?","14.0","a304W00000AWE8TQAX","","","","","","","",""
"a308c000000dYU8AAM","0058c00000BxeO9AAJ","false","Q-000452","2023-09-13T06:39:17.000Z","0058c00000BxeO9AAJ","2025-07-10T00:09:43.000Z","0058c00000BxeO9AAJ","2025-07-10T00:09:43.000Z","","","Picklist","a2B8c000000OrYREA0","false","false","In the next year, do you plan to add additional locations?","13.0","a304W00000AWE8UQAX","","","","","","","",""
"a308c000000dYU9AAM","0058c00000BxeO9AAJ","false","Q-000453","2023-09-13T06:39:17.000Z","0058c00000BxeO9AAJ","2025-07-10T00:09:43.000Z","0058c00000BxeO9AAJ","2025-07-10T00:09:43.000Z","","","Picklist","a2B8c000000OrYREA0","false","false","In the next year do you plan to reevaluate retirement options for yourself or your employees?","15.0","a304W00000AWE8VQAX","","","","","","","",""
"a308c000000dYUAAA2","0058c00000BxeO9AAJ","false","Q-000454","2023-09-13T06:39:17.000Z","0058c00000BxeO9AAJ","2025-07-10T00:09:43.000Z","0058c00000BxeO9AAJ","2025-07-10T00:09:43.000Z","","","Picklist","a2B8c000000OrYREA0","false","false","In the next year do you plan to purchase or refinance any business associated assets?","16.0","a304W00000AWE8WQAX","","","","","","","",""
"a308c000000dYUBAA2","0058c00000BxeO9AAJ","false","Q-000455","2023-09-13T06:39:17.000Z","0058c00000BxeO9AAJ","2025-07-10T00:09:43.000Z","0058c00000BxeO9AAJ","2025-07-10T00:09:43.000Z","","","Checkbox","a2B8c000004E5rTEAS","false","false","Query","0.0","42897978205611547","","","","addition","","","",""
"a308c000000dYUCAA2","0058c00000BxeO9AAJ","false","Q-000456","2023-09-13T06:39:17.000Z","0058c00000BxeO9AAJ","2025-07-10T00:09:43.000Z","0058c00000BxeO9AAJ","2025-07-10T00:09:43.000Z","","","Picklist","a2B8c000000OrYPEA0","true","false","I certify that this loan has been marked HMDA Reportable and the applicable loan details have been populated.","4.0","a304W00000AWE7UQAX","","","","","","","",""
"a308c000000dYUDAA2","0058c00000BxeO9AAJ","false","Q-000457","2023-09-13T06:39:17.000Z","0058c00000BxeO9AAJ","2025-07-10T00:09:43.000Z","0058c00000BxeO9AAJ","2025-07-10T00:09:43.000Z","","","Picklist","a2B8c000000OrYPEA0","true","false","Is the loan (not secured by residential dwelling) for the purpose of imporving (repair, rehabilitation, or renovating) a residential dwelling AND the bank classified it as a home improvement loan?","2.0","a304W00000AWE7WQAX","","","","","","","",""
"a308c000000dYUEAA2","0058c00000BxeO9AAJ","false","Q-000458","2023-09-13T06:39:17.000Z","0058c00000BxeO9AAJ","2025-07-10T00:09:43.000Z","0058c00000BxeO9AAJ","2025-07-10T00:09:43.000Z","","","Picklist","a2B8c000000OrYPEA0","true","false","I certify that this loan IS NOT HMDA Reportable.","4.0","a304W00000AWE7YQAX","","","","","","","",""
"a308c000000dYUFAA2","0058c00000BxeO9AAJ","false","Q-000459","2023-09-13T06:39:17.000Z","0058c00000BxeO9AAJ","2025-07-10T00:09:43.000Z","0058c00000BxeO9AAJ","2025-07-10T00:09:43.000Z","","","Picklist","a2B8c000000OrYJEA0","true","false","If any borrower, co-borrower, or guarantor of this loan is an employee of the bank or any affiliates, I certify I have indicated this is an //""Employee Loan//"".","1.0","a304W00000AWE7aQAH","","","","","","","",""
"a308c000000dYUGAA2","0058c00000BxeO9AAJ","false","Q-000460","2023-09-13T06:39:17.000Z","0058c00000BxeO9AAJ","2025-07-10T00:09:43.000Z","0058c00000BxeO9AAJ","2025-07-10T00:09:43.000Z","","","Picklist","a2B8c000000OrYJEA0","true","false","I certify this loan has been marked as //""Reg O Reportable//"".","2.0","a304W00000AWE7bQAH","","","","","","","",""
"a308c000000dYUHAA2","0058c00000BxeO9AAJ","false","Q-000461","2023-09-13T06:39:17.000Z","0058c00000BxeO9AAJ","2025-07-10T00:09:43.000Z","0058c00000BxeO9AAJ","2025-07-10T00:09:43.000Z","","","Picklist","a2B8c000000OrYREA0","false","false","What is your expected annual revenue?","0.0","a304W00000AWE7tQAH","","","","","","","",""
"a308c000000dYUIAA2","0058c00000BxeO9AAJ","false","Q-000462","2023-09-13T06:39:17.000Z","0058c00000BxeO9AAJ","2025-07-10T00:09:43.000Z","0058c00000BxeO9AAJ","2025-07-10T00:09:43.000Z","","","Picklist","a2B8c000000OrYREA0","false","false","What is your expected annual expenses?","1.0","a304W00000AWE7uQAH","","","","","","","",""
"a308c000000dYUJAA2","0058c00000BxeO9AAJ","false","Q-000463","2023-09-13T06:39:17.000Z","0058c00000BxeO9AAJ","2025-07-10T00:09:43.000Z","0058c00000BxeO9AAJ","2025-07-10T00:09:43.000Z","","","Picklist","a2B8c000000OrYREA0","false","false","How much will your business deposit in cash on a daily basis?","4.0","a304W00000AWE7wQAH","","","","","","","",""
"a308c000000dYUKAA2","0058c00000BxeO9AAJ","false","Q-000464","2023-09-13T06:39:17.000Z","0058c00000BxeO9AAJ","2025-07-10T00:09:43.000Z","0058c00000BxeO9AAJ","2025-07-10T00:09:43.000Z","","","Picklist","a2B8c000000OrYREA0","false","false","How long have you been in business?","5.0","a304W00000AWE7xQAH","","","","","","","",""
"a308c000000dYULAA2","0058c00000BxeO9AAJ","false","Q-000465","2023-09-13T06:39:17.000Z","0058c00000BxeO9AAJ","2025-07-10T00:09:43.000Z","0058c00000BxeO9AAJ","2025-07-10T00:09:43.000Z","","","Picklist","a2B8c000000OrYREA0","false","false","What amount do you intend to maintain in this account?","6.0","a304W00000AWE7yQAH","","","","","","","",""
"a308c000000dYUMAA2","0058c00000BxeO9AAJ","false","Q-000466","2023-09-13T06:39:17.000Z","0058c00000BxeO9AAJ","2025-07-10T00:09:43.000Z","0058c00000BxeO9AAJ","2025-07-10T00:09:43.000Z","","","Picklist","a2B8c000000OrYREA0","false","false","How will you be using this account?","7.0","a304W00000AWE7zQAH","","","","","","","",""
"a308c000000dYUNAA2","0058c00000BxeO9AAJ","false","Q-000467","2023-09-13T06:39:17.000Z","0058c00000BxeO9AAJ","2025-07-10T00:09:43.000Z","0058c00000BxeO9AAJ","2025-07-10T00:09:43.000Z","","","Picklist","a2B8c000000OrYPEA0","false","false","Is the loan (not secured by residential dwelling) for the purpose of improving (repair, rehabilitation, or renovating) a residential dwelling AND the bank classified it as a home improvement loan?","2.0","a304W00000AWE82QAH","","","","","","","",""
"a308c000000dYUOAA2","0058c00000BxeO9AAJ","false","Q-000468","2023-09-13T06:39:17.000Z","0058c00000BxeO9AAJ","2025-07-10T00:09:43.000Z","0058c00000BxeO9AAJ","2025-07-10T00:09:43.000Z","","","Picklist","a2B8c0000076lQREAY","false","false","How often do you send money out of the country?","0.0","a304W00000AWE8BQAX","","","","","","","",""
"a308c000000dYUPAA2","0058c00000BxeO9AAJ","false","Q-000469","2023-09-13T06:39:17.000Z","0058c00000BxeO9AAJ","2025-07-10T00:09:43.000Z","0058c00000BxeO9AAJ","2025-07-10T00:09:43.000Z","","","Picklist","a2B8c0000076lQREAY","true","false","How often do you send money out of the country?","0.0","a304W00000AWE8GQAX","","","","","","","",""
"a308c000000dYUQAA2","0058c00000BxeO9AAJ","false","Q-000470","2023-09-13T06:39:17.000Z","0058c00000BxeO9AAJ","2025-07-10T00:09:43.000Z","0058c00000BxeO9AAJ","2025-07-10T00:09:43.000Z","","","Picklist","a2B8c0000076lQREAY","false","false","How do you typically make your deposits?","1.0","a304W00000AWE8JQAX","","","","","","","",""
"a308c000000dYURAA2","0058c00000BxeO9AAJ","false","Q-000471","2023-09-13T06:39:17.000Z","0058c00000BxeO9AAJ","2025-07-10T00:09:43.000Z","0058c00000BxeO9AAJ","2025-07-10T00:09:43.000Z","","","Picklist","a2B8c000000OrYREA0","true","false","How much will your business deposit in cash on a daily basis?","5.0","a304W00000AWE8PQAX","","","","","","","",""
"a308c000000lZIFAA2","0058c00000BxeO9AAJ","false","Q-005303","2023-10-18T17:44:29.000Z","0058c00000BxeO9AAJ","2025-07-10T00:09:43.000Z","0058c00000BxeO9AAJ","2025-07-10T00:09:43.000Z","","","Picklist","a2B8c000000OrYLEA0","false","false","The borrower contributed the amount of capital required, described above, prior to the bank advancing any funds under the credit facility?","3.0","a30Hu000005DZaFIAW","","","","","","","",""
"a308c000000lZIGAA2","0058c00000BxeO9AAJ","false","Q-005304","2023-10-18T17:44:29.000Z","0058c00000BxeO9AAJ","2025-07-10T00:09:43.000Z","0058c00000BxeO9AAJ","2025-07-10T00:09:43.000Z","","","Picklist","a2B8c0000076lQREAY","false","false","How often do you send money out of the country?","0.0","a30Hu000005DZaVIAW","","","","","","","",""
"a308c000000lZIHAA2","0058c00000BxeO9AAJ","false","Q-005305","2023-10-18T17:44:29.000Z","0058c00000BxeO9AAJ","2025-07-10T00:09:43.000Z","0058c00000BxeO9AAJ","2025-07-10T00:09:43.000Z","","","Picklist","a2B8c0000076lQREAY","false","false","How do you typically make your deposits?","1.0","a30Hu000005DZadIAG","","","","","","","",""
"a308c000000lZIIAA2","0058c00000BxeO9AAJ","false","Q-005306","2023-10-18T17:44:29.000Z","0058c00000BxeO9AAJ","2025-07-10T00:09:43.000Z","0058c00000BxeO9AAJ","2025-07-10T00:09:43.000Z","","","Picklist","a2B8c0000076lQREAY","false","false","Do you typically make cash deposits?","2.0","a30Hu000005DZabIAG","","","","","","","",""
"a308c000000lZIJAA2","0058c00000BxeO9AAJ","false","Q-005307","2023-10-18T17:44:29.000Z","0058c00000BxeO9AAJ","2025-07-10T00:09:43.000Z","0058c00000BxeO9AAJ","2025-07-10T00:09:43.000Z","","","Picklist","a2B8c0000076lQREAY","false","false","May I ask you a few more questions to better understand your needs?","4.0","a30Hu000005DZaWIAW","","","","","","","",""
"a308c000000lZIKAA2","0058c00000BxeO9AAJ","false","Q-005308","2023-10-18T17:44:29.000Z","0058c00000BxeO9AAJ","2025-07-10T00:09:43.000Z","0058c00000BxeO9AAJ","2025-07-10T00:09:43.000Z","","","Picklist","a2B8c000000OrYPEA0","true","false","I certify that this loan has been marked HMDA Reportable and the applicable loan details have been populated.","4.0","a30Hu000005DZZwIAO","","","","","","","",""
"a308c000000lZILAA2","0058c00000BxeO9AAJ","false","Q-005309","2023-10-18T17:44:29.000Z","0058c00000BxeO9AAJ","2025-07-10T00:09:43.000Z","0058c00000BxeO9AAJ","2025-07-10T00:09:43.000Z","","","Picklist","a2B8c000000OrYPEA0","false","false","Is this loan secured by a residential dwelling including: 1-2 Family home (condominium) Manufactured housing (with or without land) Multi-family dwelling (five or more units)?","0.0","a30Hu000005DZZvIAO","","","","","","","",""
"a308c000000lZIMAA2","0058c00000BxeO9AAJ","false","Q-005310","2023-10-18T17:44:29.000Z","0058c00000BxeO9AAJ","2025-07-10T00:09:43.000Z","0058c00000BxeO9AAJ","2025-07-10T00:09:43.000Z","","","Picklist","a2B8c000000OrYPEA0","false","false","Is this loan purpose to purchase, improve, or refinance a dwelling?","1.0","a30Hu000005DZZxIAO","","","","","","","",""
"a308c000000lZINAA2","0058c00000BxeO9AAJ","false","Q-005311","2023-10-18T17:44:29.000Z","0058c00000BxeO9AAJ","2025-07-10T00:09:43.000Z","0058c00000BxeO9AAJ","2025-07-10T00:09:43.000Z","","","Picklist","a2B8c000000OrYPEA0","true","false","Is the loan (not secured by residential dwelling) for the purpose of imporving (repair, rehabilitation, or renovating) a residential dwelling AND the bank classified it as a home improvement loan?","2.0","a30Hu000005DZZyIAO","","","","","","","",""
"a308c000000lZIOAA2","0058c00000BxeO9AAJ","false","Q-005312","2023-10-18T17:44:29.000Z","0058c00000BxeO9AAJ","2025-07-10T00:09:43.000Z","0058c00000BxeO9AAJ","2025-07-10T00:09:43.000Z","","","Picklist","a2B8c000000OrYPEA0","false","false","Is this loan a construction-only, bridge loan, or other temporary financing expected to be replaced with permanent financing?","3.0","a30Hu000005DZZuIAO","","","","","","","",""
"a308c000000lZIPAA2","0058c00000BxeO9AAJ","false","Q-005313","2023-10-18T17:44:29.000Z","0058c00000BxeO9AAJ","2025-07-10T00:09:43.000Z","0058c00000BxeO9AAJ","2025-07-10T00:09:43.000Z","","","Picklist","a2B8c000000OrYPEA0","true","false","I certify that this loan IS NOT HMDA Reportable.","4.0","a30Hu000005DZZzIAO","","","","","","","",""
"a308c000000lZIQAA2","0058c00000BxeO9AAJ","false","Q-005314","2023-10-18T17:44:29.000Z","0058c00000BxeO9AAJ","2025-07-10T00:09:43.000Z","0058c00000BxeO9AAJ","2025-07-10T00:09:43.000Z","","","Picklist","a2B8c000000OrYJEA0","false","false","Is any borrower, co-borrower, or guarantor an executive officer, director, or principal shareholder of that bank, of a bank holding company of which the member bank is a subsidiary, and of any other subsidiary of that bank holding company?","0.0","a30Hu000005DZa0IAG","","","","","","","",""
"a308c000000lZIRAA2","0058c00000BxeO9AAJ","false","Q-005315","2023-10-18T17:44:29.000Z","0058c00000BxeO9AAJ","2025-07-10T00:09:43.000Z","0058c00000BxeO9AAJ","2025-07-10T00:09:43.000Z","","","Picklist","a2B8c000000OrYJEA0","true","false","If any borrower, co-borrower, or guarantor of this loan is an employee of the bank or any affiliates, I certify I have indicated this is an ""Employee Loan"".","1.0","a30Hu000005DZa1IAG","","","","","","","",""
"a308c000000lZISAA2","0058c00000BxeO9AAJ","false","Q-005316","2023-10-18T17:44:29.000Z","0058c00000BxeO9AAJ","2025-07-10T00:09:43.000Z","0058c00000BxeO9AAJ","2025-07-10T00:09:43.000Z","","","Picklist","a2B8c000000OrYJEA0","true","false","I certify this loan has been marked as ""Reg O Reportable"".","2.0","a30Hu000005DZa2IAG","","","","","","","",""
"a308c000000lZITAA2","0058c00000BxeO9AAJ","false","Q-005317","2023-10-18T17:44:29.000Z","0058c00000BxeO9AAJ","2025-07-10T00:09:43.000Z","0058c00000BxeO9AAJ","2025-07-10T00:09:43.000Z","","","Picklist","a2B8c000000OrYPEA0","false","false","I certify that this loan has been marked HMDA Reportable and the applicable loan details have been populated.","4.0","a30Hu000005DZa3IAG","","","","","","","",""
"a308c000000lZIUAA2","0058c00000BxeO9AAJ","false","Q-005318","2023-10-18T17:44:29.000Z","0058c00000BxeO9AAJ","2025-07-10T00:09:43.000Z","0058c00000BxeO9AAJ","2025-07-10T00:09:43.000Z","","","Picklist","a2B8c000000OrYJEA0","false","false","If any borrower, co-borrower, or guarantor of this loan is an employee of the bank or any affiliates, I certify I have indicated this is an ""Employee Loan"".","1.0","a30Hu000005DZa4IAG","","","","","","","",""
"a308c000000lZIVAA2","0058c00000BxeO9AAJ","false","Q-005319","2023-10-18T17:44:29.000Z","0058c00000BxeO9AAJ","2025-07-10T00:09:43.000Z","0058c00000BxeO9AAJ","2025-07-10T00:09:43.000Z","","","Picklist","a2B8c000000OrYJEA0","false","false","I certify this loan has been marked as ""Reg O Reportable"".","2.0","a30Hu000005DZa5IAG","","","","","","","",""
"a308c000000lZIWAA2","0058c00000BxeO9AAJ","false","Q-005320","2023-10-18T17:44:29.000Z","0058c00000BxeO9AAJ","2025-07-10T00:09:43.000Z","0058c00000BxeO9AAJ","2025-07-10T00:09:43.000Z","","","Picklist","a2B8c000000OrYMEA0","false","false","Is this loan HMDA reportable?","0.0","a30Hu000005DZa6IAG","","","","","","","",""
"a308c000000lZIXAA2","0058c00000BxeO9AAJ","false","Q-005321","2023-10-18T17:44:29.000Z","0058c00000BxeO9AAJ","2025-07-10T00:09:43.000Z","0058c00000BxeO9AAJ","2025-07-10T00:09:43.000Z","","","Picklist","a2B8c000000OrYMEA0","false","false","Is this loan a renewal, extension or modification of a previously HMDA reportable file?","1.0","a30Hu000005DZa7IAG","","","","","","","",""
"a308c000000lZIYAA2","0058c00000BxeO9AAJ","false","Q-005322","2023-10-18T17:44:29.000Z","0058c00000BxeO9AAJ","2025-07-10T00:09:43.000Z","0058c00000BxeO9AAJ","2025-07-10T00:09:43.000Z","","","Picklist","a2B8c000000OrYMEA0","false","false","Is this loan for business purposes?","2.0","a30Hu000005DZa8IAG","","","","","","","",""
"a308c000000lZIZAA2","0058c00000BxeO9AAJ","false","Q-005323","2023-10-18T17:44:29.000Z","0058c00000BxeO9AAJ","2025-07-10T00:09:43.000Z","0058c00000BxeO9AAJ","2025-07-10T00:09:43.000Z","","","Picklist","a2B8c000000OrYMEA0","false","false","Is the loan amount $1 Million or less?","3.0","a30Hu000005DZa9IAG","","","","","","","",""
"a308c000000lZIaAAM","0058c00000BxeO9AAJ","false","Q-005324","2023-10-18T17:44:29.000Z","0058c00000BxeO9AAJ","2025-07-10T00:09:43.000Z","0058c00000BxeO9AAJ","2025-07-10T00:09:43.000Z","","","Picklist","a2B8c000000OrYMEA0","false","false","Is this loan an origination?","4.0","a30Hu000005DZaAIAW","","","","","","","",""
"a308c000000lZIbAAM","0058c00000BxeO9AAJ","false","Q-005325","2023-10-18T17:44:29.000Z","0058c00000BxeO9AAJ","2025-07-10T00:09:43.000Z","0058c00000BxeO9AAJ","2025-07-10T00:09:43.000Z","","","Picklist","a2B8c000000OrYMEA0","false","false","I certify that this loan is CRA reportable?","6.0","a30Hu000005DZaBIAW","","","","","","","",""
"a308c000000lZIcAAM","0058c00000BxeO9AAJ","false","Q-005326","2023-10-18T17:44:29.000Z","0058c00000BxeO9AAJ","2025-07-10T00:09:43.000Z","0058c00000BxeO9AAJ","2025-07-10T00:09:43.000Z","","","Picklist","a2B8c000000OrYLEA0","false","true","Will this loan be used for construction of:","0.0","a30Hu000005DZaCIAW","","","","","","","",""
"a308c000000lZIdAAM","0058c00000BxeO9AAJ","false","Q-005327","2023-10-18T17:44:29.000Z","0058c00000BxeO9AAJ","2025-07-10T00:09:43.000Z","0058c00000BxeO9AAJ","2025-07-10T00:09:43.000Z","","","Picklist","a2B8c000000OrYLEA0","false","false","Is the LTV ratio less than or equal to the applicable maximum supervisory LTV ratio?","1.0","a30Hu000005DZaDIAW","","","","","","","",""
"a308c000000lZIeAAM","0058c00000BxeO9AAJ","false","Q-005328","2023-10-18T17:44:29.000Z","0058c00000BxeO9AAJ","2025-07-10T00:09:43.000Z","0058c00000BxeO9AAJ","2025-07-10T00:09:43.000Z","","","Picklist","a2B8c000000OrYLEA0","false","false","Has the borrower contributed capital to the project in the form of cash or unencumbered readily marketable assets (must contribute to the project) estate's appraised ""as completed"" value?","2.0","a30Hu000005DZaEIAW","","","","","","","",""
"a308c000000lZIfAAM","0058c00000BxeO9AAJ","false","Q-005329","2023-10-18T17:44:29.000Z","0058c00000BxeO9AAJ","2025-07-10T00:09:43.000Z","0058c00000BxeO9AAJ","2025-07-10T00:09:43.000Z","","","Picklist","a2B8c000000OrYLEA0","false","false","The capital contributed by the borrower, or internally generated by the project, is contractually required to remain in the project throughout the life of the project?","4.0","a30Hu000005DZaGIAW","","","","","","","",""
"a308c000000lZIgAAM","0058c00000BxeO9AAJ","false","Q-005330","2023-10-18T17:44:29.000Z","0058c00000BxeO9AAJ","2025-07-10T00:09:43.000Z","0058c00000BxeO9AAJ","2025-07-10T00:09:43.000Z","","","Picklist","a2B8c000000OrYLEA0","false","false","I certify this transaction has been indicated as a HVCRE reportable transaction?","5.0","a30Hu000005DZaHIAW","","","","","","","",""
"a308c000000lZIhAAM","0058c00000BxeO9AAJ","false","Q-005331","2023-10-18T17:44:29.000Z","0058c00000BxeO9AAJ","2025-07-10T00:09:43.000Z","0058c00000BxeO9AAJ","2025-07-10T00:09:43.000Z","","","Picklist","a2B8c000000OrYREA0","false","false","What is your expected annual revenue?","0.0","a30Hu000005DZaIIAW","","","","","","","",""
"a308c000000lZIiAAM","0058c00000BxeO9AAJ","false","Q-005332","2023-10-18T17:44:29.000Z","0058c00000BxeO9AAJ","2025-07-10T00:09:43.000Z","0058c00000BxeO9AAJ","2025-07-10T00:09:43.000Z","","","Picklist","a2B8c000000OrYREA0","false","false","What is your expected annual expenses?","1.0","a30Hu000005DZaJIAW","","","","","","","",""
"a308c000000lZIjAAM","0058c00000BxeO9AAJ","false","Q-005333","2023-10-18T17:44:29.000Z","0058c00000BxeO9AAJ","2025-07-10T00:09:43.000Z","0058c00000BxeO9AAJ","2025-07-10T00:09:43.000Z","","","Picklist","a2B8c000000OrYREA0","false","false","Do you expect to conduct international transactions?","2.0","a30Hu000005DZaKIAW","","","","","","","",""
"a308c000000lZIkAAM","0058c00000BxeO9AAJ","false","Q-005334","2023-10-18T17:44:29.000Z","0058c00000BxeO9AAJ","2025-07-10T00:09:43.000Z","0058c00000BxeO9AAJ","2025-07-10T00:09:43.000Z","","","Picklist","a2B8c000000OrYREA0","false","false","How much will your business deposit in cash on a daily basis?","4.0","a30Hu000005DZaLIAW","","","","","","","",""
"a308c000000lZIlAAM","0058c00000BxeO9AAJ","false","Q-005335","2023-10-18T17:44:29.000Z","0058c00000BxeO9AAJ","2025-07-10T00:09:43.000Z","0058c00000BxeO9AAJ","2025-07-10T00:09:43.000Z","","","Picklist","a2B8c000000OrYREA0","false","false","How long have you been in business?","5.0","a30Hu000005DZaMIAW","","","","","","","",""
"a308c000000lZImAAM","0058c00000BxeO9AAJ","false","Q-005336","2023-10-18T17:44:29.000Z","0058c00000BxeO9AAJ","2025-07-10T00:09:43.000Z","0058c00000BxeO9AAJ","2025-07-10T00:09:43.000Z","","","Picklist","a2B8c000000OrYREA0","false","false","What amount do you intend to maintain in this account?","6.0","a30Hu000005DZaNIAW","","","","","","","",""
"a308c000000lZInAAM","0058c00000BxeO9AAJ","false","Q-005337","2023-10-18T17:44:29.000Z","0058c00000BxeO9AAJ","2025-07-10T00:09:43.000Z","0058c00000BxeO9AAJ","2025-07-10T00:09:43.000Z","","","Picklist","a2B8c000000OrYREA0","false","false","How will you be using this account?","7.0","a30Hu000005DZaOIAW","","","","","","","",""
"a308c000000lZIoAAM","0058c00000BxeO9AAJ","false","Q-005338","2023-10-18T17:44:29.000Z","0058c00000BxeO9AAJ","2025-07-10T00:09:43.000Z","0058c00000BxeO9AAJ","2025-07-10T00:09:43.000Z","","","Picklist","a2B8c000000OrYREA0","false","false","Do any of the following apply to your business?","8.0","a30Hu000005DZaPIAW","","","","","","","",""
"a308c000000lZIpAAM","0058c00000BxeO9AAJ","false","Q-005339","2023-10-18T17:44:29.000Z","0058c00000BxeO9AAJ","2025-07-10T00:09:43.000Z","0058c00000BxeO9AAJ","2025-07-10T00:09:43.000Z","","","Picklist","a2B8c000000OrYREA0","false","false","May I ask you a few more questions to better understand your needs?","10.0","a30Hu000005DZaQIAW","","","","","","","",""
"a308c000000lZIqAAM","0058c00000BxeO9AAJ","false","Q-005340","2023-10-18T17:44:29.000Z","0058c00000BxeO9AAJ","2025-07-10T00:09:43.000Z","0058c00000BxeO9AAJ","2025-07-10T00:09:43.000Z","","","Picklist","a2B8c000000OrYPEA0","false","false","Is the loan (not secured by residential dwelling) for the purpose of improving (repair, rehabilitation, or renovating) a residential dwelling AND the bank classified it as a home improvement loan?","2.0","a30Hu000005DZaRIAW","","","","","","","",""
"a308c000000lZIrAAM","0058c00000BxeO9AAJ","false","Q-005341","2023-10-18T17:44:29.000Z","0058c00000BxeO9AAJ","2025-07-10T00:09:43.000Z","0058c00000BxeO9AAJ","2025-07-10T00:09:43.000Z","","","Picklist","a2B8c000000OrYPEA0","false","false","I certify that this loan IS NOT HMDA Reportable.","5.0","a30Hu000005DZaSIAW","","","","","","","",""
"a308c000000lZIsAAM","0058c00000BxeO9AAJ","false","Q-005342","2023-10-18T17:44:29.000Z","0058c00000BxeO9AAJ","2025-07-10T00:09:43.000Z","0058c00000BxeO9AAJ","2025-07-10T00:09:43.000Z","","","Picklist","a2B8c000000OrYLEA0","false","false","I certify this transaction is NOT HVCRE reportable","6.0","a30Hu000005DZaTIAW","","","","","","","",""
"a308c000000lZItAAM","0058c00000BxeO9AAJ","false","Q-005343","2023-10-18T17:44:29.000Z","0058c00000BxeO9AAJ","2025-07-10T00:09:43.000Z","0058c00000BxeO9AAJ","2025-07-10T00:09:43.000Z","","","Picklist","a2B8c000000OrYMEA0","false","false","I certify this loan is not CRA reportable?","5.0","a30Hu000005DZaUIAW","","","","","","","",""
"a308c000000lZIuAAM","0058c00000BxeO9AAJ","false","Q-005344","2023-10-18T17:44:29.000Z","0058c00000BxeO9AAJ","2025-07-10T00:09:43.000Z","0058c00000BxeO9AAJ","2025-07-10T00:09:43.000Z","","","Picklist","a2B8c0000076lQREAY","false","false","How do you prefer to monitor your account activity?","8.0","a30Hu000005DZaXIAW","","","","","","","",""
"a308c000000lZIvAAM","0058c00000BxeO9AAJ","false","Q-005345","2023-10-18T17:44:29.000Z","0058c00000BxeO9AAJ","2025-07-10T00:09:43.000Z","0058c00000BxeO9AAJ","2025-07-10T00:09:43.000Z","","","Picklist","a2B8c0000076lQREAY","false","false","How do you typically pay for purchases?","6.0","a30Hu000005DZaYIAW","","","","","","","",""
"a308c000000lZIwAAM","0058c00000BxeO9AAJ","false","Q-005346","2023-10-18T17:44:29.000Z","0058c00000BxeO9AAJ","2025-07-10T00:09:43.000Z","0058c00000BxeO9AAJ","2025-07-10T00:09:43.000Z","","","Picklist","a2B8c0000076lQREAY","false","false","How do you typically pay your monthly bills?","7.0","a30Hu000005DZaZIAW","","","","","","","",""
"a308c000000lZIxAAM","0058c00000BxeO9AAJ","false","Q-005347","2023-10-18T17:44:29.000Z","0058c00000BxeO9AAJ","2025-07-10T00:09:43.000Z","0058c00000BxeO9AAJ","2025-07-10T00:09:43.000Z","","","Picklist","a2B8c0000076lQREAY","true","false","How often do you send money out of the country?","0.0","a30Hu000005DZaaIAG","","","","","","","",""
"a308c000000lZIyAAM","0058c00000BxeO9AAJ","false","Q-005348","2023-10-18T17:44:29.000Z","0058c00000BxeO9AAJ","2025-07-10T00:09:43.000Z","0058c00000BxeO9AAJ","2025-07-10T00:09:43.000Z","","","Picklist","a2B8c0000076lQREAY","false","false","How much in cash are you typically depositing?","3.0","a30Hu000005DZacIAG","","","","","","","",""
"a308c000000lZIzAAM","0058c00000BxeO9AAJ","false","Q-005349","2023-10-18T17:44:29.000Z","0058c00000BxeO9AAJ","2025-07-10T00:09:43.000Z","0058c00000BxeO9AAJ","2025-07-10T00:09:43.000Z","","","Picklist","a2B8c0000076lQREAY","false","false","What type of automatic payments do you have coming out of your accounts?","5.0","a30Hu000005DZaeIAG","","","","","","","",""
"a308c000000lZJ0AAM","0058c00000BxeO9AAJ","false","Q-005350","2023-10-18T17:44:29.000Z","0058c00000BxeO9AAJ","2025-07-10T00:09:43.000Z","0058c00000BxeO9AAJ","2025-07-10T00:09:43.000Z","","","Picklist","a2B8c0000076lQREAY","false","false","In the next year, do you plan to move locally or relocate?","9.0","a30Hu000005DZafIAG","","","","","","","",""
"a308c000000lZJ1AAM","0058c00000BxeO9AAJ","false","Q-005351","2023-10-18T17:44:29.000Z","0058c00000BxeO9AAJ","2025-07-10T00:09:43.000Z","0058c00000BxeO9AAJ","2025-07-10T00:09:43.000Z","","","Picklist","a2B8c0000076lQREAY","false","false","In the next year, do you plan to buy or sell any real estate?","10.0","a30Hu000005DZagIAG","","","","","","","",""
"a308c000000lZJ2AAM","0058c00000BxeO9AAJ","false","Q-005352","2023-10-18T17:44:29.000Z","0058c00000BxeO9AAJ","2025-07-10T00:09:43.000Z","0058c00000BxeO9AAJ","2025-07-10T00:09:43.000Z","","","Picklist","a2B8c0000076lQREAY","false","false","In the next year, do you plan reevaluate how you are planning for your retirement?","11.0","a30Hu000005DZahIAG","","","","","","","",""
"a308c000000lZJ3AAM","0058c00000BxeO9AAJ","false","Q-005353","2023-10-18T17:44:29.000Z","0058c00000BxeO9AAJ","2025-07-10T00:09:43.000Z","0058c00000BxeO9AAJ","2025-07-10T00:09:43.000Z","","","Picklist","a2B8c000000OrYREA0","false","false","How often do you expect to send money overseas?","3.0","a30Hu000005DZaiIAG","","","","","","","",""
"a308c000000lZJ4AAM","0058c00000BxeO9AAJ","false","Q-005354","2023-10-18T17:44:29.000Z","0058c00000BxeO9AAJ","2025-07-10T00:09:43.000Z","0058c00000BxeO9AAJ","2025-07-10T00:09:43.000Z","","","Picklist","a2B8c000000OrYREA0","true","false","How much will your business deposit in cash on a daily basis?","5.0","a30Hu000005DZajIAG","","","","","","","",""
"a308c000000lZJ5AAM","0058c00000BxeO9AAJ","false","Q-005355","2023-10-18T17:44:29.000Z","0058c00000BxeO9AAJ","2025-07-10T00:09:43.000Z","0058c00000BxeO9AAJ","2025-07-10T00:09:43.000Z","","","Picklist","a2B8c000000OrYREA0","false","false","Are you registered as a Money Service Business with the state in which you operate?","9.0","a30Hu000005DZakIAG","","","","","","","",""
"a308c000000lZJ6AAM","0058c00000BxeO9AAJ","false","Q-005356","2023-10-18T17:44:29.000Z","0058c00000BxeO9AAJ","2025-07-10T00:09:43.000Z","0058c00000BxeO9AAJ","2025-07-10T00:09:43.000Z","","","Picklist","a2B8c000000OrYREA0","false","false","May I tell you more about our Treasury Services?","12.0","a30Hu000005DZalIAG","","","","","","","",""
"a308c000000lZJ7AAM","0058c00000BxeO9AAJ","false","Q-005357","2023-10-18T17:44:29.000Z","0058c00000BxeO9AAJ","2025-07-10T00:09:43.000Z","0058c00000BxeO9AAJ","2025-07-10T00:09:43.000Z","","","Picklist","a2B8c000000OrYREA0","false","false","What types of banking services do you typically use?","11.0","a30Hu000005DZamIAG","","","","","","","",""
"a308c000000lZJ8AAM","0058c00000BxeO9AAJ","false","Q-005358","2023-10-18T17:44:29.000Z","0058c00000BxeO9AAJ","2025-07-10T00:09:43.000Z","0058c00000BxeO9AAJ","2025-07-10T00:09:43.000Z","","","Picklist","a2B8c000000OrYREA0","false","false","In the next year do you plan to buy or sell any real estate?","14.0","a30Hu000005DZanIAG","","","","","","","",""
"a308c000000lZJ9AAM","0058c00000BxeO9AAJ","false","Q-005359","2023-10-18T17:44:29.000Z","0058c00000BxeO9AAJ","2025-07-10T00:09:43.000Z","0058c00000BxeO9AAJ","2025-07-10T00:09:43.000Z","","","Picklist","a2B8c000000OrYREA0","false","false","In the next year, do you plan to add additional locations?","13.0","a30Hu000005DZaoIAG","","","","","","","",""
"a308c000000lZJAAA2","0058c00000BxeO9AAJ","false","Q-005360","2023-10-18T17:44:29.000Z","0058c00000BxeO9AAJ","2025-07-10T00:09:43.000Z","0058c00000BxeO9AAJ","2025-07-10T00:09:43.000Z","","","Picklist","a2B8c000000OrYREA0","false","false","In the next year do you plan to reevaluate retirement options for yourself or your employees?","15.0","a30Hu000005DZapIAG","","","","","","","",""
"a308c000000lZJBAA2","0058c00000BxeO9AAJ","false","Q-005361","2023-10-18T17:44:29.000Z","0058c00000BxeO9AAJ","2025-07-10T00:09:43.000Z","0058c00000BxeO9AAJ","2025-07-10T00:09:43.000Z","","","Picklist","a2B8c000000OrYREA0","false","false","In the next year do you plan to purchase or refinance any business associated assets?","16.0","a30Hu000005DZaqIAG","","","","","","","",""
"a308c000000lZJCAA2","0058c00000BxeO9AAJ","false","Q-005362","2023-10-18T17:44:29.000Z","0058c00000BxeO9AAJ","2025-07-10T00:09:43.000Z","0058c00000BxeO9AAJ","2025-07-10T00:09:43.000Z","","","Picklist","a2B8c000000OrYKEA0","false","false","Does this transaction intend to support the purchase of assets from an affiliate?","2.0","a30Hu000005DZauIAG","","","","","","","",""
"a308c000000lZJDAA2","0058c00000BxeO9AAJ","false","Q-005363","2023-10-18T17:44:29.000Z","0058c00000BxeO9AAJ","2025-07-10T00:09:43.000Z","0058c00000BxeO9AAJ","2025-07-10T00:09:43.000Z","","","Picklist","a2B8c000000OrYKEA0","false","false","Is any borrower, co-borrower, or guarantor company directly or indirectly controlled, sponsored, or advised by our bank?","0.0","a30Hu000005DZasIAG","","","","","","","",""
"a308c000000lZJEAA2","0058c00000BxeO9AAJ","false","Q-005364","2023-10-18T17:44:29.000Z","0058c00000BxeO9AAJ","2025-07-10T00:09:43.000Z","0058c00000BxeO9AAJ","2025-07-10T00:09:43.000Z","","","Picklist","a2B8c000000OrYKEA0","false","false","I certify that Reg W applies to this loan.","5.0","a30Hu000005DZatIAG","","","","","","","",""
"a308c000000lZJFAA2","0058c00000BxeO9AAJ","false","Q-005365","2023-10-18T17:44:29.000Z","0058c00000BxeO9AAJ","2025-07-10T00:09:43.000Z","0058c00000BxeO9AAJ","2025-07-10T00:09:43.000Z","","","Picklist","a2B8c000000OrYKEA0","false","false","Does this transaction contain a guarantee on behalf of an affiliate?","3.0","a30Hu000005DZarIAG","","","","","","","",""
"a308c000000lZJGAA2","0058c00000BxeO9AAJ","false","Q-005366","2023-10-18T17:44:29.000Z","0058c00000BxeO9AAJ","2025-07-10T00:09:43.000Z","0058c00000BxeO9AAJ","2025-07-10T00:09:43.000Z","","","Picklist","a2B8c000000OrYKEA0","false","false","Does this transaction help to invest in securities issued by an affiliate?","1.0","a30Hu000005DZavIAG","","","","","","","",""
"a308c000000lZJHAA2","0058c00000BxeO9AAJ","false","Q-005367","2023-10-18T17:44:29.000Z","0058c00000BxeO9AAJ","2025-07-10T00:09:43.000Z","0058c00000BxeO9AAJ","2025-07-10T00:09:43.000Z","","","Picklist","a2B8c000000OrYKEA0","false","false","Does this transaction utilize as collateral any securities issued by an affiliate?","4.0","a30Hu000005DZawIAG","","","","","","","",""
"a308c000000lZJIAA2","0058c00000BxeO9AAJ","false","Q-005368","2023-10-18T17:44:29.000Z","0058c00000BxeO9AAJ","2025-07-10T00:09:43.000Z","0058c00000BxeO9AAJ","2025-07-10T00:09:43.000Z","","","Text","a2B8c000000OrYKEA0","false","false","Please describe how the subject transaction is in compliance with market terms and arms length definitions as defined in Reg W.","6.0","a30Hu000005DZaxIAG","","","","","","","",""
"a308c000000y8FDAAY","0058c00000BxeO9AAJ","false","Q-000202","2023-02-23T12:26:18.000Z","0058c00000BxeO9AAJ","2025-07-10T00:09:43.000Z","0058c00000BxeO9AAJ","2025-07-10T00:09:43.000Z","","","Checkbox","a2B8c000000vxYlEAI","false","true","Is This Fixed?","0.0","42279808406732240","","","","aded for testing","","","",""
