"Id","OwnerId","IsDeleted","Name","CreatedDate","CreatedById","LastModifiedDate","LastModifiedById","SystemModstamp","LastViewedDate","LastReferencedDate","nFORCE__Label__c","nFORCE__Order__c","nFORCE__Question__c","nFORCE__lookupKey__c","nFORCE__Api_Value__c","nFORCE__Is_Default__c"
"a2z8c000000BlewAAC","0058c00000BxeO9AAJ","false","O-001202","2024-03-05T13:23:10.000Z","0058c00000BxeO9AAJ","2025-07-10T00:09:47.000Z","0058c00000BxeO9AAJ","2025-07-10T00:09:47.000Z","","","No","2.0","a308c000000BgpcAAC","a2zHo0000022d8pIAA","","false"
"a2z8c000000BlexAAC","0058c00000BxeO9AAJ","false","O-001203","2024-03-05T13:23:10.000Z","0058c00000BxeO9AAJ","2025-07-10T00:09:47.000Z","0058c00000BxeO9AAJ","2025-07-10T00:09:47.000Z","","","Yes","1.0","a308c000000BgpbAAC","a2zHo0000022d8qIAA","","false"
"a2z8c000000BleyAAC","0058c00000BxeO9AAJ","false","O-001204","2024-03-05T13:23:10.000Z","0058c00000BxeO9AAJ","2025-07-10T00:09:47.000Z","0058c00000BxeO9AAJ","2025-07-10T00:09:47.000Z","","","Yes","1.0","a308c000000BgpaAAC","a2zHo0000022d8rIAA","","false"
"a2z8c000000BlezAAC","0058c00000BxeO9AAJ","false","O-001205","2024-03-05T13:23:10.000Z","0058c00000BxeO9AAJ","2025-07-10T00:09:47.000Z","0058c00000BxeO9AAJ","2025-07-10T00:09:47.000Z","","","No","2.0","a308c000000BgpbAAC","a2zHo0000022d8sIAA","","false"
"a2z8c000000Blf0AAC","0058c00000BxeO9AAJ","false","O-001206","2024-03-05T13:23:10.000Z","0058c00000BxeO9AAJ","2025-07-10T00:09:47.000Z","0058c00000BxeO9AAJ","2025-07-10T00:09:47.000Z","","","No","2.0","a308c000000BgpdAAC","a2zHo0000022d8tIAA","","false"
"a2z8c000000Blf1AAC","0058c00000BxeO9AAJ","false","O-001207","2024-03-05T13:23:10.000Z","0058c00000BxeO9AAJ","2025-07-10T00:09:47.000Z","0058c00000BxeO9AAJ","2025-07-10T00:09:47.000Z","","","No","2.0","a308c000000BgpeAAC","a2zHo0000022d8uIAA","","false"
"a2z8c000000Blf2AAC","0058c00000BxeO9AAJ","false","O-001208","2024-03-05T13:23:10.000Z","0058c00000BxeO9AAJ","2025-07-10T00:09:47.000Z","0058c00000BxeO9AAJ","2025-07-10T00:09:47.000Z","","","Yes","1.0","a308c000000BgpfAAC","a2zHo0000022d8vIAA","","false"
"a2z8c000000Blf3AAC","0058c00000BxeO9AAJ","false","O-001209","2024-03-05T13:23:10.000Z","0058c00000BxeO9AAJ","2025-07-10T00:09:47.000Z","0058c00000BxeO9AAJ","2025-07-10T00:09:47.000Z","","","Yes","1.0","a308c000000BgpgAAC","a2zHo0000022d8wIAA","","false"
"a2z8c000000Blf4AAC","0058c00000BxeO9AAJ","false","O-001210","2024-03-05T13:23:10.000Z","0058c00000BxeO9AAJ","2025-07-10T00:09:47.000Z","0058c00000BxeO9AAJ","2025-07-10T00:09:47.000Z","","","Yes","1.0","a308c000000BgphAAC","a2zHo0000022d8xIAA","","false"
"a2z8c000000Blf5AAC","0058c00000BxeO9AAJ","false","O-001211","2024-03-05T13:23:10.000Z","0058c00000BxeO9AAJ","2025-07-10T00:09:47.000Z","0058c00000BxeO9AAJ","2025-07-10T00:09:47.000Z","","","Yes","1.0","a308c000000BgpiAAC","a2zHo0000022d8yIAA","","false"
"a2z8c000000Blf6AAC","0058c00000BxeO9AAJ","false","O-001212","2024-03-05T13:23:10.000Z","0058c00000BxeO9AAJ","2025-07-10T00:09:47.000Z","0058c00000BxeO9AAJ","2025-07-10T00:09:47.000Z","","","No","2.0","a308c000000BgpiAAC","a2zHo0000022d8zIAA","","false"
"a2z8c000000Blf7AAC","0058c00000BxeO9AAJ","false","O-001213","2024-03-05T13:23:10.000Z","0058c00000BxeO9AAJ","2025-07-10T00:09:47.000Z","0058c00000BxeO9AAJ","2025-07-10T00:09:47.000Z","","","No","2.0","a308c000000BgpgAAC","a2zHo0000022d90IAA","","false"
"a2z8c000000Blf8AAC","0058c00000BxeO9AAJ","false","O-001214","2024-03-05T13:23:10.000Z","0058c00000BxeO9AAJ","2025-07-10T00:09:47.000Z","0058c00000BxeO9AAJ","2025-07-10T00:09:47.000Z","","","Yes","1.0","a308c000000BgpdAAC","a2zHo0000022d91IAA","","false"
"a2z8c000000Blf9AAC","0058c00000BxeO9AAJ","false","O-001215","2024-03-05T13:23:10.000Z","0058c00000BxeO9AAJ","2025-07-10T00:09:47.000Z","0058c00000BxeO9AAJ","2025-07-10T00:09:47.000Z","","","Yes - By selecting this option, this record will be marked HMDA Reportable","1.0","a308c000000BgpjAAC","a2zHo0000022d92IAA","","false"
"a2z8c000000BlfAAAS","0058c00000BxeO9AAJ","false","O-001216","2024-03-05T13:23:10.000Z","0058c00000BxeO9AAJ","2025-07-10T00:09:47.000Z","0058c00000BxeO9AAJ","2025-07-10T00:09:47.000Z","","","Yes - By selecting this option, this record will be marked as an Employee Loan","1.0","a308c000000BgpkAAC","a2zHo0000022d93IAA","","false"
"a2z8c000000BlfBAAS","0058c00000BxeO9AAJ","false","O-001217","2024-03-05T13:23:10.000Z","0058c00000BxeO9AAJ","2025-07-10T00:09:47.000Z","0058c00000BxeO9AAJ","2025-07-10T00:09:47.000Z","","","No","2.0","a308c000000BgplAAC","a2zHo0000022d94IAA","","false"
"a2z8c000000BlfCAAS","0058c00000BxeO9AAJ","false","O-001218","2024-03-05T13:23:10.000Z","0058c00000BxeO9AAJ","2025-07-10T00:09:47.000Z","0058c00000BxeO9AAJ","2025-07-10T00:09:47.000Z","","","No","2.0","a308c000000BgpmAAC","a2zHo0000022d97IAA","","false"
"a2z8c000000BlfDAAS","0058c00000BxeO9AAJ","false","O-001219","2024-03-05T13:23:10.000Z","0058c00000BxeO9AAJ","2025-07-10T00:09:47.000Z","0058c00000BxeO9AAJ","2025-07-10T00:09:47.000Z","","","No","2.0","a308c000000BgpnAAC","a2zHo0000022d98IAA","","false"
"a2z8c000000BlfEAAS","0058c00000BxeO9AAJ","false","O-001220","2024-03-05T13:23:10.000Z","0058c00000BxeO9AAJ","2025-07-10T00:09:47.000Z","0058c00000BxeO9AAJ","2025-07-10T00:09:47.000Z","","","Yes","1.0","a308c000000BgpoAAC","a2zHo0000022d99IAA","","false"
"a2z8c000000BlfFAAS","0058c00000BxeO9AAJ","false","O-001221","2024-03-05T13:23:10.000Z","0058c00000BxeO9AAJ","2025-07-10T00:09:47.000Z","0058c00000BxeO9AAJ","2025-07-10T00:09:47.000Z","","","Yes","1.0","a308c000000BgppAAC","a2zHo0000022d9AIAQ","","false"
"a2z8c000000BlfGAAS","0058c00000BxeO9AAJ","false","O-001222","2024-03-05T13:23:10.000Z","0058c00000BxeO9AAJ","2025-07-10T00:09:47.000Z","0058c00000BxeO9AAJ","2025-07-10T00:09:47.000Z","","","Yes","1.0","a308c000000BgpqAAC","a2zHo0000022d9BIAQ","","false"
"a2z8c000000BlfHAAS","0058c00000BxeO9AAJ","false","O-001223","2024-03-05T13:23:10.000Z","0058c00000BxeO9AAJ","2025-07-10T00:09:47.000Z","0058c00000BxeO9AAJ","2025-07-10T00:09:47.000Z","","","Yes - By selecting this option, the record will be marked CRA Reportable.","1.0","a308c000000BgprAAC","a2zHo0000022d9DIAQ","","false"
"a2z8c000000BlfIAAS","0058c00000BxeO9AAJ","false","O-001224","2024-03-05T13:23:10.000Z","0058c00000BxeO9AAJ","2025-07-10T00:09:47.000Z","0058c00000BxeO9AAJ","2025-07-10T00:09:47.000Z","","","None of the above","4.0","a308c000000BgpsAAC","a2zHo0000022d9EIAQ","","false"
"a2z8c000000BlfJAAS","0058c00000BxeO9AAJ","false","O-001225","2024-03-05T13:23:10.000Z","0058c00000BxeO9AAJ","2025-07-10T00:09:47.000Z","0058c00000BxeO9AAJ","2025-07-10T00:09:47.000Z","","","No","2.0","a308c000000BgptAAC","a2zHo0000022d9FIAQ","","false"
"a2z8c000000BlfKAAS","0058c00000BxeO9AAJ","false","O-001226","2024-03-05T13:23:10.000Z","0058c00000BxeO9AAJ","2025-07-10T00:09:47.000Z","0058c00000BxeO9AAJ","2025-07-10T00:09:47.000Z","","","No","2.0","a308c000000BgpuAAC","a2zHo0000022d9CIAQ","","false"
"a2z8c000000BlfLAAS","0058c00000BxeO9AAJ","false","O-001227","2024-03-05T13:23:10.000Z","0058c00000BxeO9AAJ","2025-07-10T00:09:47.000Z","0058c00000BxeO9AAJ","2025-07-10T00:09:47.000Z","","","No","2.0","a308c000000BgpVAAS","a2zHo0000022d9GIAQ","","false"
"a2z8c000000BlfMAAS","0058c00000BxeO9AAJ","false","O-001228","2024-03-05T13:23:10.000Z","0058c00000BxeO9AAJ","2025-07-10T00:09:47.000Z","0058c00000BxeO9AAJ","2025-07-10T00:09:47.000Z","","","No","2.0","a308c000000BgpvAAC","a2zHo0000022d9HIAQ","","false"
"a2z8c000000BlfNAAS","0058c00000BxeO9AAJ","false","O-001229","2024-03-05T13:23:10.000Z","0058c00000BxeO9AAJ","2025-07-10T00:09:47.000Z","0058c00000BxeO9AAJ","2025-07-10T00:09:47.000Z","","","Yes, the loan is HVCRE reportable.","1.0","a308c000000BgpwAAC","a2zHo0000022d9IIAQ","","false"
"a2z8c000000BlfOAAS","0058c00000BxeO9AAJ","false","O-001230","2024-03-05T13:23:10.000Z","0058c00000BxeO9AAJ","2025-07-10T00:09:47.000Z","0058c00000BxeO9AAJ","2025-07-10T00:09:47.000Z","","","Yes - By selecting this option, the loan will be marked Reg O Reportable.","1.0","a308c000000BgplAAC","a2zHo0000022d9JIAQ","","false"
"a2z8c000000BlfPAAS","0058c00000BxeO9AAJ","false","O-001231","2024-03-05T13:23:10.000Z","0058c00000BxeO9AAJ","2025-07-10T00:09:47.000Z","0058c00000BxeO9AAJ","2025-07-10T00:09:47.000Z","","","No","2.0","a308c000000Bgq6AAC","a2zHo0000022d9KIAQ","","false"
"a2z8c000000BlfQAAS","0058c00000BxeO9AAJ","false","O-001232","2024-03-05T13:23:10.000Z","0058c00000BxeO9AAJ","2025-07-10T00:09:47.000Z","0058c00000BxeO9AAJ","2025-07-10T00:09:47.000Z","","","Yes, this loan IS NOT HMDA Reportable","1.0","a308c000000Bgq7AAC","a2zHo0000022d9LIAQ","","false"
"a2z8c000000BlfRAAS","0058c00000BxeO9AAJ","false","O-001233","2024-03-05T13:23:10.000Z","0058c00000BxeO9AAJ","2025-07-10T00:09:47.000Z","0058c00000BxeO9AAJ","2025-07-10T00:09:47.000Z","","","No","2.0","a308c000000BgpkAAC","a2zHo0000022d9MIAQ","","false"
"a2z8c000000BlfSAAS","0058c00000BxeO9AAJ","false","O-001234","2024-03-05T13:23:10.000Z","0058c00000BxeO9AAJ","2025-07-10T00:09:47.000Z","0058c00000BxeO9AAJ","2025-07-10T00:09:47.000Z","","","Yes","1.0","a308c000000Bgq6AAC","a2zHo0000022d9NIAQ","","false"
"a2z8c000000BlfTAAS","0058c00000BxeO9AAJ","false","O-001235","2024-03-05T13:23:10.000Z","0058c00000BxeO9AAJ","2025-07-10T00:09:47.000Z","0058c00000BxeO9AAJ","2025-07-10T00:09:47.000Z","","","Yes","1.0","a308c000000BgpcAAC","a2zHo0000022d9OIAQ","","false"
"a2z8c000000BlfUAAS","0058c00000BxeO9AAJ","false","O-001236","2024-03-05T13:23:10.000Z","0058c00000BxeO9AAJ","2025-07-10T00:09:47.000Z","0058c00000BxeO9AAJ","2025-07-10T00:09:47.000Z","","","Yes","1.0","a308c000000BgpeAAC","a2zHo0000022d9PIAQ","","false"
"a2z8c000000BlfVAAS","0058c00000BxeO9AAJ","false","O-001237","2024-03-05T13:23:10.000Z","0058c00000BxeO9AAJ","2025-07-10T00:09:47.000Z","0058c00000BxeO9AAJ","2025-07-10T00:09:47.000Z","","","No","2.0","a308c000000BgpaAAC","a2zHo0000022d9QIAQ","","false"
"a2z8c000000BlfWAAS","0058c00000BxeO9AAJ","false","O-001238","2024-03-05T13:23:10.000Z","0058c00000BxeO9AAJ","2025-07-10T00:09:47.000Z","0058c00000BxeO9AAJ","2025-07-10T00:09:47.000Z","","","No","2.0","a308c000000BgphAAC","a2zHo0000022d9RIAQ","","false"
"a2z8c000000BlfXAAS","0058c00000BxeO9AAJ","false","O-001239","2024-03-05T13:23:10.000Z","0058c00000BxeO9AAJ","2025-07-10T00:09:47.000Z","0058c00000BxeO9AAJ","2025-07-10T00:09:47.000Z","","","Yes","1.0","a308c000000Bgz2AAC","a2zHo0000022d9TIAQ","","false"
"a2z8c000000BlfYAAS","0058c00000BxeO9AAJ","false","O-001240","2024-03-05T13:23:10.000Z","0058c00000BxeO9AAJ","2025-07-10T00:09:47.000Z","0058c00000BxeO9AAJ","2025-07-10T00:09:47.000Z","","","Yes","1.0","a308c000000Bgz3AAC","a2zHo0000022d95IAA","","false"
"a2z8c000000BlfZAAS","0058c00000BxeO9AAJ","false","O-001241","2024-03-05T13:23:10.000Z","0058c00000BxeO9AAJ","2025-07-10T00:09:47.000Z","0058c00000BxeO9AAJ","2025-07-10T00:09:47.000Z","","","Yes - By selecting this option, this record will be marked Reg W Reportable","1.0","a308c000000Bgz4AAC","a2zHo0000022d96IAA","","false"
"a2z8c000000BlfaAAC","0058c00000BxeO9AAJ","false","O-001242","2024-03-05T13:23:10.000Z","0058c00000BxeO9AAJ","2025-07-10T00:09:47.000Z","0058c00000BxeO9AAJ","2025-07-10T00:09:47.000Z","","","No","2.0","a308c000000Bgz3AAC","a2zHo0000022d9SIAQ","","false"
"a2z8c000000BlfbAAC","0058c00000BxeO9AAJ","false","O-001243","2024-03-05T13:23:10.000Z","0058c00000BxeO9AAJ","2025-07-10T00:09:47.000Z","0058c00000BxeO9AAJ","2025-07-10T00:09:47.000Z","","","No","2.0","a308c000000Bgz2AAC","a2zHo0000022d9UIAQ","","false"
"a2z8c000000BlfcAAC","0058c00000BxeO9AAJ","false","O-001244","2024-03-05T13:23:10.000Z","0058c00000BxeO9AAJ","2025-07-10T00:09:47.000Z","0058c00000BxeO9AAJ","2025-07-10T00:09:47.000Z","","","Yes","1.0","a308c000000Bgz5AAC","a2zHo0000022d9VIAQ","","false"
"a2z8c000000BlfdAAC","0058c00000BxeO9AAJ","false","O-001245","2024-03-05T13:23:10.000Z","0058c00000BxeO9AAJ","2025-07-10T00:09:47.000Z","0058c00000BxeO9AAJ","2025-07-10T00:09:47.000Z","","","No","2.0","a308c000000Bgz5AAC","a2zHo0000022d9WIAQ","","false"
"a2z8c000000BlfeAAC","0058c00000BxeO9AAJ","false","O-001246","2024-03-05T13:23:10.000Z","0058c00000BxeO9AAJ","2025-07-10T00:09:47.000Z","0058c00000BxeO9AAJ","2025-07-10T00:09:47.000Z","","","Yes","1.0","a308c000000Bgz6AAC","a2zHo0000022d9XIAQ","","false"
"a2z8c000000BlffAAC","0058c00000BxeO9AAJ","false","O-001247","2024-03-05T13:23:10.000Z","0058c00000BxeO9AAJ","2025-07-10T00:09:47.000Z","0058c00000BxeO9AAJ","2025-07-10T00:09:47.000Z","","","No","2.0","a308c000000Bgz6AAC","a2zHo0000022d9YIAQ","","false"
"a2z8c000000BlfgAAC","0058c00000BxeO9AAJ","false","O-001248","2024-03-05T13:23:10.000Z","0058c00000BxeO9AAJ","2025-07-10T00:09:47.000Z","0058c00000BxeO9AAJ","2025-07-10T00:09:47.000Z","","","Yes","1.0","a308c000000Bgz7AAC","a2zHo0000022d9ZIAQ","","false"
"a2z8c000000BlfhAAC","0058c00000BxeO9AAJ","false","O-001249","2024-03-05T13:23:10.000Z","0058c00000BxeO9AAJ","2025-07-10T00:09:47.000Z","0058c00000BxeO9AAJ","2025-07-10T00:09:47.000Z","","","No","2.0","a308c000000Bgz7AAC","a2zHo0000022d9aIAA","","false"
"a2z8c000000BlfiAAC","0058c00000BxeO9AAJ","false","O-001250","2024-03-05T13:23:10.000Z","0058c00000BxeO9AAJ","2025-07-10T00:09:47.000Z","0058c00000BxeO9AAJ","2025-07-10T00:09:47.000Z","","","A 1-4 Family Residence","1.0","a308c000000BgpsAAC","a2zHo0000022d9bIAA","","false"
"a2z8c000000BlfjAAC","0058c00000BxeO9AAJ","false","O-001251","2024-03-05T13:23:10.000Z","0058c00000BxeO9AAJ","2025-07-10T00:09:47.000Z","0058c00000BxeO9AAJ","2025-07-10T00:09:47.000Z","","","A Community Development Project","2.0","a308c000000BgpsAAC","a2zHo0000022d9cIAA","","false"
"a2z8c000000BlfkAAC","0058c00000BxeO9AAJ","false","O-001252","2024-03-05T13:23:10.000Z","0058c00000BxeO9AAJ","2025-07-10T00:09:47.000Z","0058c00000BxeO9AAJ","2025-07-10T00:09:47.000Z","","","Agricultural Land Purchased for Development","3.0","a308c000000BgpsAAC","a2zHo0000022d9dIAA","","false"
"a2z8c000000BlflAAC","0058c00000BxeO9AAJ","false","O-001253","2024-03-05T13:23:10.000Z","0058c00000BxeO9AAJ","2025-07-10T00:09:47.000Z","0058c00000BxeO9AAJ","2025-07-10T00:09:47.000Z","","","Yes","1.0","a308c000000BgptAAC","a2zHo0000022d9eIAA","","false"
"a2z8c000000BlfmAAC","0058c00000BxeO9AAJ","false","O-001254","2024-03-05T13:23:10.000Z","0058c00000BxeO9AAJ","2025-07-10T00:09:47.000Z","0058c00000BxeO9AAJ","2025-07-10T00:09:47.000Z","","","Yes","1.0","a308c000000BgpuAAC","a2zHo0000022d9fIAA","","false"
"a2z8c000000BlfnAAC","0058c00000BxeO9AAJ","false","O-001255","2024-03-05T13:23:10.000Z","0058c00000BxeO9AAJ","2025-07-10T00:09:47.000Z","0058c00000BxeO9AAJ","2025-07-10T00:09:47.000Z","","","Yes","1.0","a308c000000BgpvAAC","a2zHo0000022d9gIAA","","false"
"a2z8c000000BlfoAAC","0058c00000BxeO9AAJ","false","O-001256","2024-03-05T13:23:10.000Z","0058c00000BxeO9AAJ","2025-07-10T00:09:47.000Z","0058c00000BxeO9AAJ","2025-07-10T00:09:47.000Z","","","Yes","1.0","a308c000000BgpVAAS","a2zHo0000022d9hIAA","","false"
"a2z8c000000BlfpAAC","0058c00000BxeO9AAJ","false","O-001257","2024-03-05T13:23:10.000Z","0058c00000BxeO9AAJ","2025-07-10T00:09:47.000Z","0058c00000BxeO9AAJ","2025-07-10T00:09:47.000Z","","","Yes, this Loan is not HVCRE reportable.","1.0","a308c000000Bgq8AAC","a2zHo0000022d9iIAA","","false"
"a2z8c000000BlfqAAC","0058c00000BxeO9AAJ","false","O-001258","2024-03-05T13:23:10.000Z","0058c00000BxeO9AAJ","2025-07-10T00:09:47.000Z","0058c00000BxeO9AAJ","2025-07-10T00:09:47.000Z","","","Yes","1.0","a308c000000BgpmAAC","a2zHo0000022d9jIAA","","false"
"a2z8c000000BlfrAAC","0058c00000BxeO9AAJ","false","O-001259","2024-03-05T13:23:10.000Z","0058c00000BxeO9AAJ","2025-07-10T00:09:47.000Z","0058c00000BxeO9AAJ","2025-07-10T00:09:47.000Z","","","Yes","1.0","a308c000000BgpnAAC","a2zHo0000022d9kIAA","","false"
"a2z8c000000BlfsAAC","0058c00000BxeO9AAJ","false","O-001260","2024-03-05T13:23:10.000Z","0058c00000BxeO9AAJ","2025-07-10T00:09:47.000Z","0058c00000BxeO9AAJ","2025-07-10T00:09:47.000Z","","","No","2.0","a308c000000BgpoAAC","a2zHo0000022d9mIAA","","false"
"a2z8c000000BlftAAC","0058c00000BxeO9AAJ","false","O-001261","2024-03-05T13:23:10.000Z","0058c00000BxeO9AAJ","2025-07-10T00:09:47.000Z","0058c00000BxeO9AAJ","2025-07-10T00:09:47.000Z","","","No","2.0","a308c000000BgppAAC","a2zHo0000022d9lIAA","","false"
"a2z8c000000BlfuAAC","0058c00000BxeO9AAJ","false","O-001262","2024-03-05T13:23:10.000Z","0058c00000BxeO9AAJ","2025-07-10T00:09:47.000Z","0058c00000BxeO9AAJ","2025-07-10T00:09:47.000Z","","","No","2.0","a308c000000BgpqAAC","a2zHo0000022d9nIAA","","false"
"a2z8c000000BlfvAAC","0058c00000BxeO9AAJ","false","O-001263","2024-03-05T13:23:10.000Z","0058c00000BxeO9AAJ","2025-07-10T00:09:47.000Z","0058c00000BxeO9AAJ","2025-07-10T00:09:47.000Z","","","Yes","1.0","a308c000000Bgq9AAC","a2zHo0000022d9oIAA","","false"
"a2z8c000000BlfwAAC","0058c00000BxeO9AAJ","false","O-001264","2024-03-05T13:23:10.000Z","0058c00000BxeO9AAJ","2025-07-10T00:09:47.000Z","0058c00000BxeO9AAJ","2025-07-10T00:09:47.000Z","","","No","2.0","a308c000000BgpjAAC","a2zHo0000022d9pIAA","","false"
"a2z8c000000BlfxAAC","0058c00000BxeO9AAJ","false","O-001265","2024-03-05T13:23:10.000Z","0058c00000BxeO9AAJ","2025-07-10T00:09:47.000Z","0058c00000BxeO9AAJ","2025-07-10T00:09:47.000Z","","","No","2.0","a308c000000Bgz4AAC","a2zHo0000022d9qIAA","","false"
"a2z8c000000BlfyAAC","0058c00000BxeO9AAJ","false","O-001266","2024-03-05T13:23:11.000Z","0058c00000BxeO9AAJ","2025-07-10T00:09:47.000Z","0058c00000BxeO9AAJ","2025-07-10T00:09:47.000Z","","","Yes","1.0","a308c000000Bgz9AAC","a2z4x0000001Vu2AAE","","false"
"a2z8c000000BlfzAAC","0058c00000BxeO9AAJ","false","O-001267","2024-03-05T13:23:11.000Z","0058c00000BxeO9AAJ","2025-07-10T00:09:47.000Z","0058c00000BxeO9AAJ","2025-07-10T00:09:47.000Z","","","Yes","1.0","a308c000000BgzAAAS","a2z4x0000001Vu3AAE","","false"
"a2z8c000000Blg0AAC","0058c00000BxeO9AAJ","false","O-001268","2024-03-05T13:23:11.000Z","0058c00000BxeO9AAJ","2025-07-10T00:09:47.000Z","0058c00000BxeO9AAJ","2025-07-10T00:09:47.000Z","","","No","2.0","a308c000000Bgz9AAC","a2z4x0000001Vu4AAE","","false"
"a2z8c000000Blg1AAC","0058c00000BxeO9AAJ","false","O-001269","2024-03-05T13:23:11.000Z","0058c00000BxeO9AAJ","2025-07-10T00:09:47.000Z","0058c00000BxeO9AAJ","2025-07-10T00:09:47.000Z","","","No","2.0","a308c000000BgzBAAS","a2z4x0000001Vu5AAE","","false"
"a2z8c000000Blg2AAC","0058c00000BxeO9AAJ","false","O-001270","2024-03-05T13:23:11.000Z","0058c00000BxeO9AAJ","2025-07-10T00:09:47.000Z","0058c00000BxeO9AAJ","2025-07-10T00:09:47.000Z","","","No","2.0","a308c000000BgzCAAS","a2z4x0000001Vu6AAE","","false"
"a2z8c000000Blg3AAC","0058c00000BxeO9AAJ","false","O-001271","2024-03-05T13:23:11.000Z","0058c00000BxeO9AAJ","2025-07-10T00:09:47.000Z","0058c00000BxeO9AAJ","2025-07-10T00:09:47.000Z","","","No","2.0","a308c000000BgzDAAS","a2z4x0000001Vu7AAE","","false"
"a2z8c000000Blg4AAC","0058c00000BxeO9AAJ","false","O-001272","2024-03-05T13:23:11.000Z","0058c00000BxeO9AAJ","2025-07-10T00:09:47.000Z","0058c00000BxeO9AAJ","2025-07-10T00:09:47.000Z","","","Yes","1.0","a308c000000BgzEAAS","a2z4x0000001Vu8AAE","","false"
"a2z8c000000Blg5AAC","0058c00000BxeO9AAJ","false","O-001273","2024-03-05T13:23:11.000Z","0058c00000BxeO9AAJ","2025-07-10T00:09:47.000Z","0058c00000BxeO9AAJ","2025-07-10T00:09:47.000Z","","","Yes","1.0","a308c000000BgzFAAS","a2z4x0000001Vu9AAE","","false"
"a2z8c000000Blg6AAC","0058c00000BxeO9AAJ","false","O-001274","2024-03-05T13:23:11.000Z","0058c00000BxeO9AAJ","2025-07-10T00:09:47.000Z","0058c00000BxeO9AAJ","2025-07-10T00:09:47.000Z","","","Yes","1.0","a308c000000BgzGAAS","a2z4x0000001VuAAAU","","false"
"a2z8c000000Blg7AAC","0058c00000BxeO9AAJ","false","O-001275","2024-03-05T13:23:11.000Z","0058c00000BxeO9AAJ","2025-07-10T00:09:47.000Z","0058c00000BxeO9AAJ","2025-07-10T00:09:47.000Z","","","Yes","1.0","a308c000000BgzHAAS","a2z4x0000001VuBAAU","","false"
"a2z8c000000Blg8AAC","0058c00000BxeO9AAJ","false","O-001276","2024-03-05T13:23:11.000Z","0058c00000BxeO9AAJ","2025-07-10T00:09:47.000Z","0058c00000BxeO9AAJ","2025-07-10T00:09:47.000Z","","","No","2.0","a308c000000BgzHAAS","a2z4x0000001VuCAAU","","false"
"a2z8c000000Blg9AAC","0058c00000BxeO9AAJ","false","O-001277","2024-03-05T13:23:11.000Z","0058c00000BxeO9AAJ","2025-07-10T00:09:47.000Z","0058c00000BxeO9AAJ","2025-07-10T00:09:47.000Z","","","No","2.0","a308c000000BgzFAAS","a2z4x0000001VuDAAU","","false"
"a2z8c000000BlgAAAS","0058c00000BxeO9AAJ","false","O-001278","2024-03-05T13:23:11.000Z","0058c00000BxeO9AAJ","2025-07-10T00:09:47.000Z","0058c00000BxeO9AAJ","2025-07-10T00:09:47.000Z","","","Yes","1.0","a308c000000BgzCAAS","a2z4x0000001VuEAAU","","false"
"a2z8c000000BlgBAAS","0058c00000BxeO9AAJ","false","O-001279","2024-03-05T13:23:11.000Z","0058c00000BxeO9AAJ","2025-07-10T00:09:47.000Z","0058c00000BxeO9AAJ","2025-07-10T00:09:47.000Z","","","Yes - By selecting this option, this record will be marked HMDA Reportable","1.0","a308c000000BgzIAAS","a2z4x0000001VuFAAU","","false"
"a2z8c000000BlgCAAS","0058c00000BxeO9AAJ","false","O-001280","2024-03-05T13:23:11.000Z","0058c00000BxeO9AAJ","2025-07-10T00:09:47.000Z","0058c00000BxeO9AAJ","2025-07-10T00:09:47.000Z","","","Yes - By selecting this option, this record will be marked as an Employee Loan","1.0","a308c000000BgzJAAS","a2z4x0000001VuGAAU","","false"
"a2z8c000000BlgDAAS","0058c00000BxeO9AAJ","false","O-001281","2024-03-05T13:23:11.000Z","0058c00000BxeO9AAJ","2025-07-10T00:09:47.000Z","0058c00000BxeO9AAJ","2025-07-10T00:09:47.000Z","","","No","2.0","a308c000000BgzKAAS","a2z4x0000001VuHAAU","","false"
"a2z8c000000BlgEAAS","0058c00000BxeO9AAJ","false","O-001282","2024-03-05T13:23:11.000Z","0058c00000BxeO9AAJ","2025-07-10T00:09:47.000Z","0058c00000BxeO9AAJ","2025-07-10T00:09:47.000Z","","","Yes","1.0","a308c000000Bh06AAC","a2z4x0000001VuIAAU","","false"
"a2z8c000000BlgFAAS","0058c00000BxeO9AAJ","false","O-001283","2024-03-05T13:23:11.000Z","0058c00000BxeO9AAJ","2025-07-10T00:09:47.000Z","0058c00000BxeO9AAJ","2025-07-10T00:09:47.000Z","","","Yes - By selecting this option, this record will be marked Reg W Reportable","1.0","a308c000000Bh07AAC","a2z4x0000001VuJAAU","","false"
"a2z8c000000BlgGAAS","0058c00000BxeO9AAJ","false","O-001284","2024-03-05T13:23:11.000Z","0058c00000BxeO9AAJ","2025-07-10T00:09:47.000Z","0058c00000BxeO9AAJ","2025-07-10T00:09:47.000Z","","","No","2.0","a308c000000BgzLAAS","a2z4x0000001VuKAAU","","false"
"a2z8c000000BlgHAAS","0058c00000BxeO9AAJ","false","O-001285","2024-03-05T13:23:11.000Z","0058c00000BxeO9AAJ","2025-07-10T00:09:47.000Z","0058c00000BxeO9AAJ","2025-07-10T00:09:47.000Z","","","No","2.0","a308c000000BgzMAAS","a2z4x0000001VuLAAU","","false"
"a2z8c000000BlgIAAS","0058c00000BxeO9AAJ","false","O-001286","2024-03-05T13:23:11.000Z","0058c00000BxeO9AAJ","2025-07-10T00:09:47.000Z","0058c00000BxeO9AAJ","2025-07-10T00:09:47.000Z","","","Yes","1.0","a308c000000BgzNAAS","a2z4x0000001VuMAAU","","false"
"a2z8c000000BlgJAAS","0058c00000BxeO9AAJ","false","O-001287","2024-03-05T13:23:11.000Z","0058c00000BxeO9AAJ","2025-07-10T00:09:47.000Z","0058c00000BxeO9AAJ","2025-07-10T00:09:47.000Z","","","Yes","1.0","a308c000000BgzOAAS","a2z4x0000001VuNAAU","","false"
"a2z8c000000BlgKAAS","0058c00000BxeO9AAJ","false","O-001288","2024-03-05T13:23:11.000Z","0058c00000BxeO9AAJ","2025-07-10T00:09:47.000Z","0058c00000BxeO9AAJ","2025-07-10T00:09:47.000Z","","","Yes","1.0","a308c000000BgzPAAS","a2z4x0000001VuOAAU","","false"
"a2z8c000000BlgLAAS","0058c00000BxeO9AAJ","false","O-001289","2024-03-05T13:23:11.000Z","0058c00000BxeO9AAJ","2025-07-10T00:09:47.000Z","0058c00000BxeO9AAJ","2025-07-10T00:09:47.000Z","","","Yes - By selecting this option, the record will be marked CRA Reportable.","1.0","a308c000000BgzQAAS","a2z4x0000001VuPAAU","","false"
"a2z8c000000BlgMAAS","0058c00000BxeO9AAJ","false","O-001290","2024-03-05T13:23:11.000Z","0058c00000BxeO9AAJ","2025-07-10T00:09:47.000Z","0058c00000BxeO9AAJ","2025-07-10T00:09:47.000Z","","","None of the above","4.0","a308c000000BgzRAAS","a2z4x0000001VuQAAU","","false"
"a2z8c000000BlgNAAS","0058c00000BxeO9AAJ","false","O-001291","2024-03-05T13:23:11.000Z","0058c00000BxeO9AAJ","2025-07-10T00:09:47.000Z","0058c00000BxeO9AAJ","2025-07-10T00:09:47.000Z","","","No","2.0","a308c000000BgzSAAS","a2z4x0000001VuRAAU","","false"
"a2z8c000000BlgOAAS","0058c00000BxeO9AAJ","false","O-001292","2024-03-05T13:23:11.000Z","0058c00000BxeO9AAJ","2025-07-10T00:09:47.000Z","0058c00000BxeO9AAJ","2025-07-10T00:09:47.000Z","","","No","2.0","a308c000000BgzTAAS","a2z4x0000001VuSAAU","","false"
"a2z8c000000BlgPAAS","0058c00000BxeO9AAJ","false","O-001293","2024-03-05T13:23:11.000Z","0058c00000BxeO9AAJ","2025-07-10T00:09:47.000Z","0058c00000BxeO9AAJ","2025-07-10T00:09:47.000Z","","","No","2.0","a308c000000BgzUAAS","a2z4x0000001VuTAAU","","false"
"a2z8c000000BlgQAAS","0058c00000BxeO9AAJ","false","O-001294","2024-03-05T13:23:11.000Z","0058c00000BxeO9AAJ","2025-07-10T00:09:47.000Z","0058c00000BxeO9AAJ","2025-07-10T00:09:47.000Z","","","No","2.0","a308c000000BgzVAAS","a2z4x0000001VuUAAU","","false"
"a2z8c000000BlgRAAS","0058c00000BxeO9AAJ","false","O-001295","2024-03-05T13:23:11.000Z","0058c00000BxeO9AAJ","2025-07-10T00:09:47.000Z","0058c00000BxeO9AAJ","2025-07-10T00:09:47.000Z","","","Yes, the loan is HVCRE reportable.","1.0","a308c000000BgzWAAS","a2z4x0000001VuVAAU","","false"
"a2z8c000000BlgSAAS","0058c00000BxeO9AAJ","false","O-001296","2024-03-05T13:23:11.000Z","0058c00000BxeO9AAJ","2025-07-10T00:09:47.000Z","0058c00000BxeO9AAJ","2025-07-10T00:09:47.000Z","","","Yes - By selecting this option, the loan will be marked Reg O Reportable.","1.0","a308c000000BgzKAAS","a2z4x0000001VuWAAU","","false"
"a2z8c000000BlgTAAS","0058c00000BxeO9AAJ","false","O-001297","2024-03-05T13:23:11.000Z","0058c00000BxeO9AAJ","2025-07-10T00:09:47.000Z","0058c00000BxeO9AAJ","2025-07-10T00:09:47.000Z","","","No","2.0","a308c000000BgzgAAC","a2z4x0000001VuXAAU","","false"
"a2z8c000000BlgUAAS","0058c00000BxeO9AAJ","false","O-001298","2024-03-05T13:23:11.000Z","0058c00000BxeO9AAJ","2025-07-10T00:09:47.000Z","0058c00000BxeO9AAJ","2025-07-10T00:09:47.000Z","","","Yes, this loan IS NOT HMDA Reportable","1.0","a308c000000BgzhAAC","a2z4x0000001VuYAAU","","false"
"a2z8c000000BlgVAAS","0058c00000BxeO9AAJ","false","O-001299","2024-03-05T13:23:11.000Z","0058c00000BxeO9AAJ","2025-07-10T00:09:47.000Z","0058c00000BxeO9AAJ","2025-07-10T00:09:47.000Z","","","No","2.0","a308c000000BgzJAAS","a2z4x0000001VuZAAU","","false"
"a2z8c000000BlgWAAS","0058c00000BxeO9AAJ","false","O-001300","2024-03-05T13:23:11.000Z","0058c00000BxeO9AAJ","2025-07-10T00:09:47.000Z","0058c00000BxeO9AAJ","2025-07-10T00:09:47.000Z","","","Yes","1.0","a308c000000BgzgAAC","a2z4x0000001VuaAAE","","false"
"a2z8c000000BlgXAAS","0058c00000BxeO9AAJ","false","O-001301","2024-03-05T13:23:11.000Z","0058c00000BxeO9AAJ","2025-07-10T00:09:47.000Z","0058c00000BxeO9AAJ","2025-07-10T00:09:47.000Z","","","Yes","1.0","a308c000000BgzBAAS","a2z4x0000001VubAAE","","false"
"a2z8c000000BlgYAAS","0058c00000BxeO9AAJ","false","O-001302","2024-03-05T13:23:11.000Z","0058c00000BxeO9AAJ","2025-07-10T00:09:47.000Z","0058c00000BxeO9AAJ","2025-07-10T00:09:47.000Z","","","Yes","1.0","a308c000000BgzDAAS","a2z4x0000001VucAAE","","false"
"a2z8c000000BlgZAAS","0058c00000BxeO9AAJ","false","O-001303","2024-03-05T13:23:11.000Z","0058c00000BxeO9AAJ","2025-07-10T00:09:47.000Z","0058c00000BxeO9AAJ","2025-07-10T00:09:47.000Z","","","No","2.0","a308c000000BgzAAAS","a2z4x0000001VudAAE","","false"
"a2z8c000000BlgaAAC","0058c00000BxeO9AAJ","false","O-001304","2024-03-05T13:23:11.000Z","0058c00000BxeO9AAJ","2025-07-10T00:09:47.000Z","0058c00000BxeO9AAJ","2025-07-10T00:09:47.000Z","","","No","2.0","a308c000000BgzGAAS","a2z4x0000001VueAAE","","false"
"a2z8c000000BlgbAAC","0058c00000BxeO9AAJ","false","O-001305","2024-03-05T13:23:11.000Z","0058c00000BxeO9AAJ","2025-07-10T00:09:47.000Z","0058c00000BxeO9AAJ","2025-07-10T00:09:47.000Z","","","No","2.0","a308c000000Bh06AAC","a2z4x0000001VufAAE","","false"
"a2z8c000000BlgcAAC","0058c00000BxeO9AAJ","false","O-001306","2024-03-05T13:23:11.000Z","0058c00000BxeO9AAJ","2025-07-10T00:09:47.000Z","0058c00000BxeO9AAJ","2025-07-10T00:09:47.000Z","","","Yes","1.0","a308c000000Bh08AAC","a2z4x0000001VugAAE","","false"
"a2z8c000000BlgdAAC","0058c00000BxeO9AAJ","false","O-001307","2024-03-05T13:23:11.000Z","0058c00000BxeO9AAJ","2025-07-10T00:09:47.000Z","0058c00000BxeO9AAJ","2025-07-10T00:09:47.000Z","","","No","2.0","a308c000000Bh08AAC","a2z4x0000001VuhAAE","","false"
"a2z8c000000BlgeAAC","0058c00000BxeO9AAJ","false","O-001308","2024-03-05T13:23:11.000Z","0058c00000BxeO9AAJ","2025-07-10T00:09:47.000Z","0058c00000BxeO9AAJ","2025-07-10T00:09:47.000Z","","","Yes","1.0","a308c000000Bh09AAC","a2z4x0000001VuiAAE","","false"
"a2z8c000000BlgfAAC","0058c00000BxeO9AAJ","false","O-001309","2024-03-05T13:23:11.000Z","0058c00000BxeO9AAJ","2025-07-10T00:09:47.000Z","0058c00000BxeO9AAJ","2025-07-10T00:09:47.000Z","","","No","2.0","a308c000000Bh09AAC","a2z4x0000001VujAAE","","false"
"a2z8c000000BlggAAC","0058c00000BxeO9AAJ","false","O-001310","2024-03-05T13:23:11.000Z","0058c00000BxeO9AAJ","2025-07-10T00:09:47.000Z","0058c00000BxeO9AAJ","2025-07-10T00:09:47.000Z","","","Yes","1.0","a308c000000Bh0AAAS","a2z4x0000001VukAAE","","false"
"a2z8c000000BlghAAC","0058c00000BxeO9AAJ","false","O-001311","2024-03-05T13:23:11.000Z","0058c00000BxeO9AAJ","2025-07-10T00:09:47.000Z","0058c00000BxeO9AAJ","2025-07-10T00:09:47.000Z","","","No","2.0","a308c000000Bh0AAAS","a2z4x0000001VulAAE","","false"
"a2z8c000000BlgiAAC","0058c00000BxeO9AAJ","false","O-001312","2024-03-05T13:23:11.000Z","0058c00000BxeO9AAJ","2025-07-10T00:09:47.000Z","0058c00000BxeO9AAJ","2025-07-10T00:09:47.000Z","","","Yes","1.0","a308c000000Bh0BAAS","a2z4x0000001VumAAE","","false"
"a2z8c000000BlgjAAC","0058c00000BxeO9AAJ","false","O-001313","2024-03-05T13:23:11.000Z","0058c00000BxeO9AAJ","2025-07-10T00:09:47.000Z","0058c00000BxeO9AAJ","2025-07-10T00:09:47.000Z","","","No","2.0","a308c000000Bh0BAAS","a2z4x0000001VunAAE","","false"
"a2z8c000000BlgkAAC","0058c00000BxeO9AAJ","false","O-001314","2024-03-05T13:23:11.000Z","0058c00000BxeO9AAJ","2025-07-10T00:09:47.000Z","0058c00000BxeO9AAJ","2025-07-10T00:09:47.000Z","","","A 1-4 Family Residence","1.0","a308c000000BgzRAAS","a2z4x0000001VuoAAE","","false"
"a2z8c000000BlglAAC","0058c00000BxeO9AAJ","false","O-001315","2024-03-05T13:23:11.000Z","0058c00000BxeO9AAJ","2025-07-10T00:09:47.000Z","0058c00000BxeO9AAJ","2025-07-10T00:09:47.000Z","","","A Community Development Project","2.0","a308c000000BgzRAAS","a2z4x0000001VupAAE","","false"
"a2z8c000000BlgmAAC","0058c00000BxeO9AAJ","false","O-001316","2024-03-05T13:23:11.000Z","0058c00000BxeO9AAJ","2025-07-10T00:09:47.000Z","0058c00000BxeO9AAJ","2025-07-10T00:09:47.000Z","","","Agricultural Land Purchased for Development","3.0","a308c000000BgzRAAS","a2z4x0000001VuqAAE","","false"
"a2z8c000000BlgnAAC","0058c00000BxeO9AAJ","false","O-001317","2024-03-05T13:23:11.000Z","0058c00000BxeO9AAJ","2025-07-10T00:09:47.000Z","0058c00000BxeO9AAJ","2025-07-10T00:09:47.000Z","","","Yes","1.0","a308c000000BgzSAAS","a2z4x0000001VurAAE","","false"
"a2z8c000000BlgoAAC","0058c00000BxeO9AAJ","false","O-001318","2024-03-05T13:23:11.000Z","0058c00000BxeO9AAJ","2025-07-10T00:09:47.000Z","0058c00000BxeO9AAJ","2025-07-10T00:09:47.000Z","","","Yes","1.0","a308c000000BgzTAAS","a2z4x0000001VusAAE","","false"
"a2z8c000000BlgpAAC","0058c00000BxeO9AAJ","false","O-001319","2024-03-05T13:23:11.000Z","0058c00000BxeO9AAJ","2025-07-10T00:09:47.000Z","0058c00000BxeO9AAJ","2025-07-10T00:09:47.000Z","","","Yes","1.0","a308c000000BgzVAAS","a2z4x0000001VutAAE","","false"
"a2z8c000000BlgqAAC","0058c00000BxeO9AAJ","false","O-001320","2024-03-05T13:23:11.000Z","0058c00000BxeO9AAJ","2025-07-10T00:09:47.000Z","0058c00000BxeO9AAJ","2025-07-10T00:09:47.000Z","","","Yes","1.0","a308c000000BgzUAAS","a2z4x0000001VuuAAE","","false"
"a2z8c000000BlgrAAC","0058c00000BxeO9AAJ","false","O-001321","2024-03-05T13:23:11.000Z","0058c00000BxeO9AAJ","2025-07-10T00:09:47.000Z","0058c00000BxeO9AAJ","2025-07-10T00:09:47.000Z","","","Yes, this Loan is not HVCRE reportable.","1.0","a308c000000BgziAAC","a2z4x0000001VuvAAE","","false"
"a2z8c000000BlgsAAC","0058c00000BxeO9AAJ","false","O-001322","2024-03-05T13:23:11.000Z","0058c00000BxeO9AAJ","2025-07-10T00:09:47.000Z","0058c00000BxeO9AAJ","2025-07-10T00:09:47.000Z","","","Yes","1.0","a308c000000BgzLAAS","a2z4x0000001VuwAAE","","false"
"a2z8c000000BlgtAAC","0058c00000BxeO9AAJ","false","O-001323","2024-03-05T13:23:11.000Z","0058c00000BxeO9AAJ","2025-07-10T00:09:47.000Z","0058c00000BxeO9AAJ","2025-07-10T00:09:47.000Z","","","Yes","1.0","a308c000000BgzMAAS","a2z4x0000001VuxAAE","","false"
"a2z8c000000BlguAAC","0058c00000BxeO9AAJ","false","O-001324","2024-03-05T13:23:11.000Z","0058c00000BxeO9AAJ","2025-07-10T00:09:47.000Z","0058c00000BxeO9AAJ","2025-07-10T00:09:47.000Z","","","No","2.0","a308c000000BgzNAAS","a2z4x0000001VuyAAE","","false"
"a2z8c000000BlgvAAC","0058c00000BxeO9AAJ","false","O-001325","2024-03-05T13:23:11.000Z","0058c00000BxeO9AAJ","2025-07-10T00:09:47.000Z","0058c00000BxeO9AAJ","2025-07-10T00:09:47.000Z","","","No","2.0","a308c000000BgzOAAS","a2z4x0000001VuzAAE","","false"
"a2z8c000000BlgwAAC","0058c00000BxeO9AAJ","false","O-001326","2024-03-05T13:23:11.000Z","0058c00000BxeO9AAJ","2025-07-10T00:09:47.000Z","0058c00000BxeO9AAJ","2025-07-10T00:09:47.000Z","","","No","2.0","a308c000000BgzPAAS","a2z4x0000001Vv0AAE","","false"
"a2z8c000000BlgxAAC","0058c00000BxeO9AAJ","false","O-001327","2024-03-05T13:23:11.000Z","0058c00000BxeO9AAJ","2025-07-10T00:09:47.000Z","0058c00000BxeO9AAJ","2025-07-10T00:09:47.000Z","","","Yes","1.0","a308c000000BgzjAAC","a2z4x0000001Vv1AAE","","false"
"a2z8c000000BlgyAAC","0058c00000BxeO9AAJ","false","O-001328","2024-03-05T13:23:11.000Z","0058c00000BxeO9AAJ","2025-07-10T00:09:47.000Z","0058c00000BxeO9AAJ","2025-07-10T00:09:47.000Z","","","No","2.0","a308c000000BgzIAAS","a2z4x0000001Vv2AAE","","false"
"a2z8c000000BlgzAAC","0058c00000BxeO9AAJ","false","O-001329","2024-03-05T13:23:11.000Z","0058c00000BxeO9AAJ","2025-07-10T00:09:47.000Z","0058c00000BxeO9AAJ","2025-07-10T00:09:47.000Z","","","No","2.0","a308c000000Bh07AAC","a2z4x0000001Vv3AAE","","false"
"a2z8c000000Blh0AAC","0058c00000BxeO9AAJ","false","O-001330","2024-03-05T13:23:11.000Z","0058c00000BxeO9AAJ","2025-07-10T00:09:47.000Z","0058c00000BxeO9AAJ","2025-07-10T00:09:47.000Z","","","Less Than $3,000","1.0","a308c000000Bh0DAAS","42309146729399744","","false"
"a2z8c000000Blh1AAC","0058c00000BxeO9AAJ","false","O-001331","2024-03-05T13:23:11.000Z","0058c00000BxeO9AAJ","2025-07-10T00:09:47.000Z","0058c00000BxeO9AAJ","2025-07-10T00:09:47.000Z","","","$3,000 - $9,999","2.0","a308c000000Bh0DAAS","42340323395008287","","false"
"a2z8c000000Blh2AAC","0058c00000BxeO9AAJ","false","O-001332","2024-03-05T13:23:11.000Z","0058c00000BxeO9AAJ","2025-07-10T00:09:47.000Z","0058c00000BxeO9AAJ","2025-07-10T00:09:47.000Z","","","$10,000 - $50,000","3.0","a308c000000Bh0DAAS","42052794244628813","","false"
"a2z8c000000Blh3AAC","0058c00000BxeO9AAJ","false","O-001333","2024-03-05T13:23:11.000Z","0058c00000BxeO9AAJ","2025-07-10T00:09:47.000Z","0058c00000BxeO9AAJ","2025-07-10T00:09:47.000Z","","","Greater than $50,000","4.0","a308c000000Bh0DAAS","42344553523510874","","false"
"a2z8c000000Blh4AAC","0058c00000BxeO9AAJ","false","O-001334","2024-03-05T13:23:11.000Z","0058c00000BxeO9AAJ","2025-07-10T00:09:47.000Z","0058c00000BxeO9AAJ","2025-07-10T00:09:47.000Z","","","Money Service Business","1.0","a308c000000Bh0EAAS","42870213894098084","","false"
"a2z8c000000Blh5AAC","0058c00000BxeO9AAJ","false","O-001335","2024-03-05T13:23:11.000Z","0058c00000BxeO9AAJ","2025-07-10T00:09:47.000Z","0058c00000BxeO9AAJ","2025-07-10T00:09:47.000Z","","","Marijuana Related Business","2.0","a308c000000Bh0EAAS","42234868345572485","","false"
"a2z8c000000Blh6AAC","0058c00000BxeO9AAJ","false","O-001336","2024-03-05T13:23:11.000Z","0058c00000BxeO9AAJ","2025-07-10T00:09:47.000Z","0058c00000BxeO9AAJ","2025-07-10T00:09:47.000Z","","","IOLTA","3.0","a308c000000Bh0EAAS","42183832486786194","","false"
"a2z8c000000Blh7AAC","0058c00000BxeO9AAJ","false","O-001337","2024-03-05T13:23:11.000Z","0058c00000BxeO9AAJ","2025-07-10T00:09:47.000Z","0058c00000BxeO9AAJ","2025-07-10T00:09:47.000Z","","","NGO","4.0","a308c000000Bh0EAAS","42965951069650552","","false"
"a2z8c000000Blh8AAC","0058c00000BxeO9AAJ","false","O-001338","2024-03-05T13:23:11.000Z","0058c00000BxeO9AAJ","2025-07-10T00:09:47.000Z","0058c00000BxeO9AAJ","2025-07-10T00:09:47.000Z","","","Embassy","5.0","a308c000000Bh0EAAS","42841626717785599","","false"
"a2z8c000000Blh9AAC","0058c00000BxeO9AAJ","false","O-001339","2024-03-05T13:23:11.000Z","0058c00000BxeO9AAJ","2025-07-10T00:09:47.000Z","0058c00000BxeO9AAJ","2025-07-10T00:09:47.000Z","","","Third Party Payment Processor","6.0","a308c000000Bh0EAAS","42374878196147182","","false"
"a2z8c000000BlhAAAS","0058c00000BxeO9AAJ","false","O-001340","2024-03-05T13:23:11.000Z","0058c00000BxeO9AAJ","2025-07-10T00:09:47.000Z","0058c00000BxeO9AAJ","2025-07-10T00:09:47.000Z","","","Pay Day Lender","7.0","a308c000000Bh0EAAS","42626082213089576","","false"
"a2z8c000000BlhBAAS","0058c00000BxeO9AAJ","false","O-001341","2024-03-05T13:23:11.000Z","0058c00000BxeO9AAJ","2025-07-10T00:09:47.000Z","0058c00000BxeO9AAJ","2025-07-10T00:09:47.000Z","","","Cash Intensive Business","8.0","a308c000000Bh0EAAS","42978630503339765","","false"
"a2z8c000000BlhCAAS","0058c00000BxeO9AAJ","false","O-001342","2024-03-05T13:23:11.000Z","0058c00000BxeO9AAJ","2025-07-10T00:09:47.000Z","0058c00000BxeO9AAJ","2025-07-10T00:09:47.000Z","","","Internet Gambling","9.0","a308c000000Bh0EAAS","42892596675056043","","false"
"a2z8c000000BlhDAAS","0058c00000BxeO9AAJ","false","O-001343","2024-03-05T13:23:11.000Z","0058c00000BxeO9AAJ","2025-07-10T00:09:47.000Z","0058c00000BxeO9AAJ","2025-07-10T00:09:47.000Z","","","Prof Service Provider","10.0","a308c000000Bh0EAAS","42965255083306270","","false"
"a2z8c000000BlhEAAS","0058c00000BxeO9AAJ","false","O-001344","2024-03-05T13:23:11.000Z","0058c00000BxeO9AAJ","2025-07-10T00:09:47.000Z","0058c00000BxeO9AAJ","2025-07-10T00:09:47.000Z","","","FFI & NFFE","11.0","a308c000000Bh0EAAS","42598706957919574","","false"
"a2z8c000000BlhFAAS","0058c00000BxeO9AAJ","false","O-001345","2024-03-05T13:23:11.000Z","0058c00000BxeO9AAJ","2025-07-10T00:09:47.000Z","0058c00000BxeO9AAJ","2025-07-10T00:09:47.000Z","","","Yes","1.0","a308c000000Bh0FAAS","42193965057001172","","false"
"a2z8c000000BlhGAAS","0058c00000BxeO9AAJ","false","O-001346","2024-03-05T13:23:11.000Z","0058c00000BxeO9AAJ","2025-07-10T00:09:47.000Z","0058c00000BxeO9AAJ","2025-07-10T00:09:47.000Z","","","No","2.0","a308c000000Bh0FAAS","42787469841605161","","false"
"a2z8c000000FbLaAAK","0058c00000BxeO9AAJ","false","O-000219","2022-03-29T14:36:02.000Z","0058c00000BxeO9AAJ","2025-07-10T00:09:47.000Z","0058c00000BxeO9AAJ","2025-07-10T00:09:47.000Z","","","Yes","1.0","a308c000000GIOaAAO","a2z8c000000FbOXAA0","","false"
"a2z8c000000FbLbAAK","0058c00000BxeO9AAJ","false","O-000220","2022-03-29T14:36:02.000Z","0058c00000BxeO9AAJ","2025-07-10T00:09:47.000Z","0058c00000BxeO9AAJ","2025-07-10T00:09:47.000Z","","","Yes","1.0","a308c000000GIObAAO","a2z8c000000FbOYAA0","","false"
"a2z8c000000FbLcAAK","0058c00000BxeO9AAJ","false","O-000221","2022-03-29T14:36:02.000Z","0058c00000BxeO9AAJ","2025-07-10T00:09:47.000Z","0058c00000BxeO9AAJ","2025-07-10T00:09:47.000Z","","","No","2.0","a308c000000GIOaAAO","a2z8c000000FbOZAA0","","false"
"a2z8c000000FbLdAAK","0058c00000BxeO9AAJ","false","O-000222","2022-03-29T14:36:02.000Z","0058c00000BxeO9AAJ","2025-07-10T00:09:47.000Z","0058c00000BxeO9AAJ","2025-07-10T00:09:47.000Z","","","No","2.0","a308c000000GIOcAAO","a2z8c000000FbOaAAK","","false"
"a2z8c000000FbLeAAK","0058c00000BxeO9AAJ","false","O-000223","2022-03-29T14:36:02.000Z","0058c00000BxeO9AAJ","2025-07-10T00:09:47.000Z","0058c00000BxeO9AAJ","2025-07-10T00:09:47.000Z","","","No","2.0","a308c000000GIOdAAO","a2z8c000000FbObAAK","","false"
"a2z8c000000FbLfAAK","0058c00000BxeO9AAJ","false","O-000224","2022-03-29T14:36:02.000Z","0058c00000BxeO9AAJ","2025-07-10T00:09:47.000Z","0058c00000BxeO9AAJ","2025-07-10T00:09:47.000Z","","","No","2.0","a308c000000GIOeAAO","a2z8c000000FbOcAAK","","false"
"a2z8c000000FbLgAAK","0058c00000BxeO9AAJ","false","O-000225","2022-03-29T14:36:02.000Z","0058c00000BxeO9AAJ","2025-07-10T00:09:47.000Z","0058c00000BxeO9AAJ","2025-07-10T00:09:47.000Z","","","Yes","1.0","a308c000000GIOfAAO","a2z8c000000FbOdAAK","","false"
"a2z8c000000FbLhAAK","0058c00000BxeO9AAJ","false","O-000226","2022-03-29T14:36:02.000Z","0058c00000BxeO9AAJ","2025-07-10T00:09:47.000Z","0058c00000BxeO9AAJ","2025-07-10T00:09:47.000Z","","","Yes","1.0","a308c000000GIOgAAO","a2z8c000000FbOeAAK","","false"
"a2z8c000000FbLiAAK","0058c00000BxeO9AAJ","false","O-000227","2022-03-29T14:36:02.000Z","0058c00000BxeO9AAJ","2025-07-10T00:09:47.000Z","0058c00000BxeO9AAJ","2025-07-10T00:09:47.000Z","","","Yes","1.0","a308c000000GIOhAAO","a2z8c000000FbOfAAK","","false"
"a2z8c000000FbLjAAK","0058c00000BxeO9AAJ","false","O-000228","2022-03-29T14:36:02.000Z","0058c00000BxeO9AAJ","2025-07-10T00:09:47.000Z","0058c00000BxeO9AAJ","2025-07-10T00:09:47.000Z","","","Yes","1.0","a308c000000GIOiAAO","a2z8c000000FbOgAAK","","false"
"a2z8c000000FbLkAAK","0058c00000BxeO9AAJ","false","O-000229","2022-03-29T14:36:02.000Z","0058c00000BxeO9AAJ","2025-07-10T00:09:47.000Z","0058c00000BxeO9AAJ","2025-07-10T00:09:47.000Z","","","No","2.0","a308c000000GIOiAAO","a2z8c000000FbOhAAK","","false"
"a2z8c000000FbLlAAK","0058c00000BxeO9AAJ","false","O-000230","2022-03-29T14:36:02.000Z","0058c00000BxeO9AAJ","2025-07-10T00:09:47.000Z","0058c00000BxeO9AAJ","2025-07-10T00:09:47.000Z","","","No","2.0","a308c000000GIOgAAO","a2z8c000000FbOiAAK","","false"
"a2z8c000000FbLmAAK","0058c00000BxeO9AAJ","false","O-000231","2022-03-29T14:36:02.000Z","0058c00000BxeO9AAJ","2025-07-10T00:09:47.000Z","0058c00000BxeO9AAJ","2025-07-10T00:09:47.000Z","","","Yes","1.0","a308c000000GIOdAAO","a2z8c000000FbOjAAK","","false"
"a2z8c000000FbLnAAK","0058c00000BxeO9AAJ","false","O-000232","2022-03-29T14:36:02.000Z","0058c00000BxeO9AAJ","2025-07-10T00:09:47.000Z","0058c00000BxeO9AAJ","2025-07-10T00:09:47.000Z","","","Yes - By selecting this option, this record will be marked HMDA Reportable","1.0","a308c000000GIOjAAO","a2z8c000000FbOkAAK","","false"
"a2z8c000000FbLoAAK","0058c00000BxeO9AAJ","false","O-000233","2022-03-29T14:36:02.000Z","0058c00000BxeO9AAJ","2025-07-10T00:09:47.000Z","0058c00000BxeO9AAJ","2025-07-10T00:09:47.000Z","","","Yes - By selecting this option, this record will be marked as an Employee Loan","1.0","a308c000000GIOkAAO","a2z8c000000FbOlAAK","","false"
"a2z8c000000FbLpAAK","0058c00000BxeO9AAJ","false","O-000234","2022-03-29T14:36:02.000Z","0058c00000BxeO9AAJ","2025-07-10T00:09:47.000Z","0058c00000BxeO9AAJ","2025-07-10T00:09:47.000Z","","","No","2.0","a308c000000GIOlAAO","a2z8c000000FbOmAAK","","false"
"a2z8c000000FbLqAAK","0058c00000BxeO9AAJ","false","O-000235","2022-03-29T14:36:02.000Z","0058c00000BxeO9AAJ","2025-07-10T00:09:47.000Z","0058c00000BxeO9AAJ","2025-07-10T00:09:47.000Z","","","Yes","1.0","a308c000000GIPSAA4","a2z8c000000FbOnAAK","","false"
"a2z8c000000FbLrAAK","0058c00000BxeO9AAJ","false","O-000236","2022-03-29T14:36:02.000Z","0058c00000BxeO9AAJ","2025-07-10T00:09:47.000Z","0058c00000BxeO9AAJ","2025-07-10T00:09:47.000Z","","","Yes - By selecting this option, this record will be marked Reg W Reportable","1.0","a308c000000GIPTAA4","a2z8c000000FbOoAAK","","false"
"a2z8c000000FbLsAAK","0058c00000BxeO9AAJ","false","O-000237","2022-03-29T14:36:02.000Z","0058c00000BxeO9AAJ","2025-07-10T00:09:47.000Z","0058c00000BxeO9AAJ","2025-07-10T00:09:47.000Z","","","No","2.0","a308c000000GIOmAAO","a2z8c000000FbOpAAK","","false"
"a2z8c000000FbLtAAK","0058c00000BxeO9AAJ","false","O-000238","2022-03-29T14:36:02.000Z","0058c00000BxeO9AAJ","2025-07-10T00:09:47.000Z","0058c00000BxeO9AAJ","2025-07-10T00:09:47.000Z","","","No","2.0","a308c000000GIOnAAO","a2z8c000000FbOqAAK","","false"
"a2z8c000000FbLuAAK","0058c00000BxeO9AAJ","false","O-000239","2022-03-29T14:36:02.000Z","0058c00000BxeO9AAJ","2025-07-10T00:09:47.000Z","0058c00000BxeO9AAJ","2025-07-10T00:09:47.000Z","","","Yes","1.0","a308c000000GIOoAAO","a2z8c000000FbOrAAK","","false"
"a2z8c000000FbLvAAK","0058c00000BxeO9AAJ","false","O-000240","2022-03-29T14:36:02.000Z","0058c00000BxeO9AAJ","2025-07-10T00:09:47.000Z","0058c00000BxeO9AAJ","2025-07-10T00:09:47.000Z","","","Yes","1.0","a308c000000GIOpAAO","a2z8c000000FbOsAAK","","false"
"a2z8c000000FbLwAAK","0058c00000BxeO9AAJ","false","O-000241","2022-03-29T14:36:02.000Z","0058c00000BxeO9AAJ","2025-07-10T00:09:47.000Z","0058c00000BxeO9AAJ","2025-07-10T00:09:47.000Z","","","Yes","1.0","a308c000000GIOqAAO","a2z8c000000FbOtAAK","","false"
"a2z8c000000FbLxAAK","0058c00000BxeO9AAJ","false","O-000242","2022-03-29T14:36:02.000Z","0058c00000BxeO9AAJ","2025-07-10T00:09:47.000Z","0058c00000BxeO9AAJ","2025-07-10T00:09:47.000Z","","","Yes - By selecting this option, the record will be marked CRA Reportable.","1.0","a308c000000GIOrAAO","a2z8c000000FbOuAAK","","false"
"a2z8c000000FbLyAAK","0058c00000BxeO9AAJ","false","O-000243","2022-03-29T14:36:02.000Z","0058c00000BxeO9AAJ","2025-07-10T00:09:47.000Z","0058c00000BxeO9AAJ","2025-07-10T00:09:47.000Z","","","None of the above","4.0","a308c000000GIOsAAO","a2z8c000000FbOvAAK","","false"
"a2z8c000000FbLzAAK","0058c00000BxeO9AAJ","false","O-000244","2022-03-29T14:36:02.000Z","0058c00000BxeO9AAJ","2025-07-10T00:09:47.000Z","0058c00000BxeO9AAJ","2025-07-10T00:09:47.000Z","","","No","2.0","a308c000000GIOtAAO","a2z8c000000FbOwAAK","","false"
"a2z8c000000FbM0AAK","0058c00000BxeO9AAJ","false","O-000245","2022-03-29T14:36:02.000Z","0058c00000BxeO9AAJ","2025-07-10T00:09:47.000Z","0058c00000BxeO9AAJ","2025-07-10T00:09:47.000Z","","","No","2.0","a308c000000GIOuAAO","a2z8c000000FbOxAAK","","false"
"a2z8c000000FbM1AAK","0058c00000BxeO9AAJ","false","O-000246","2022-03-29T14:36:02.000Z","0058c00000BxeO9AAJ","2025-07-10T00:09:47.000Z","0058c00000BxeO9AAJ","2025-07-10T00:09:47.000Z","","","No","2.0","a308c000000GIOVAA4","a2z8c000000FbOyAAK","","false"
"a2z8c000000FbM2AAK","0058c00000BxeO9AAJ","false","O-000247","2022-03-29T14:36:02.000Z","0058c00000BxeO9AAJ","2025-07-10T00:09:47.000Z","0058c00000BxeO9AAJ","2025-07-10T00:09:47.000Z","","","No","2.0","a308c000000GIOvAAO","a2z8c000000FbOzAAK","","false"
"a2z8c000000FbM3AAK","0058c00000BxeO9AAJ","false","O-000248","2022-03-29T14:36:02.000Z","0058c00000BxeO9AAJ","2025-07-10T00:09:47.000Z","0058c00000BxeO9AAJ","2025-07-10T00:09:47.000Z","","","Yes, the loan is HVCRE reportable.","1.0","a308c000000GIOwAAO","a2z8c000000FbP0AAK","","false"
"a2z8c000000FbM4AAK","0058c00000BxeO9AAJ","false","O-000249","2022-03-29T14:36:02.000Z","0058c00000BxeO9AAJ","2025-07-10T00:09:47.000Z","0058c00000BxeO9AAJ","2025-07-10T00:09:47.000Z","","","Yes - By selecting this option, the loan will be marked Reg O Reportable.","1.0","a308c000000GIOlAAO","a2z8c000000FbP1AAK","","false"
"a2z8c000000FbM5AAK","0058c00000BxeO9AAJ","false","O-000250","2022-03-29T14:36:02.000Z","0058c00000BxeO9AAJ","2025-07-10T00:09:47.000Z","0058c00000BxeO9AAJ","2025-07-10T00:09:47.000Z","","","No","2.0","a308c000000GIP6AAO","a2z8c000000FbP2AAK","","false"
"a2z8c000000FbM6AAK","0058c00000BxeO9AAJ","false","O-000251","2022-03-29T14:36:02.000Z","0058c00000BxeO9AAJ","2025-07-10T00:09:47.000Z","0058c00000BxeO9AAJ","2025-07-10T00:09:47.000Z","","","Yes, this loan IS NOT HMDA Reportable","1.0","a308c000000GIP7AAO","a2z8c000000FbP3AAK","","false"
"a2z8c000000FbM7AAK","0058c00000BxeO9AAJ","false","O-000252","2022-03-29T14:36:02.000Z","0058c00000BxeO9AAJ","2025-07-10T00:09:47.000Z","0058c00000BxeO9AAJ","2025-07-10T00:09:47.000Z","","","No","2.0","a308c000000GIOkAAO","a2z8c000000FbP4AAK","","false"
"a2z8c000000FbM8AAK","0058c00000BxeO9AAJ","false","O-000253","2022-03-29T14:36:02.000Z","0058c00000BxeO9AAJ","2025-07-10T00:09:47.000Z","0058c00000BxeO9AAJ","2025-07-10T00:09:47.000Z","","","Yes","1.0","a308c000000GIP6AAO","a2z8c000000FbP5AAK","","false"
"a2z8c000000FbM9AAK","0058c00000BxeO9AAJ","false","O-000254","2022-03-29T14:36:02.000Z","0058c00000BxeO9AAJ","2025-07-10T00:09:47.000Z","0058c00000BxeO9AAJ","2025-07-10T00:09:47.000Z","","","Yes","1.0","a308c000000GIOcAAO","a2z8c000000FbP6AAK","","false"
"a2z8c000000FbMAAA0","0058c00000BxeO9AAJ","false","O-000255","2022-03-29T14:36:02.000Z","0058c00000BxeO9AAJ","2025-07-10T00:09:47.000Z","0058c00000BxeO9AAJ","2025-07-10T00:09:47.000Z","","","Yes","1.0","a308c000000GIOeAAO","a2z8c000000FbP7AAK","","false"
"a2z8c000000FbMBAA0","0058c00000BxeO9AAJ","false","O-000256","2022-03-29T14:36:02.000Z","0058c00000BxeO9AAJ","2025-07-10T00:09:47.000Z","0058c00000BxeO9AAJ","2025-07-10T00:09:47.000Z","","","No","2.0","a308c000000GIObAAO","a2z8c000000FbP8AAK","","false"
"a2z8c000000FbMCAA0","0058c00000BxeO9AAJ","false","O-000257","2022-03-29T14:36:02.000Z","0058c00000BxeO9AAJ","2025-07-10T00:09:47.000Z","0058c00000BxeO9AAJ","2025-07-10T00:09:47.000Z","","","No","2.0","a308c000000GIOhAAO","a2z8c000000FbP9AAK","","false"
"a2z8c000000FbMDAA0","0058c00000BxeO9AAJ","false","O-000258","2022-03-29T14:36:02.000Z","0058c00000BxeO9AAJ","2025-07-10T00:09:47.000Z","0058c00000BxeO9AAJ","2025-07-10T00:09:47.000Z","","","No","2.0","a308c000000GIPSAA4","a2z8c000000FbPAAA0","","false"
"a2z8c000000FbMEAA0","0058c00000BxeO9AAJ","false","O-000259","2022-03-29T14:36:02.000Z","0058c00000BxeO9AAJ","2025-07-10T00:09:47.000Z","0058c00000BxeO9AAJ","2025-07-10T00:09:47.000Z","","","Yes","1.0","a308c000000GIPUAA4","a2z8c000000FbPBAA0","","false"
"a2z8c000000FbMFAA0","0058c00000BxeO9AAJ","false","O-000260","2022-03-29T14:36:02.000Z","0058c00000BxeO9AAJ","2025-07-10T00:09:47.000Z","0058c00000BxeO9AAJ","2025-07-10T00:09:47.000Z","","","No","2.0","a308c000000GIPUAA4","a2z8c000000FbPCAA0","","false"
"a2z8c000000FbMGAA0","0058c00000BxeO9AAJ","false","O-000261","2022-03-29T14:36:02.000Z","0058c00000BxeO9AAJ","2025-07-10T00:09:47.000Z","0058c00000BxeO9AAJ","2025-07-10T00:09:47.000Z","","","Yes","1.0","a308c000000GIPVAA4","a2z8c000000FbPDAA0","","false"
"a2z8c000000FbMHAA0","0058c00000BxeO9AAJ","false","O-000262","2022-03-29T14:36:02.000Z","0058c00000BxeO9AAJ","2025-07-10T00:09:47.000Z","0058c00000BxeO9AAJ","2025-07-10T00:09:47.000Z","","","No","2.0","a308c000000GIPVAA4","a2z8c000000FbPEAA0","","false"
"a2z8c000000FbMIAA0","0058c00000BxeO9AAJ","false","O-000263","2022-03-29T14:36:02.000Z","0058c00000BxeO9AAJ","2025-07-10T00:09:47.000Z","0058c00000BxeO9AAJ","2025-07-10T00:09:47.000Z","","","Yes","1.0","a308c000000GIPWAA4","a2z8c000000FbPFAA0","","false"
"a2z8c000000FbMJAA0","0058c00000BxeO9AAJ","false","O-000264","2022-03-29T14:36:02.000Z","0058c00000BxeO9AAJ","2025-07-10T00:09:47.000Z","0058c00000BxeO9AAJ","2025-07-10T00:09:47.000Z","","","No","2.0","a308c000000GIPWAA4","a2z8c000000FbPGAA0","","false"
"a2z8c000000FbMKAA0","0058c00000BxeO9AAJ","false","O-000265","2022-03-29T14:36:02.000Z","0058c00000BxeO9AAJ","2025-07-10T00:09:47.000Z","0058c00000BxeO9AAJ","2025-07-10T00:09:47.000Z","","","Yes","1.0","a308c000000GIPXAA4","a2z8c000000FbPHAA0","","false"
"a2z8c000000FbMLAA0","0058c00000BxeO9AAJ","false","O-000266","2022-03-29T14:36:02.000Z","0058c00000BxeO9AAJ","2025-07-10T00:09:47.000Z","0058c00000BxeO9AAJ","2025-07-10T00:09:47.000Z","","","No","2.0","a308c000000GIPXAA4","a2z8c000000FbPIAA0","","false"
"a2z8c000000FbMMAA0","0058c00000BxeO9AAJ","false","O-000267","2022-03-29T14:36:02.000Z","0058c00000BxeO9AAJ","2025-07-10T00:09:47.000Z","0058c00000BxeO9AAJ","2025-07-10T00:09:47.000Z","","","A 1-4 Family Residence","1.0","a308c000000GIOsAAO","a2z8c000000FbPJAA0","","false"
"a2z8c000000FbMNAA0","0058c00000BxeO9AAJ","false","O-000268","2022-03-29T14:36:02.000Z","0058c00000BxeO9AAJ","2025-07-10T00:09:47.000Z","0058c00000BxeO9AAJ","2025-07-10T00:09:47.000Z","","","A Community Development Project","2.0","a308c000000GIOsAAO","a2z8c000000FbPKAA0","","false"
"a2z8c000000FbMOAA0","0058c00000BxeO9AAJ","false","O-000269","2022-03-29T14:36:02.000Z","0058c00000BxeO9AAJ","2025-07-10T00:09:47.000Z","0058c00000BxeO9AAJ","2025-07-10T00:09:47.000Z","","","Agricultural Land Purchased for Development","3.0","a308c000000GIOsAAO","a2z8c000000FbPLAA0","","false"
"a2z8c000000FbMPAA0","0058c00000BxeO9AAJ","false","O-000270","2022-03-29T14:36:02.000Z","0058c00000BxeO9AAJ","2025-07-10T00:09:47.000Z","0058c00000BxeO9AAJ","2025-07-10T00:09:47.000Z","","","Yes","1.0","a308c000000GIOtAAO","a2z8c000000FbPMAA0","","false"
"a2z8c000000FbMQAA0","0058c00000BxeO9AAJ","false","O-000271","2022-03-29T14:36:02.000Z","0058c00000BxeO9AAJ","2025-07-10T00:09:47.000Z","0058c00000BxeO9AAJ","2025-07-10T00:09:47.000Z","","","Yes","1.0","a308c000000GIOuAAO","a2z8c000000FbPNAA0","","false"
"a2z8c000000FbMRAA0","0058c00000BxeO9AAJ","false","O-000272","2022-03-29T14:36:02.000Z","0058c00000BxeO9AAJ","2025-07-10T00:09:47.000Z","0058c00000BxeO9AAJ","2025-07-10T00:09:47.000Z","","","Yes","1.0","a308c000000GIOvAAO","a2z8c000000FbPOAA0","","false"
"a2z8c000000FbMSAA0","0058c00000BxeO9AAJ","false","O-000273","2022-03-29T14:36:02.000Z","0058c00000BxeO9AAJ","2025-07-10T00:09:47.000Z","0058c00000BxeO9AAJ","2025-07-10T00:09:47.000Z","","","Yes","1.0","a308c000000GIOVAA4","a2z8c000000FbPPAA0","","false"
"a2z8c000000FbMTAA0","0058c00000BxeO9AAJ","false","O-000274","2022-03-29T14:36:02.000Z","0058c00000BxeO9AAJ","2025-07-10T00:09:47.000Z","0058c00000BxeO9AAJ","2025-07-10T00:09:47.000Z","","","Yes, this Loan is not HVCRE reportable.","1.0","a308c000000GIP8AAO","a2z8c000000FbPQAA0","","false"
"a2z8c000000FbMUAA0","0058c00000BxeO9AAJ","false","O-000275","2022-03-29T14:36:02.000Z","0058c00000BxeO9AAJ","2025-07-10T00:09:47.000Z","0058c00000BxeO9AAJ","2025-07-10T00:09:47.000Z","","","Yes","1.0","a308c000000GIOmAAO","a2z8c000000FbPRAA0","","false"
"a2z8c000000FbMVAA0","0058c00000BxeO9AAJ","false","O-000276","2022-03-29T14:36:02.000Z","0058c00000BxeO9AAJ","2025-07-10T00:09:47.000Z","0058c00000BxeO9AAJ","2025-07-10T00:09:47.000Z","","","Yes","1.0","a308c000000GIOnAAO","a2z8c000000FbPSAA0","","false"
"a2z8c000000FbMWAA0","0058c00000BxeO9AAJ","false","O-000277","2022-03-29T14:36:02.000Z","0058c00000BxeO9AAJ","2025-07-10T00:09:47.000Z","0058c00000BxeO9AAJ","2025-07-10T00:09:47.000Z","","","No","2.0","a308c000000GIOoAAO","a2z8c000000FbPTAA0","","false"
"a2z8c000000FbMXAA0","0058c00000BxeO9AAJ","false","O-000278","2022-03-29T14:36:02.000Z","0058c00000BxeO9AAJ","2025-07-10T00:09:47.000Z","0058c00000BxeO9AAJ","2025-07-10T00:09:47.000Z","","","No","2.0","a308c000000GIOpAAO","a2z8c000000FbPUAA0","","false"
"a2z8c000000FbMYAA0","0058c00000BxeO9AAJ","false","O-000279","2022-03-29T14:36:02.000Z","0058c00000BxeO9AAJ","2025-07-10T00:09:47.000Z","0058c00000BxeO9AAJ","2025-07-10T00:09:47.000Z","","","No","2.0","a308c000000GIOqAAO","a2z8c000000FbPVAA0","","false"
"a2z8c000000FbMZAA0","0058c00000BxeO9AAJ","false","O-000280","2022-03-29T14:36:02.000Z","0058c00000BxeO9AAJ","2025-07-10T00:09:47.000Z","0058c00000BxeO9AAJ","2025-07-10T00:09:47.000Z","","","Yes","1.0","a308c000000GIP9AAO","a2z8c000000FbPWAA0","","false"
"a2z8c000000FbMaAAK","0058c00000BxeO9AAJ","false","O-000281","2022-03-29T14:36:02.000Z","0058c00000BxeO9AAJ","2025-07-10T00:09:47.000Z","0058c00000BxeO9AAJ","2025-07-10T00:09:47.000Z","","","No","2.0","a308c000000GIOjAAO","a2z8c000000FbPXAA0","","false"
"a2z8c000000FbMbAAK","0058c00000BxeO9AAJ","false","O-000282","2022-03-29T14:36:02.000Z","0058c00000BxeO9AAJ","2025-07-10T00:09:47.000Z","0058c00000BxeO9AAJ","2025-07-10T00:09:47.000Z","","","No","2.0","a308c000000GIPTAA4","a2z8c000000FbPYAA0","","false"
"a2z8c000000FbMcAAK","0058c00000BxeO9AAJ","false","O-000283","2022-03-29T14:36:02.000Z","0058c00000BxeO9AAJ","2025-07-10T00:09:47.000Z","0058c00000BxeO9AAJ","2025-07-10T00:09:47.000Z","","","0-3 a year","1.0","a308c000000BgzkAAC","366203873389331454","","false"
"a2z8c000000FbMdAAK","0058c00000BxeO9AAJ","false","O-000284","2022-03-29T14:36:02.000Z","0058c00000BxeO9AAJ","2025-07-10T00:09:47.000Z","0058c00000BxeO9AAJ","2025-07-10T00:09:47.000Z","","","4-7 a year","2.0","a308c000000BgzkAAC","621556760902086719","","false"
"a2z8c000000FbMeAAK","0058c00000BxeO9AAJ","false","O-000285","2022-03-29T14:36:02.000Z","0058c00000BxeO9AAJ","2025-07-10T00:09:47.000Z","0058c00000BxeO9AAJ","2025-07-10T00:09:47.000Z","","","more than 7 a year","3.0","a308c000000BgzkAAC","050569214661068497","","false"
"a2z8c000000FbMfAAK","0058c00000BxeO9AAJ","false","O-000286","2022-03-29T14:36:02.000Z","0058c00000BxeO9AAJ","2025-07-10T00:09:47.000Z","0058c00000BxeO9AAJ","2025-07-10T00:09:47.000Z","","","Yes","1.0","a308c000000BgzlAAC","961370989806508364","","false"
"a2z8c000000FbMgAAK","0058c00000BxeO9AAJ","false","O-000287","2022-03-29T14:36:02.000Z","0058c00000BxeO9AAJ","2025-07-10T00:09:47.000Z","0058c00000BxeO9AAJ","2025-07-10T00:09:47.000Z","","","No","2.0","a308c000000BgzlAAC","074917594827493192","","false"
"a2z8c000000FbMhAAK","0058c00000BxeO9AAJ","false","O-000288","2022-03-29T14:36:02.000Z","0058c00000BxeO9AAJ","2025-07-10T00:09:47.000Z","0058c00000BxeO9AAJ","2025-07-10T00:09:47.000Z","","","ATM","1.0","a308c000000BgzmAAC","072559575054128919","","false"
"a2z8c000000FbMiAAK","0058c00000BxeO9AAJ","false","O-000289","2022-03-29T14:36:02.000Z","0058c00000BxeO9AAJ","2025-07-10T00:09:47.000Z","0058c00000BxeO9AAJ","2025-07-10T00:09:47.000Z","","","Online banking","6.0","a308c000000BgzmAAC","781465782898796488","","false"
"a2z8c000000FbMjAAK","0058c00000BxeO9AAJ","false","O-000290","2022-03-29T14:36:02.000Z","0058c00000BxeO9AAJ","2025-07-10T00:09:47.000Z","0058c00000BxeO9AAJ","2025-07-10T00:09:47.000Z","","","Provider's web sites","7.0","a308c000000BgzoAAC","336995073534355081","","false"
"a2z8c000000FbMkAAK","0058c00000BxeO9AAJ","false","O-000291","2022-03-29T14:36:02.000Z","0058c00000BxeO9AAJ","2025-07-10T00:09:47.000Z","0058c00000BxeO9AAJ","2025-07-10T00:09:47.000Z","","","Text or SMS","2.0","a308c000000BgzmAAC","704751626503713071","","false"
"a2z8c000000FbMlAAK","0058c00000BxeO9AAJ","false","O-000292","2022-03-29T14:36:02.000Z","0058c00000BxeO9AAJ","2025-07-10T00:09:47.000Z","0058c00000BxeO9AAJ","2025-07-10T00:09:47.000Z","","","Balance alerts","3.0","a308c000000BgzmAAC","394644132859600753","","false"
"a2z8c000000FbMmAAK","0058c00000BxeO9AAJ","false","O-000293","2022-03-29T14:36:02.000Z","0058c00000BxeO9AAJ","2025-07-10T00:09:47.000Z","0058c00000BxeO9AAJ","2025-07-10T00:09:47.000Z","","","Mobile banking","4.0","a308c000000BgzmAAC","827475087527199974","","false"
"a2z8c000000FbMnAAK","0058c00000BxeO9AAJ","false","O-000294","2022-03-29T14:36:02.000Z","0058c00000BxeO9AAJ","2025-07-10T00:09:47.000Z","0058c00000BxeO9AAJ","2025-07-10T00:09:47.000Z","","","Bank 800 number","5.0","a308c000000BgzmAAC","975948538036641796","","false"
"a2z8c000000FbMoAAK","0058c00000BxeO9AAJ","false","O-000295","2022-03-29T14:36:02.000Z","0058c00000BxeO9AAJ","2025-07-10T00:09:47.000Z","0058c00000BxeO9AAJ","2025-07-10T00:09:47.000Z","","","3rd party finance site","7.0","a308c000000BgzmAAC","807177909759060609","","false"
"a2z8c000000FbMpAAK","0058c00000BxeO9AAJ","false","O-000296","2022-03-29T14:36:02.000Z","0058c00000BxeO9AAJ","2025-07-10T00:09:47.000Z","0058c00000BxeO9AAJ","2025-07-10T00:09:47.000Z","","","Paper statements","8.0","a308c000000BgzmAAC","302010551193459089","","false"
"a2z8c000000FbMqAAK","0058c00000BxeO9AAJ","false","O-000297","2022-03-29T14:36:02.000Z","0058c00000BxeO9AAJ","2025-07-10T00:09:47.000Z","0058c00000BxeO9AAJ","2025-07-10T00:09:47.000Z","","","Other","9.0","a308c000000BgzmAAC","467425857282544573","","false"
"a2z8c000000FbMrAAK","0058c00000BxeO9AAJ","false","O-000298","2022-03-29T14:36:02.000Z","0058c00000BxeO9AAJ","2025-07-10T00:09:47.000Z","0058c00000BxeO9AAJ","2025-07-10T00:09:47.000Z","","","Cash","1.0","a308c000000BgznAAC","800220780409658520","","false"
"a2z8c000000FbMsAAK","0058c00000BxeO9AAJ","false","O-000299","2022-03-29T14:36:02.000Z","0058c00000BxeO9AAJ","2025-07-10T00:09:47.000Z","0058c00000BxeO9AAJ","2025-07-10T00:09:47.000Z","","","Check","2.0","a308c000000BgznAAC","730947945060674094","","false"
"a2z8c000000FbMtAAK","0058c00000BxeO9AAJ","false","O-000300","2022-03-29T14:36:02.000Z","0058c00000BxeO9AAJ","2025-07-10T00:09:47.000Z","0058c00000BxeO9AAJ","2025-07-10T00:09:47.000Z","","","Credit Card","3.0","a308c000000BgznAAC","630111282532492432","","false"
"a2z8c000000FbMuAAK","0058c00000BxeO9AAJ","false","O-000301","2022-03-29T14:36:02.000Z","0058c00000BxeO9AAJ","2025-07-10T00:09:47.000Z","0058c00000BxeO9AAJ","2025-07-10T00:09:47.000Z","","","Debit Card","4.0","a308c000000BgznAAC","985963149292276196","","false"
"a2z8c000000FbMvAAK","0058c00000BxeO9AAJ","false","O-000302","2022-03-29T14:36:02.000Z","0058c00000BxeO9AAJ","2025-07-10T00:09:47.000Z","0058c00000BxeO9AAJ","2025-07-10T00:09:47.000Z","","","Mobile Payments","5.0","a308c000000BgznAAC","125126953088012838","","false"
"a2z8c000000FbMwAAK","0058c00000BxeO9AAJ","false","O-000303","2022-03-29T14:36:02.000Z","0058c00000BxeO9AAJ","2025-07-10T00:09:47.000Z","0058c00000BxeO9AAJ","2025-07-10T00:09:47.000Z","","","PayPal","6.0","a308c000000BgznAAC","180309237267020162","","false"
"a2z8c000000FbMxAAK","0058c00000BxeO9AAJ","false","O-000304","2022-03-29T14:36:02.000Z","0058c00000BxeO9AAJ","2025-07-10T00:09:47.000Z","0058c00000BxeO9AAJ","2025-07-10T00:09:47.000Z","","","Store credit card","7.0","a308c000000BgznAAC","526801183900370401","","false"
"a2z8c000000FbMyAAK","0058c00000BxeO9AAJ","false","O-000305","2022-03-29T14:36:02.000Z","0058c00000BxeO9AAJ","2025-07-10T00:09:47.000Z","0058c00000BxeO9AAJ","2025-07-10T00:09:47.000Z","","","Other","8.0","a308c000000BgznAAC","138033035995561872","","false"
"a2z8c000000FbMzAAK","0058c00000BxeO9AAJ","false","O-000306","2022-03-29T14:36:02.000Z","0058c00000BxeO9AAJ","2025-07-10T00:09:47.000Z","0058c00000BxeO9AAJ","2025-07-10T00:09:47.000Z","","","Automatic payments","1.0","a308c000000BgzoAAC","938285531176439124","","false"
"a2z8c000000FbN0AAK","0058c00000BxeO9AAJ","false","O-000307","2022-03-29T14:36:02.000Z","0058c00000BxeO9AAJ","2025-07-10T00:09:47.000Z","0058c00000BxeO9AAJ","2025-07-10T00:09:47.000Z","","","Cash","2.0","a308c000000BgzoAAC","786099429597010052","","false"
"a2z8c000000FbN1AAK","0058c00000BxeO9AAJ","false","O-000308","2022-03-29T14:36:02.000Z","0058c00000BxeO9AAJ","2025-07-10T00:09:47.000Z","0058c00000BxeO9AAJ","2025-07-10T00:09:47.000Z","","","Checks","3.0","a308c000000BgzoAAC","407731918220304136","","false"
"a2z8c000000FbN2AAK","0058c00000BxeO9AAJ","false","O-000309","2022-03-29T14:36:02.000Z","0058c00000BxeO9AAJ","2025-07-10T00:09:47.000Z","0058c00000BxeO9AAJ","2025-07-10T00:09:47.000Z","","","Credit card","4.0","a308c000000BgzoAAC","551567321107884636","","false"
"a2z8c000000FbN3AAK","0058c00000BxeO9AAJ","false","O-000310","2022-03-29T14:36:02.000Z","0058c00000BxeO9AAJ","2025-07-10T00:09:47.000Z","0058c00000BxeO9AAJ","2025-07-10T00:09:47.000Z","","","No","2.0","a308c000000BgzuAAC","616489636026228465","","false"
"a2z8c000000FbN4AAK","0058c00000BxeO9AAJ","false","O-000311","2022-03-29T14:36:02.000Z","0058c00000BxeO9AAJ","2025-07-10T00:09:47.000Z","0058c00000BxeO9AAJ","2025-07-10T00:09:47.000Z","","","Debit card","5.0","a308c000000BgzoAAC","093943846332776360","","false"
"a2z8c000000FbN5AAK","0058c00000BxeO9AAJ","false","O-000312","2022-03-29T14:36:02.000Z","0058c00000BxeO9AAJ","2025-07-10T00:09:47.000Z","0058c00000BxeO9AAJ","2025-07-10T00:09:47.000Z","","","Online Bill Pay","6.0","a308c000000BgzoAAC","650843030964174921","","false"
"a2z8c000000FbN6AAK","0058c00000BxeO9AAJ","false","O-000313","2022-03-29T14:36:02.000Z","0058c00000BxeO9AAJ","2025-07-10T00:09:47.000Z","0058c00000BxeO9AAJ","2025-07-10T00:09:47.000Z","","","Other","8.0","a308c000000BgzoAAC","810774187090758890","","false"
"a2z8c000000FbN7AAK","0058c00000BxeO9AAJ","false","O-000314","2022-03-29T14:36:02.000Z","0058c00000BxeO9AAJ","2025-07-10T00:09:47.000Z","0058c00000BxeO9AAJ","2025-07-10T00:09:47.000Z","","","Rent","6.0","a308c000000BgztAAC","283080958802481551","","false"
"a2z8c000000FbN8AAK","0058c00000BxeO9AAJ","false","O-000315","2022-03-29T14:36:02.000Z","0058c00000BxeO9AAJ","2025-07-10T00:09:47.000Z","0058c00000BxeO9AAJ","2025-07-10T00:09:47.000Z","","","0-3 a year","1.0","a308c000000BgzpAAC","792613389282971882","","false"
"a2z8c000000FbN9AAK","0058c00000BxeO9AAJ","false","O-000316","2022-03-29T14:36:02.000Z","0058c00000BxeO9AAJ","2025-07-10T00:09:47.000Z","0058c00000BxeO9AAJ","2025-07-10T00:09:47.000Z","","","No","2.0","a308c000000BgzvAAC","032358146071396766","","false"
"a2z8c000000FbNAAA0","0058c00000BxeO9AAJ","false","O-000317","2022-03-29T14:36:02.000Z","0058c00000BxeO9AAJ","2025-07-10T00:09:47.000Z","0058c00000BxeO9AAJ","2025-07-10T00:09:47.000Z","","","4-7 ayear","2.0","a308c000000BgzpAAC","746072828512652237","","false"
"a2z8c000000FbNBAA0","0058c00000BxeO9AAJ","false","O-000318","2022-03-29T14:36:02.000Z","0058c00000BxeO9AAJ","2025-07-10T00:09:47.000Z","0058c00000BxeO9AAJ","2025-07-10T00:09:47.000Z","","","more than 7 a year","3.0","a308c000000BgzpAAC","267641983629359079","","false"
"a2z8c000000FbNCAA0","0058c00000BxeO9AAJ","false","O-000319","2022-03-29T14:36:02.000Z","0058c00000BxeO9AAJ","2025-07-10T00:09:47.000Z","0058c00000BxeO9AAJ","2025-07-10T00:09:47.000Z","","","Yes","1.0","a308c000000BgzqAAC","539746559580927279","","false"
"a2z8c000000FbNDAA0","0058c00000BxeO9AAJ","false","O-000320","2022-03-29T14:36:02.000Z","0058c00000BxeO9AAJ","2025-07-10T00:09:47.000Z","0058c00000BxeO9AAJ","2025-07-10T00:09:47.000Z","","","No","2.0","a308c000000BgzqAAC","270545934887381524","","false"
"a2z8c000000FbNEAA0","0058c00000BxeO9AAJ","false","O-000321","2022-03-29T14:36:02.000Z","0058c00000BxeO9AAJ","2025-07-10T00:09:47.000Z","0058c00000BxeO9AAJ","2025-07-10T00:09:47.000Z","","","Less than $3,000","1.0","a308c000000BgzrAAC","862431189100156429","","false"
"a2z8c000000FbNFAA0","0058c00000BxeO9AAJ","false","O-000322","2022-03-29T14:36:02.000Z","0058c00000BxeO9AAJ","2025-07-10T00:09:47.000Z","0058c00000BxeO9AAJ","2025-07-10T00:09:47.000Z","","","$3,000 - $9,999","2.0","a308c000000BgzrAAC","954974032724459769","","false"
"a2z8c000000FbNGAA0","0058c00000BxeO9AAJ","false","O-000323","2022-03-29T14:36:02.000Z","0058c00000BxeO9AAJ","2025-07-10T00:09:47.000Z","0058c00000BxeO9AAJ","2025-07-10T00:09:47.000Z","","","$10,000 - $50,000","3.0","a308c000000BgzrAAC","540689886682522966","","false"
"a2z8c000000FbNHAA0","0058c00000BxeO9AAJ","false","O-000324","2022-03-29T14:36:02.000Z","0058c00000BxeO9AAJ","2025-07-10T00:09:47.000Z","0058c00000BxeO9AAJ","2025-07-10T00:09:47.000Z","","","Greater than $50,000","4.0","a308c000000BgzrAAC","720678118639398061","","false"
"a2z8c000000FbNIAA0","0058c00000BxeO9AAJ","false","O-000325","2022-03-29T14:36:02.000Z","0058c00000BxeO9AAJ","2025-07-10T00:09:47.000Z","0058c00000BxeO9AAJ","2025-07-10T00:09:47.000Z","","","Utilities","4.0","a308c000000BgztAAC","010602627414128603","","false"
"a2z8c000000FbNJAA0","0058c00000BxeO9AAJ","false","O-000326","2022-03-29T14:36:02.000Z","0058c00000BxeO9AAJ","2025-07-10T00:09:47.000Z","0058c00000BxeO9AAJ","2025-07-10T00:09:47.000Z","","","ATM","1.0","a308c000000BgzsAAC","881426736985862817","","false"
"a2z8c000000FbNKAA0","0058c00000BxeO9AAJ","false","O-000327","2022-03-29T14:36:02.000Z","0058c00000BxeO9AAJ","2025-07-10T00:09:47.000Z","0058c00000BxeO9AAJ","2025-07-10T00:09:47.000Z","","","Direct deposit","2.0","a308c000000BgzsAAC","257546983577986349","","false"
"a2z8c000000FbNLAA0","0058c00000BxeO9AAJ","false","O-000328","2022-03-29T14:36:02.000Z","0058c00000BxeO9AAJ","2025-07-10T00:09:47.000Z","0058c00000BxeO9AAJ","2025-07-10T00:09:47.000Z","","","Mobile deposit","3.0","a308c000000BgzsAAC","444737441358535604","","false"
"a2z8c000000FbNMAA0","0058c00000BxeO9AAJ","false","O-000329","2022-03-29T14:36:02.000Z","0058c00000BxeO9AAJ","2025-07-10T00:09:47.000Z","0058c00000BxeO9AAJ","2025-07-10T00:09:47.000Z","","","Teller","4.0","a308c000000BgzsAAC","539802785122442882","","false"
"a2z8c000000FbNNAA0","0058c00000BxeO9AAJ","false","O-000330","2022-03-29T14:36:02.000Z","0058c00000BxeO9AAJ","2025-07-10T00:09:47.000Z","0058c00000BxeO9AAJ","2025-07-10T00:09:47.000Z","","","Wire transfer","5.0","a308c000000BgzsAAC","717138444548602790","","false"
"a2z8c000000FbNOAA0","0058c00000BxeO9AAJ","false","O-000331","2022-03-29T14:36:02.000Z","0058c00000BxeO9AAJ","2025-07-10T00:09:47.000Z","0058c00000BxeO9AAJ","2025-07-10T00:09:47.000Z","","","Other","6.0","a308c000000BgzsAAC","457657593852448456","","false"
"a2z8c000000FbNPAA0","0058c00000BxeO9AAJ","false","O-000332","2022-03-29T14:36:02.000Z","0058c00000BxeO9AAJ","2025-07-10T00:09:47.000Z","0058c00000BxeO9AAJ","2025-07-10T00:09:47.000Z","","","Auto","1.0","a308c000000BgztAAC","243763228692487796","","false"
"a2z8c000000FbNQAA0","0058c00000BxeO9AAJ","false","O-000333","2022-03-29T14:36:02.000Z","0058c00000BxeO9AAJ","2025-07-10T00:09:47.000Z","0058c00000BxeO9AAJ","2025-07-10T00:09:47.000Z","","","Credit card","2.0","a308c000000BgztAAC","045853338215918027","","false"
"a2z8c000000FbNRAA0","0058c00000BxeO9AAJ","false","O-000334","2022-03-29T14:36:02.000Z","0058c00000BxeO9AAJ","2025-07-10T00:09:47.000Z","0058c00000BxeO9AAJ","2025-07-10T00:09:47.000Z","","","Loans","3.0","a308c000000BgztAAC","273037936602942946","","false"
"a2z8c000000FbNSAA0","0058c00000BxeO9AAJ","false","O-000335","2022-03-29T14:36:02.000Z","0058c00000BxeO9AAJ","2025-07-10T00:09:47.000Z","0058c00000BxeO9AAJ","2025-07-10T00:09:47.000Z","","","Mortgage","5.0","a308c000000BgztAAC","407869123263838077","","false"
"a2z8c000000FbNTAA0","0058c00000BxeO9AAJ","false","O-000336","2022-03-29T14:36:02.000Z","0058c00000BxeO9AAJ","2025-07-10T00:09:47.000Z","0058c00000BxeO9AAJ","2025-07-10T00:09:47.000Z","","","Insurance","7.0","a308c000000BgztAAC","168011776329472013","","false"
"a2z8c000000FbNUAA0","0058c00000BxeO9AAJ","false","O-000337","2022-03-29T14:36:02.000Z","0058c00000BxeO9AAJ","2025-07-10T00:09:47.000Z","0058c00000BxeO9AAJ","2025-07-10T00:09:47.000Z","","","Student loan","8.0","a308c000000BgztAAC","186958968126203046","","false"
"a2z8c000000FbNVAA0","0058c00000BxeO9AAJ","false","O-000338","2022-03-29T14:36:02.000Z","0058c00000BxeO9AAJ","2025-07-10T00:09:47.000Z","0058c00000BxeO9AAJ","2025-07-10T00:09:47.000Z","","","None","9.0","a308c000000BgztAAC","273511853344780837","","false"
"a2z8c000000FbNWAA0","0058c00000BxeO9AAJ","false","O-000339","2022-03-29T14:36:02.000Z","0058c00000BxeO9AAJ","2025-07-10T00:09:47.000Z","0058c00000BxeO9AAJ","2025-07-10T00:09:47.000Z","","","Other","10.0","a308c000000BgztAAC","939957890930053301","","false"
"a2z8c000000FbNXAA0","0058c00000BxeO9AAJ","false","O-000340","2022-03-29T14:36:02.000Z","0058c00000BxeO9AAJ","2025-07-10T00:09:47.000Z","0058c00000BxeO9AAJ","2025-07-10T00:09:47.000Z","","","Yes","1.0","a308c000000BgzuAAC","148863829171859675","","false"
"a2z8c000000FbNYAA0","0058c00000BxeO9AAJ","false","O-000341","2022-03-29T14:36:02.000Z","0058c00000BxeO9AAJ","2025-07-10T00:09:47.000Z","0058c00000BxeO9AAJ","2025-07-10T00:09:47.000Z","","","Yes","1.0","a308c000000BgzvAAC","032459992920606313","","false"
"a2z8c000000FbNZAA0","0058c00000BxeO9AAJ","false","O-000342","2022-03-29T14:36:02.000Z","0058c00000BxeO9AAJ","2025-07-10T00:09:47.000Z","0058c00000BxeO9AAJ","2025-07-10T00:09:47.000Z","","","Yes","1.0","a308c000000BgzwAAC","532937582722614838","","false"
"a2z8c000000FbNaAAK","0058c00000BxeO9AAJ","false","O-000343","2022-03-29T14:36:02.000Z","0058c00000BxeO9AAJ","2025-07-10T00:09:47.000Z","0058c00000BxeO9AAJ","2025-07-10T00:09:47.000Z","","","No","2.0","a308c000000BgzwAAC","557207226050666434","","false"
"a2z8c000000FbNbAAK","0058c00000BxeO9AAJ","false","O-000344","2022-03-29T14:36:02.000Z","0058c00000BxeO9AAJ","2025-07-10T00:09:47.000Z","0058c00000BxeO9AAJ","2025-07-10T00:09:47.000Z","","","Yes","1.0","a308c000000BgzfAAC","518128084784284489","","false"
"a2z8c000000FbNcAAK","0058c00000BxeO9AAJ","false","O-000345","2022-03-29T14:36:02.000Z","0058c00000BxeO9AAJ","2025-07-10T00:09:47.000Z","0058c00000BxeO9AAJ","2025-07-10T00:09:47.000Z","","","No","2.0","a308c000000BgzfAAC","908677638143717063","","false"
"a2z8c000000FbNdAAK","0058c00000BxeO9AAJ","false","O-000346","2022-03-29T14:36:02.000Z","0058c00000BxeO9AAJ","2025-07-10T00:09:47.000Z","0058c00000BxeO9AAJ","2025-07-10T00:09:47.000Z","","","$0 - $250,000","1.0","a308c000000BgzXAAS","808232955383162332","","false"
"a2z8c000000FbNeAAK","0058c00000BxeO9AAJ","false","O-000347","2022-03-29T14:36:02.000Z","0058c00000BxeO9AAJ","2025-07-10T00:09:47.000Z","0058c00000BxeO9AAJ","2025-07-10T00:09:47.000Z","","","$250,001 - $500,000","2.0","a308c000000BgzXAAS","115099053626886183","","false"
"a2z8c000000FbNfAAK","0058c00000BxeO9AAJ","false","O-000348","2022-03-29T14:36:02.000Z","0058c00000BxeO9AAJ","2025-07-10T00:09:47.000Z","0058c00000BxeO9AAJ","2025-07-10T00:09:47.000Z","","","0 - 250,000","1.0","a308c000000BgzYAAS","365800373500940618","","false"
"a2z8c000000FbNgAAK","0058c00000BxeO9AAJ","false","O-000349","2022-03-29T14:36:02.000Z","0058c00000BxeO9AAJ","2025-07-10T00:09:47.000Z","0058c00000BxeO9AAJ","2025-07-10T00:09:47.000Z","","","$500,001 - $5 million","3.0","a308c000000BgzXAAS","149232477749760795","","false"
"a2z8c000000FbNhAAK","0058c00000BxeO9AAJ","false","O-000350","2022-03-29T14:36:02.000Z","0058c00000BxeO9AAJ","2025-07-10T00:09:47.000Z","0058c00000BxeO9AAJ","2025-07-10T00:09:47.000Z","","","501,000 - 5 million","3.0","a308c000000BgzYAAS","982668053101706007","","false"
"a2z8c000000FbNiAAK","0058c00000BxeO9AAJ","false","O-000351","2022-03-29T14:36:02.000Z","0058c00000BxeO9AAJ","2025-07-10T00:09:47.000Z","0058c00000BxeO9AAJ","2025-07-10T00:09:47.000Z","","","$5.001 million - $10 million","4.0","a308c000000BgzXAAS","628865177794377663","","false"
"a2z8c000000FbNjAAK","0058c00000BxeO9AAJ","false","O-000352","2022-03-29T14:36:02.000Z","0058c00000BxeO9AAJ","2025-07-10T00:09:47.000Z","0058c00000BxeO9AAJ","2025-07-10T00:09:47.000Z","","","250,001 - 500,000","2.0","a308c000000BgzYAAS","675063243756540792","","false"
"a2z8c000000FbNkAAK","0058c00000BxeO9AAJ","false","O-000353","2022-03-29T14:36:02.000Z","0058c00000BxeO9AAJ","2025-07-10T00:09:47.000Z","0058c00000BxeO9AAJ","2025-07-10T00:09:47.000Z","","","5.1 million - 10 million","4.0","a308c000000BgzYAAS","971837505132447235","","false"
"a2z8c000000FbNlAAK","0058c00000BxeO9AAJ","false","O-000354","2022-03-29T14:36:02.000Z","0058c00000BxeO9AAJ","2025-07-10T00:09:47.000Z","0058c00000BxeO9AAJ","2025-07-10T00:09:47.000Z","","","Yes","1.0","a308c000000BgzZAAS","451621344522503843","","false"
"a2z8c000000FbNmAAK","0058c00000BxeO9AAJ","false","O-000355","2022-03-29T14:36:02.000Z","0058c00000BxeO9AAJ","2025-07-10T00:09:47.000Z","0058c00000BxeO9AAJ","2025-07-10T00:09:47.000Z","","","more than 7 a month","3.0","a308c000000BgzxAAC","611075652758211628","","false"
"a2z8c000000FbNnAAK","0058c00000BxeO9AAJ","false","O-000356","2022-03-29T14:36:02.000Z","0058c00000BxeO9AAJ","2025-07-10T00:09:47.000Z","0058c00000BxeO9AAJ","2025-07-10T00:09:47.000Z","","","No","2.0","a308c000000BgzZAAS","617852514921441416","","false"
"a2z8c000000FbNoAAK","0058c00000BxeO9AAJ","false","O-000357","2022-03-29T14:36:02.000Z","0058c00000BxeO9AAJ","2025-07-10T00:09:47.000Z","0058c00000BxeO9AAJ","2025-07-10T00:09:47.000Z","","","$3,000 - $9,9999","2.0","a308c000000BgzyAAC","599566798274965832","","false"
"a2z8c000000FbNpAAK","0058c00000BxeO9AAJ","false","O-000358","2022-03-29T14:36:02.000Z","0058c00000BxeO9AAJ","2025-07-10T00:09:47.000Z","0058c00000BxeO9AAJ","2025-07-10T00:09:47.000Z","","","1 - 3 a month","1.0","a308c000000BgzxAAC","123392923586312257","","false"
"a2z8c000000FbNqAAK","0058c00000BxeO9AAJ","false","O-000359","2022-03-29T14:36:02.000Z","0058c00000BxeO9AAJ","2025-07-10T00:09:47.000Z","0058c00000BxeO9AAJ","2025-07-10T00:09:47.000Z","","","4 - 7 a month","2.0","a308c000000BgzxAAC","505215493787458124","","false"
"a2z8c000000FbNrAAK","0058c00000BxeO9AAJ","false","O-000360","2022-03-29T14:36:02.000Z","0058c00000BxeO9AAJ","2025-07-10T00:09:47.000Z","0058c00000BxeO9AAJ","2025-07-10T00:09:47.000Z","","","Less Than $3,000","1.0","a308c000000BgzyAAC","512363511348985484","","false"
"a2z8c000000FbNsAAK","0058c00000BxeO9AAJ","false","O-000361","2022-03-29T14:36:02.000Z","0058c00000BxeO9AAJ","2025-07-10T00:09:47.000Z","0058c00000BxeO9AAJ","2025-07-10T00:09:47.000Z","","","$10,000 - $50,000","3.0","a308c000000BgzyAAC","777148421728039865","","false"
"a2z8c000000FbNtAAK","0058c00000BxeO9AAJ","false","O-000362","2022-03-29T14:36:02.000Z","0058c00000BxeO9AAJ","2025-07-10T00:09:47.000Z","0058c00000BxeO9AAJ","2025-07-10T00:09:47.000Z","","","Pay Day Lender","7.0","a308c000000BgzeAAC","812995133844152878","","false"
"a2z8c000000FbNuAAK","0058c00000BxeO9AAJ","false","O-000363","2022-03-29T14:36:02.000Z","0058c00000BxeO9AAJ","2025-07-10T00:09:47.000Z","0058c00000BxeO9AAJ","2025-07-10T00:09:47.000Z","","","Greater than $50,000","4.0","a308c000000BgzyAAC","873723357828833452","","false"
"a2z8c000000FbNvAAK","0058c00000BxeO9AAJ","false","O-000364","2022-03-29T14:36:02.000Z","0058c00000BxeO9AAJ","2025-07-10T00:09:47.000Z","0058c00000BxeO9AAJ","2025-07-10T00:09:47.000Z","","","Less than 1 year","1.0","a308c000000BgzbAAC","108236621460288013","","false"
"a2z8c000000FbNwAAK","0058c00000BxeO9AAJ","false","O-000365","2022-03-29T14:36:02.000Z","0058c00000BxeO9AAJ","2025-07-10T00:09:47.000Z","0058c00000BxeO9AAJ","2025-07-10T00:09:47.000Z","","","Yes","1.0","a308c000000BgzzAAC","200039482095586197","","false"
"a2z8c000000FbNxAAK","0058c00000BxeO9AAJ","false","O-000366","2022-03-29T14:36:02.000Z","0058c00000BxeO9AAJ","2025-07-10T00:09:47.000Z","0058c00000BxeO9AAJ","2025-07-10T00:09:47.000Z","","","Greater than 1 year","2.0","a308c000000BgzbAAC","628719476632075230","","false"
"a2z8c000000FbNyAAK","0058c00000BxeO9AAJ","false","O-000367","2022-03-29T14:36:02.000Z","0058c00000BxeO9AAJ","2025-07-10T00:09:47.000Z","0058c00000BxeO9AAJ","2025-07-10T00:09:47.000Z","","","Payroll","1.0","a308c000000BgzdAAC","115790078143153159","","false"
"a2z8c000000FbNzAAK","0058c00000BxeO9AAJ","false","O-000368","2022-03-29T14:36:02.000Z","0058c00000BxeO9AAJ","2025-07-10T00:09:47.000Z","0058c00000BxeO9AAJ","2025-07-10T00:09:47.000Z","","","Operations","2.0","a308c000000BgzdAAC","125080167941275607","","false"
"a2z8c000000FbO0AAK","0058c00000BxeO9AAJ","false","O-000369","2022-03-29T14:36:02.000Z","0058c00000BxeO9AAJ","2025-07-10T00:09:47.000Z","0058c00000BxeO9AAJ","2025-07-10T00:09:47.000Z","","","Marijuana Related Business","2.0","a308c000000BgzeAAC","215366858137619560","","false"
"a2z8c000000FbO1AAK","0058c00000BxeO9AAJ","false","O-000370","2022-03-29T14:36:02.000Z","0058c00000BxeO9AAJ","2025-07-10T00:09:47.000Z","0058c00000BxeO9AAJ","2025-07-10T00:09:47.000Z","","","Savings","3.0","a308c000000BgzdAAC","638619375410870000","","false"
"a2z8c000000FbO2AAK","0058c00000BxeO9AAJ","false","O-000371","2022-03-29T14:36:02.000Z","0058c00000BxeO9AAJ","2025-07-10T00:09:47.000Z","0058c00000BxeO9AAJ","2025-07-10T00:09:47.000Z","","","Money Service Business","1.0","a308c000000BgzeAAC","380352480808523255","","false"
"a2z8c000000FbO3AAK","0058c00000BxeO9AAJ","false","O-000372","2022-03-29T14:36:02.000Z","0058c00000BxeO9AAJ","2025-07-10T00:09:47.000Z","0058c00000BxeO9AAJ","2025-07-10T00:09:47.000Z","","","IOLTA","3.0","a308c000000BgzeAAC","494752993588037502","","false"
"a2z8c000000FbO4AAK","0058c00000BxeO9AAJ","false","O-000373","2022-03-29T14:36:02.000Z","0058c00000BxeO9AAJ","2025-07-10T00:09:47.000Z","0058c00000BxeO9AAJ","2025-07-10T00:09:47.000Z","","","Third Party Payment Processor","6.0","a308c000000BgzeAAC","340406982411231155","","false"
"a2z8c000000FbO5AAK","0058c00000BxeO9AAJ","false","O-000374","2022-03-29T14:36:02.000Z","0058c00000BxeO9AAJ","2025-07-10T00:09:47.000Z","0058c00000BxeO9AAJ","2025-07-10T00:09:47.000Z","","","NGO","4.0","a308c000000BgzeAAC","271161645500857483","","false"
"a2z8c000000FbO6AAK","0058c00000BxeO9AAJ","false","O-000375","2022-03-29T14:36:02.000Z","0058c00000BxeO9AAJ","2025-07-10T00:09:47.000Z","0058c00000BxeO9AAJ","2025-07-10T00:09:47.000Z","","","Embassy","5.0","a308c000000BgzeAAC","789589310647325170","","false"
"a2z8c000000FbO7AAK","0058c00000BxeO9AAJ","false","O-000376","2022-03-29T14:36:02.000Z","0058c00000BxeO9AAJ","2025-07-10T00:09:47.000Z","0058c00000BxeO9AAJ","2025-07-10T00:09:47.000Z","","","Cash Intensive Business","8.0","a308c000000BgzeAAC","507556794774516209","","false"
"a2z8c000000FbO8AAK","0058c00000BxeO9AAJ","false","O-000377","2022-03-29T14:36:02.000Z","0058c00000BxeO9AAJ","2025-07-10T00:09:47.000Z","0058c00000BxeO9AAJ","2025-07-10T00:09:47.000Z","","","Prof Service Provider","9.0","a308c000000BgzeAAC","627056881603596477","","false"
"a2z8c000000FbO9AAK","0058c00000BxeO9AAJ","false","O-000378","2022-03-29T14:36:02.000Z","0058c00000BxeO9AAJ","2025-07-10T00:09:47.000Z","0058c00000BxeO9AAJ","2025-07-10T00:09:47.000Z","","","FFI & NFFE","10.0","a308c000000BgzeAAC","354389797816000635","","false"
"a2z8c000000FbOAAA0","0058c00000BxeO9AAJ","false","O-000379","2022-03-29T14:36:02.000Z","0058c00000BxeO9AAJ","2025-07-10T00:09:47.000Z","0058c00000BxeO9AAJ","2025-07-10T00:09:47.000Z","","","No","2.0","a308c000000BgzzAAC","285429824699969476","","false"
"a2z8c000000FbOBAA0","0058c00000BxeO9AAJ","false","O-000380","2022-03-29T14:36:02.000Z","0058c00000BxeO9AAJ","2025-07-10T00:09:47.000Z","0058c00000BxeO9AAJ","2025-07-10T00:09:47.000Z","","","Yes","1.0","a308c000000Bh00AAC","302922618584553049","","false"
"a2z8c000000FbOCAA0","0058c00000BxeO9AAJ","false","O-000381","2022-03-29T14:36:02.000Z","0058c00000BxeO9AAJ","2025-07-10T00:09:47.000Z","0058c00000BxeO9AAJ","2025-07-10T00:09:47.000Z","","","No","2.0","a308c000000Bh00AAC","050806434477637014","","false"
"a2z8c000000FbODAA0","0058c00000BxeO9AAJ","false","O-000382","2022-03-29T14:36:02.000Z","0058c00000BxeO9AAJ","2025-07-10T00:09:47.000Z","0058c00000BxeO9AAJ","2025-07-10T00:09:48.000Z","","","Online Banking","1.0","a308c000000Bh01AAC","005993908386246730","","false"
"a2z8c000000FbOEAA0","0058c00000BxeO9AAJ","false","O-000383","2022-03-29T14:36:02.000Z","0058c00000BxeO9AAJ","2025-07-10T00:09:47.000Z","0058c00000BxeO9AAJ","2025-07-10T00:09:48.000Z","","","Sweep Accounts","2.0","a308c000000Bh01AAC","039302696472202928","","false"
"a2z8c000000FbOFAA0","0058c00000BxeO9AAJ","false","O-000384","2022-03-29T14:36:02.000Z","0058c00000BxeO9AAJ","2025-07-10T00:09:47.000Z","0058c00000BxeO9AAJ","2025-07-10T00:09:48.000Z","","","ACH","3.0","a308c000000Bh01AAC","265040727524458558","","false"
"a2z8c000000FbOGAA0","0058c00000BxeO9AAJ","false","O-000385","2022-03-29T14:36:02.000Z","0058c00000BxeO9AAJ","2025-07-10T00:09:47.000Z","0058c00000BxeO9AAJ","2025-07-10T00:09:48.000Z","","","Wire transfer","4.0","a308c000000Bh01AAC","530219880302449867","","false"
"a2z8c000000FbOHAA0","0058c00000BxeO9AAJ","false","O-000386","2022-03-29T14:36:02.000Z","0058c00000BxeO9AAJ","2025-07-10T00:09:47.000Z","0058c00000BxeO9AAJ","2025-07-10T00:09:48.000Z","","","None","5.0","a308c000000Bh01AAC","170003956409477656","","false"
"a2z8c000000FbOIAA0","0058c00000BxeO9AAJ","false","O-000387","2022-03-29T14:36:02.000Z","0058c00000BxeO9AAJ","2025-07-10T00:09:47.000Z","0058c00000BxeO9AAJ","2025-07-10T00:09:48.000Z","","","$0 - $10,000","1.0","a308c000000BgzcAAC","006906589429542707","","false"
"a2z8c000000FbOJAA0","0058c00000BxeO9AAJ","false","O-000388","2022-03-29T14:36:02.000Z","0058c00000BxeO9AAJ","2025-07-10T00:09:47.000Z","0058c00000BxeO9AAJ","2025-07-10T00:09:48.000Z","","","$10,000 - $50,000","2.0","a308c000000BgzcAAC","318760108860471110","","false"
"a2z8c000000FbOKAA0","0058c00000BxeO9AAJ","false","O-000389","2022-03-29T14:36:02.000Z","0058c00000BxeO9AAJ","2025-07-10T00:09:47.000Z","0058c00000BxeO9AAJ","2025-07-10T00:09:48.000Z","","","Greater than $50,000","3.0","a308c000000BgzcAAC","274151551354253852","","false"
"a2z8c000000FbOLAA0","0058c00000BxeO9AAJ","false","O-000390","2022-03-29T14:36:02.000Z","0058c00000BxeO9AAJ","2025-07-10T00:09:47.000Z","0058c00000BxeO9AAJ","2025-07-10T00:09:48.000Z","","","Yes","1.0","a308c000000Bh05AAC","938775136435397212","","false"
"a2z8c000000FbOMAA0","0058c00000BxeO9AAJ","false","O-000391","2022-03-29T14:36:02.000Z","0058c00000BxeO9AAJ","2025-07-10T00:09:47.000Z","0058c00000BxeO9AAJ","2025-07-10T00:09:48.000Z","","","Yes","1.0","a308c000000Bh02AAC","777276562181456486","","false"
"a2z8c000000FbONAA0","0058c00000BxeO9AAJ","false","O-000392","2022-03-29T14:36:02.000Z","0058c00000BxeO9AAJ","2025-07-10T00:09:47.000Z","0058c00000BxeO9AAJ","2025-07-10T00:09:48.000Z","","","No","2.0","a308c000000Bh02AAC","464630486149616060","","false"
"a2z8c000000FbOOAA0","0058c00000BxeO9AAJ","false","O-000393","2022-03-29T14:36:02.000Z","0058c00000BxeO9AAJ","2025-07-10T00:09:47.000Z","0058c00000BxeO9AAJ","2025-07-10T00:09:48.000Z","","","Yes","1.0","a308c000000Bh03AAC","364043826245853643","","false"
"a2z8c000000FbOPAA0","0058c00000BxeO9AAJ","false","O-000394","2022-03-29T14:36:02.000Z","0058c00000BxeO9AAJ","2025-07-10T00:09:47.000Z","0058c00000BxeO9AAJ","2025-07-10T00:09:48.000Z","","","No","2.0","a308c000000Bh03AAC","874736028007249105","","false"
"a2z8c000000FbOQAA0","0058c00000BxeO9AAJ","false","O-000395","2022-03-29T14:36:02.000Z","0058c00000BxeO9AAJ","2025-07-10T00:09:47.000Z","0058c00000BxeO9AAJ","2025-07-10T00:09:48.000Z","","","Yes","1.0","a308c000000Bh04AAC","128584636260785032","","false"
"a2z8c000000FbORAA0","0058c00000BxeO9AAJ","false","O-000396","2022-03-29T14:36:02.000Z","0058c00000BxeO9AAJ","2025-07-10T00:09:47.000Z","0058c00000BxeO9AAJ","2025-07-10T00:09:48.000Z","","","No","2.0","a308c000000Bh04AAC","759515274362594922","","false"
"a2z8c000000FbOSAA0","0058c00000BxeO9AAJ","false","O-000397","2022-03-29T14:36:02.000Z","0058c00000BxeO9AAJ","2025-07-10T00:09:47.000Z","0058c00000BxeO9AAJ","2025-07-10T00:09:48.000Z","","","No","2.0","a308c000000Bh05AAC","911344992016090563","","false"
"a2z8c000000FbOTAA0","0058c00000BxeO9AAJ","false","O-000398","2022-03-29T14:36:02.000Z","0058c00000BxeO9AAJ","2025-07-10T00:09:47.000Z","0058c00000BxeO9AAJ","2025-07-10T00:09:48.000Z","","","Less Than $3,000","1.0","a308c000000BgzaAAC","941862195050476335","","false"
"a2z8c000000FbOUAA0","0058c00000BxeO9AAJ","false","O-000399","2022-03-29T14:36:02.000Z","0058c00000BxeO9AAJ","2025-07-10T00:09:47.000Z","0058c00000BxeO9AAJ","2025-07-10T00:09:48.000Z","","","$3,000 - $9,999","2.0","a308c000000BgzaAAC","234222170791125600","","false"
"a2z8c000000FbOVAA0","0058c00000BxeO9AAJ","false","O-000400","2022-03-29T14:36:02.000Z","0058c00000BxeO9AAJ","2025-07-10T00:09:47.000Z","0058c00000BxeO9AAJ","2025-07-10T00:09:48.000Z","","","$10,000 - $50,000","3.0","a308c000000BgzaAAC","997340040350169332","","false"
"a2z8c000000FbOWAA0","0058c00000BxeO9AAJ","false","O-000401","2022-03-29T14:36:02.000Z","0058c00000BxeO9AAJ","2025-07-10T00:09:47.000Z","0058c00000BxeO9AAJ","2025-07-10T00:09:48.000Z","","","Greater than $50,000","4.0","a308c000000BgzaAAC","013191037297881668","","false"
"a2z8c000000egDgAAI","0058c00000BxeO9AAJ","false","O-000403","2023-09-13T06:39:30.000Z","0058c00000BxeO9AAJ","2025-07-10T00:09:47.000Z","0058c00000BxeO9AAJ","2025-07-10T00:09:48.000Z","","","Rent","6.0","a308c000000dYQSAA2","a2t3g000000bleQAAQ","","false"
"a2z8c000000egDhAAI","0058c00000BxeO9AAJ","false","O-000404","2023-09-13T06:39:30.000Z","0058c00000BxeO9AAJ","2025-07-10T00:09:47.000Z","0058c00000BxeO9AAJ","2025-07-10T00:09:48.000Z","","","4-7 ayear","2.0","a308c000000dYQFAA2","a2t3g000000bleRAAQ","","false"
"a2z8c000000egDiAAI","0058c00000BxeO9AAJ","false","O-000405","2023-09-13T06:39:30.000Z","0058c00000BxeO9AAJ","2025-07-10T00:09:47.000Z","0058c00000BxeO9AAJ","2025-07-10T00:09:48.000Z","","","Online Banking","1.0","a308c000000dYRDAA2","a2t3g000000bleSAAQ","","false"
"a2z8c000000egDjAAI","0058c00000BxeO9AAJ","false","O-000406","2023-09-13T06:39:30.000Z","0058c00000BxeO9AAJ","2025-07-10T00:09:47.000Z","0058c00000BxeO9AAJ","2025-07-10T00:09:48.000Z","","","Savings","2.0","a308c000000dYREAA2","a2t3g000000bleTAAQ","","false"
"a2z8c000000egDkAAI","0058c00000BxeO9AAJ","false","O-000407","2023-09-13T06:39:30.000Z","0058c00000BxeO9AAJ","2025-07-10T00:09:47.000Z","0058c00000BxeO9AAJ","2025-07-10T00:09:48.000Z","","","Online banking","6.0","a308c000000dYQTAA2","a2t3g000000bleUAAQ","","false"
"a2z8c000000egDlAAI","0058c00000BxeO9AAJ","false","O-000408","2023-09-13T06:39:30.000Z","0058c00000BxeO9AAJ","2025-07-10T00:09:47.000Z","0058c00000BxeO9AAJ","2025-07-10T00:09:48.000Z","","","Mobile Payments","5.0","a308c000000dYQRAA2","a2t3g000000bleVAAQ","","false"
"a2z8c000000egDmAAI","0058c00000BxeO9AAJ","false","O-000409","2023-09-13T06:39:30.000Z","0058c00000BxeO9AAJ","2025-07-10T00:09:47.000Z","0058c00000BxeO9AAJ","2025-07-10T00:09:48.000Z","","","Teller","4.0","a308c000000dYQGAA2","a2t3g000000bleWAAQ","","false"
"a2z8c000000egDnAAI","0058c00000BxeO9AAJ","false","O-000410","2023-09-13T06:39:30.000Z","0058c00000BxeO9AAJ","2025-07-10T00:09:47.000Z","0058c00000BxeO9AAJ","2025-07-10T00:09:48.000Z","","","Yes","1.0","a308c000000dYQHAA2","a2t3g000000bleXAAQ","","false"
"a2z8c000000egDoAAI","0058c00000BxeO9AAJ","false","O-000411","2023-09-13T06:39:30.000Z","0058c00000BxeO9AAJ","2025-07-10T00:09:47.000Z","0058c00000BxeO9AAJ","2025-07-10T00:09:48.000Z","","","$10,000 - $50,000","3.0","a308c000000dYRFAA2","a2t3g000000bleYAAQ","","false"
"a2z8c000000egDpAAI","0058c00000BxeO9AAJ","false","O-000412","2023-09-13T06:39:30.000Z","0058c00000BxeO9AAJ","2025-07-10T00:09:47.000Z","0058c00000BxeO9AAJ","2025-07-10T00:09:48.000Z","","","Online Banking with Bill Pay","2.0","a308c000000dYRDAA2","a2t3g000000bleZAAQ","","false"
"a2z8c000000egDqAAI","0058c00000BxeO9AAJ","false","O-000413","2023-09-13T06:39:30.000Z","0058c00000BxeO9AAJ","2025-07-10T00:09:47.000Z","0058c00000BxeO9AAJ","2025-07-10T00:09:48.000Z","","","Extraneous Expenditures","3.0","a308c000000dYREAA2","a2t3g000000bleaAAA","","false"
"a2z8c000000egDrAAI","0058c00000BxeO9AAJ","false","O-000414","2023-09-13T06:39:30.000Z","0058c00000BxeO9AAJ","2025-07-10T00:09:47.000Z","0058c00000BxeO9AAJ","2025-07-10T00:09:48.000Z","","","Yes","1.0","a308c000000dYRGAA2","a2t3g000000blebAAA","","false"
"a2z8c000000egDsAAI","0058c00000BxeO9AAJ","false","O-000415","2023-09-13T06:39:30.000Z","0058c00000BxeO9AAJ","2025-07-10T00:09:47.000Z","0058c00000BxeO9AAJ","2025-07-10T00:09:48.000Z","","","Yes","1.0","a308c000000dYRJAA2","a2t3g000000blecAAA","","false"
"a2z8c000000egDtAAI","0058c00000BxeO9AAJ","false","O-000416","2023-09-13T06:39:30.000Z","0058c00000BxeO9AAJ","2025-07-10T00:09:47.000Z","0058c00000BxeO9AAJ","2025-07-10T00:09:48.000Z","","","Text or SMS","2.0","a308c000000dYQTAA2","a2t3g000000blefAAA","","false"
"a2z8c000000egDuAAI","0058c00000BxeO9AAJ","false","O-000417","2023-09-13T06:39:30.000Z","0058c00000BxeO9AAJ","2025-07-10T00:09:47.000Z","0058c00000BxeO9AAJ","2025-07-10T00:09:48.000Z","","","Credit card","4.0","a308c000000dYQUAA2","a2t3g000000blegAAA","","false"
"a2z8c000000egDvAAI","0058c00000BxeO9AAJ","false","O-000418","2023-09-13T06:39:30.000Z","0058c00000BxeO9AAJ","2025-07-10T00:09:47.000Z","0058c00000BxeO9AAJ","2025-07-10T00:09:48.000Z","","","Credit card","2.0","a308c000000dYQSAA2","a2t3g000000blehAAA","","false"
"a2z8c000000egDwAAI","0058c00000BxeO9AAJ","false","O-000419","2023-09-13T06:39:30.000Z","0058c00000BxeO9AAJ","2025-07-10T00:09:47.000Z","0058c00000BxeO9AAJ","2025-07-10T00:09:48.000Z","","","No","2.0","a308c000000dYQVAA2","a2t3g000000bleiAAA","","false"
"a2z8c000000egDxAAI","0058c00000BxeO9AAJ","false","O-000420","2023-09-13T06:39:30.000Z","0058c00000BxeO9AAJ","2025-07-10T00:09:47.000Z","0058c00000BxeO9AAJ","2025-07-10T00:09:48.000Z","","","No","2.0","a308c000000dYQJAA2","a2t3g000000blejAAA","","false"
"a2z8c000000egDyAAI","0058c00000BxeO9AAJ","false","O-000421","2023-09-13T06:39:30.000Z","0058c00000BxeO9AAJ","2025-07-10T00:09:47.000Z","0058c00000BxeO9AAJ","2025-07-10T00:09:48.000Z","","","No","2.0","a308c000000dYQWAA2","a2t3g000000blekAAA","","false"
"a2z8c000000egDzAAI","0058c00000BxeO9AAJ","false","O-000422","2023-09-13T06:39:30.000Z","0058c00000BxeO9AAJ","2025-07-10T00:09:47.000Z","0058c00000BxeO9AAJ","2025-07-10T00:09:48.000Z","","","Online Banking","1.0","a308c000000dYRKAA2","a2t3g000000blelAAA","","false"
"a2z8c000000egE0AAI","0058c00000BxeO9AAJ","false","O-000423","2023-09-13T06:39:30.000Z","0058c00000BxeO9AAJ","2025-07-10T00:09:47.000Z","0058c00000BxeO9AAJ","2025-07-10T00:09:48.000Z","","","Payroll","1.0","a308c000000dYQiAAM","a2t3g000000blemAAA","","false"
"a2z8c000000egE1AAI","0058c00000BxeO9AAJ","false","O-000424","2023-09-13T06:39:30.000Z","0058c00000BxeO9AAJ","2025-07-10T00:09:47.000Z","0058c00000BxeO9AAJ","2025-07-10T00:09:48.000Z","","","No","2.0","a308c000000dYRLAA2","a2t3g000000blenAAA","","false"
"a2z8c000000egE2AAI","0058c00000BxeO9AAJ","false","O-000425","2023-09-13T06:39:30.000Z","0058c00000BxeO9AAJ","2025-07-10T00:09:47.000Z","0058c00000BxeO9AAJ","2025-07-10T00:09:48.000Z","","","No","2.0","a308c000000dYRMAA2","a2t3g000000bleoAAA","","false"
"a2z8c000000egE3AAI","0058c00000BxeO9AAJ","false","O-000426","2023-09-13T06:39:30.000Z","0058c00000BxeO9AAJ","2025-07-10T00:09:47.000Z","0058c00000BxeO9AAJ","2025-07-10T00:09:48.000Z","","","No","2.0","a308c000000dYRNAA2","a2t3g000000blepAAA","","false"
"a2z8c000000egE4AAI","0058c00000BxeO9AAJ","false","O-000427","2023-09-13T06:39:30.000Z","0058c00000BxeO9AAJ","2025-07-10T00:09:47.000Z","0058c00000BxeO9AAJ","2025-07-10T00:09:48.000Z","","","No","2.0","a308c000000dYROAA2","a2t3g000000bleqAAA","","false"
"a2z8c000000egE5AAI","0058c00000BxeO9AAJ","false","O-000428","2023-09-13T06:39:30.000Z","0058c00000BxeO9AAJ","2025-07-10T00:09:47.000Z","0058c00000BxeO9AAJ","2025-07-10T00:09:48.000Z","","","No","2.0","a308c000000dYRPAA2","a2t3g000000blerAAA","","false"
"a2z8c000000egE6AAI","0058c00000BxeO9AAJ","false","O-000429","2023-09-13T06:39:30.000Z","0058c00000BxeO9AAJ","2025-07-10T00:09:47.000Z","0058c00000BxeO9AAJ","2025-07-10T00:09:48.000Z","","","Savings","3.0","a308c000000dYQiAAM","a2t3g000000blesAAA","","false"
"a2z8c000000egE7AAI","0058c00000BxeO9AAJ","false","O-000430","2023-09-13T06:39:30.000Z","0058c00000BxeO9AAJ","2025-07-10T00:09:47.000Z","0058c00000BxeO9AAJ","2025-07-10T00:09:48.000Z","","","Personal Expenses","3.0","a308c000000dYRQAA2","a2t3g000000bletAAA","","false"
"a2z8c000000egE8AAI","0058c00000BxeO9AAJ","false","O-000431","2023-09-13T06:39:30.000Z","0058c00000BxeO9AAJ","2025-07-10T00:09:47.000Z","0058c00000BxeO9AAJ","2025-07-10T00:09:48.000Z","","","Yes","1.0","a308c000000dYRAAA2","a2t3g000000bleuAAA","","false"
"a2z8c000000egE9AAI","0058c00000BxeO9AAJ","false","O-000432","2023-09-13T06:39:30.000Z","0058c00000BxeO9AAJ","2025-07-10T00:09:47.000Z","0058c00000BxeO9AAJ","2025-07-10T00:09:48.000Z","","","Yes","1.0","a308c000000dYRRAA2","a2t3g000000blevAAA","","false"
"a2z8c000000egEAAAY","0058c00000BxeO9AAJ","false","O-000433","2023-09-13T06:39:30.000Z","0058c00000BxeO9AAJ","2025-07-10T00:09:47.000Z","0058c00000BxeO9AAJ","2025-07-10T00:09:48.000Z","","","Yes","1.0","a308c000000dYRSAA2","a2t3g000000blewAAA","","false"
"a2z8c000000egEBAAY","0058c00000BxeO9AAJ","false","O-000434","2023-09-13T06:39:30.000Z","0058c00000BxeO9AAJ","2025-07-10T00:09:47.000Z","0058c00000BxeO9AAJ","2025-07-10T00:09:48.000Z","","","None of the above","4.0","a308c000000dYRTAA2","a2t3g000000blexAAA","","false"
"a2z8c000000egECAAY","0058c00000BxeO9AAJ","false","O-000435","2023-09-13T06:39:30.000Z","0058c00000BxeO9AAJ","2025-07-10T00:09:47.000Z","0058c00000BxeO9AAJ","2025-07-10T00:09:48.000Z","","","No","2.0","a308c000000dYRUAA2","a2t3g000000bleyAAA","","false"
"a2z8c000000egEDAAY","0058c00000BxeO9AAJ","false","O-000436","2023-09-13T06:39:30.000Z","0058c00000BxeO9AAJ","2025-07-10T00:09:47.000Z","0058c00000BxeO9AAJ","2025-07-10T00:09:48.000Z","","","No","2.0","a308c000000dYRVAA2","a2t3g000000blezAAA","","false"
"a2z8c000000egEEAAY","0058c00000BxeO9AAJ","false","O-000437","2023-09-13T06:39:30.000Z","0058c00000BxeO9AAJ","2025-07-10T00:09:47.000Z","0058c00000BxeO9AAJ","2025-07-10T00:09:48.000Z","","","No","2.0","a308c000000dYRWAA2","a2t3g000000blf0AAA","","false"
"a2z8c000000egEFAAY","0058c00000BxeO9AAJ","false","O-000438","2023-09-13T06:39:30.000Z","0058c00000BxeO9AAJ","2025-07-10T00:09:47.000Z","0058c00000BxeO9AAJ","2025-07-10T00:09:48.000Z","","","No","2.0","a308c000000dYRXAA2","a2t3g000000blf1AAA","","false"
"a2z8c000000egEGAAY","0058c00000BxeO9AAJ","false","O-000439","2023-09-13T06:39:30.000Z","0058c00000BxeO9AAJ","2025-07-10T00:09:47.000Z","0058c00000BxeO9AAJ","2025-07-10T00:09:48.000Z","","","Yes, the loan is HVCRE reportable.","1.0","a308c000000dYRYAA2","a2t3g000000blf2AAA","","false"
"a2z8c000000egEHAAY","0058c00000BxeO9AAJ","false","O-000440","2023-09-13T06:39:30.000Z","0058c00000BxeO9AAJ","2025-07-10T00:09:47.000Z","0058c00000BxeO9AAJ","2025-07-10T00:09:48.000Z","","","Less Than $3,000","1.0","a308c000000dYRZAA2","a2t3g000000blf3AAA","","false"
"a2z8c000000egEIAAY","0058c00000BxeO9AAJ","false","O-000441","2023-09-13T06:39:30.000Z","0058c00000BxeO9AAJ","2025-07-10T00:09:47.000Z","0058c00000BxeO9AAJ","2025-07-10T00:09:48.000Z","","","Less than 1 year","1.0","a308c000000dYQgAAM","a2t3g000000blf4AAA","","false"
"a2z8c000000egEJAAY","0058c00000BxeO9AAJ","false","O-000442","2023-09-13T06:39:30.000Z","0058c00000BxeO9AAJ","2025-07-10T00:09:47.000Z","0058c00000BxeO9AAJ","2025-07-10T00:09:48.000Z","","","France","63.0","a308c000000dYRcAAM","a2t3g000000blkXAAQ","","false"
"a2z8c000000egEKAAY","0058c00000BxeO9AAJ","false","O-000443","2023-09-13T06:39:30.000Z","0058c00000BxeO9AAJ","2025-07-10T00:09:47.000Z","0058c00000BxeO9AAJ","2025-07-10T00:09:48.000Z","","","French Guiana","64.0","a308c000000dYRcAAM","a2t3g000000blkYAAQ","","false"
"a2z8c000000egELAAY","0058c00000BxeO9AAJ","false","O-000444","2023-09-13T06:39:30.000Z","0058c00000BxeO9AAJ","2025-07-10T00:09:47.000Z","0058c00000BxeO9AAJ","2025-07-10T00:09:48.000Z","","","Gabon","65.0","a308c000000dYRcAAM","a2t3g000000blkZAAQ","","false"
"a2z8c000000egEMAAY","0058c00000BxeO9AAJ","false","O-000445","2023-09-13T06:39:30.000Z","0058c00000BxeO9AAJ","2025-07-10T00:09:47.000Z","0058c00000BxeO9AAJ","2025-07-10T00:09:48.000Z","","","Gambia","66.0","a308c000000dYRcAAM","a2t3g000000blkaAAA","","false"
"a2z8c000000egENAAY","0058c00000BxeO9AAJ","false","O-000446","2023-09-13T06:39:30.000Z","0058c00000BxeO9AAJ","2025-07-10T00:09:47.000Z","0058c00000BxeO9AAJ","2025-07-10T00:09:48.000Z","","","Georgia","67.0","a308c000000dYRcAAM","a2t3g000000blkbAAA","","false"
"a2z8c000000egEOAAY","0058c00000BxeO9AAJ","false","O-000447","2023-09-13T06:39:30.000Z","0058c00000BxeO9AAJ","2025-07-10T00:09:47.000Z","0058c00000BxeO9AAJ","2025-07-10T00:09:48.000Z","","","Germany","68.0","a308c000000dYRcAAM","a2t3g000000blkcAAA","","false"
"a2z8c000000egEPAAY","0058c00000BxeO9AAJ","false","O-000448","2023-09-13T06:39:30.000Z","0058c00000BxeO9AAJ","2025-07-10T00:09:47.000Z","0058c00000BxeO9AAJ","2025-07-10T00:09:48.000Z","","","Ghana","69.0","a308c000000dYRcAAM","a2t3g000000blkdAAA","","false"
"a2z8c000000egEQAAY","0058c00000BxeO9AAJ","false","O-000449","2023-09-13T06:39:30.000Z","0058c00000BxeO9AAJ","2025-07-10T00:09:47.000Z","0058c00000BxeO9AAJ","2025-07-10T00:09:48.000Z","","","Great Britain","70.0","a308c000000dYRcAAM","a2t3g000000blkeAAA","","false"
"a2z8c000000egERAAY","0058c00000BxeO9AAJ","false","O-000450","2023-09-13T06:39:30.000Z","0058c00000BxeO9AAJ","2025-07-10T00:09:47.000Z","0058c00000BxeO9AAJ","2025-07-10T00:09:48.000Z","","","Greece","71.0","a308c000000dYRcAAM","a2t3g000000blkfAAA","","false"
"a2z8c000000egESAAY","0058c00000BxeO9AAJ","false","O-000451","2023-09-13T06:39:30.000Z","0058c00000BxeO9AAJ","2025-07-10T00:09:47.000Z","0058c00000BxeO9AAJ","2025-07-10T00:09:48.000Z","","","Grenada","72.0","a308c000000dYRcAAM","a2t3g000000blkgAAA","","false"
"a2z8c000000egETAAY","0058c00000BxeO9AAJ","false","O-000452","2023-09-13T06:39:30.000Z","0058c00000BxeO9AAJ","2025-07-10T00:09:47.000Z","0058c00000BxeO9AAJ","2025-07-10T00:09:48.000Z","","","Guadeloupe","73.0","a308c000000dYRcAAM","a2t3g000000blkhAAA","","false"
"a2z8c000000egEUAAY","0058c00000BxeO9AAJ","false","O-000453","2023-09-13T06:39:30.000Z","0058c00000BxeO9AAJ","2025-07-10T00:09:47.000Z","0058c00000BxeO9AAJ","2025-07-10T00:09:48.000Z","","","Guatemala","74.0","a308c000000dYRcAAM","a2t3g000000blkiAAA","","false"
"a2z8c000000egEVAAY","0058c00000BxeO9AAJ","false","O-000454","2023-09-13T06:39:30.000Z","0058c00000BxeO9AAJ","2025-07-10T00:09:47.000Z","0058c00000BxeO9AAJ","2025-07-10T00:09:48.000Z","","","Guinea","75.0","a308c000000dYRcAAM","a2t3g000000blkjAAA","","false"
"a2z8c000000egEWAAY","0058c00000BxeO9AAJ","false","O-000455","2023-09-13T06:39:30.000Z","0058c00000BxeO9AAJ","2025-07-10T00:09:47.000Z","0058c00000BxeO9AAJ","2025-07-10T00:09:48.000Z","","","Guinea-Bissau","76.0","a308c000000dYRcAAM","a2t3g000000blkkAAA","","false"
"a2z8c000000egEXAAY","0058c00000BxeO9AAJ","false","O-000456","2023-09-13T06:39:30.000Z","0058c00000BxeO9AAJ","2025-07-10T00:09:47.000Z","0058c00000BxeO9AAJ","2025-07-10T00:09:48.000Z","","","Guyana","77.0","a308c000000dYRcAAM","a2t3g000000blklAAA","","false"
"a2z8c000000egEYAAY","0058c00000BxeO9AAJ","false","O-000457","2023-09-13T06:39:30.000Z","0058c00000BxeO9AAJ","2025-07-10T00:09:47.000Z","0058c00000BxeO9AAJ","2025-07-10T00:09:48.000Z","","","Haiti","78.0","a308c000000dYRcAAM","a2t3g000000blkmAAA","","false"
"a2z8c000000egEZAAY","0058c00000BxeO9AAJ","false","O-000458","2023-09-13T06:39:30.000Z","0058c00000BxeO9AAJ","2025-07-10T00:09:47.000Z","0058c00000BxeO9AAJ","2025-07-10T00:09:48.000Z","","","Honduras","79.0","a308c000000dYRcAAM","a2t3g000000blknAAA","","false"
"a2z8c000000egEaAAI","0058c00000BxeO9AAJ","false","O-000459","2023-09-13T06:39:30.000Z","0058c00000BxeO9AAJ","2025-07-10T00:09:47.000Z","0058c00000BxeO9AAJ","2025-07-10T00:09:48.000Z","","","Hungary","80.0","a308c000000dYRcAAM","a2t3g000000blkoAAA","","false"
"a2z8c000000egEbAAI","0058c00000BxeO9AAJ","false","O-000460","2023-09-13T06:39:30.000Z","0058c00000BxeO9AAJ","2025-07-10T00:09:47.000Z","0058c00000BxeO9AAJ","2025-07-10T00:09:48.000Z","","","Iceland","81.0","a308c000000dYRcAAM","a2t3g000000blkpAAA","","false"
"a2z8c000000egEcAAI","0058c00000BxeO9AAJ","false","O-000461","2023-09-13T06:39:30.000Z","0058c00000BxeO9AAJ","2025-07-10T00:09:47.000Z","0058c00000BxeO9AAJ","2025-07-10T00:09:48.000Z","","","India","82.0","a308c000000dYRcAAM","a2t3g000000blkqAAA","","false"
"a2z8c000000egEdAAI","0058c00000BxeO9AAJ","false","O-000462","2023-09-13T06:39:30.000Z","0058c00000BxeO9AAJ","2025-07-10T00:09:47.000Z","0058c00000BxeO9AAJ","2025-07-10T00:09:48.000Z","","","Indonesia","83.0","a308c000000dYRcAAM","a2t3g000000blkrAAA","","false"
"a2z8c000000egEeAAI","0058c00000BxeO9AAJ","false","O-000463","2023-09-13T06:39:30.000Z","0058c00000BxeO9AAJ","2025-07-10T00:09:47.000Z","0058c00000BxeO9AAJ","2025-07-10T00:09:48.000Z","","","Iran","84.0","a308c000000dYRcAAM","a2t3g000000blksAAA","","false"
"a2z8c000000egEfAAI","0058c00000BxeO9AAJ","false","O-000464","2023-09-13T06:39:30.000Z","0058c00000BxeO9AAJ","2025-07-10T00:09:47.000Z","0058c00000BxeO9AAJ","2025-07-10T00:09:48.000Z","","","Iraq","85.0","a308c000000dYRcAAM","a2t3g000000blktAAA","","false"
"a2z8c000000egEgAAI","0058c00000BxeO9AAJ","false","O-000465","2023-09-13T06:39:30.000Z","0058c00000BxeO9AAJ","2025-07-10T00:09:47.000Z","0058c00000BxeO9AAJ","2025-07-10T00:09:48.000Z","","","Israel and the Occupied Territories","86.0","a308c000000dYRcAAM","a2t3g000000blkuAAA","","false"
"a2z8c000000egEhAAI","0058c00000BxeO9AAJ","false","O-000466","2023-09-13T06:39:30.000Z","0058c00000BxeO9AAJ","2025-07-10T00:09:47.000Z","0058c00000BxeO9AAJ","2025-07-10T00:09:48.000Z","","","Yes","1.0","a308c000000dYQeAAM","a2t3g000000blf5AAA","","false"
"a2z8c000000egEiAAI","0058c00000BxeO9AAJ","false","O-000467","2023-09-13T06:39:30.000Z","0058c00000BxeO9AAJ","2025-07-10T00:09:47.000Z","0058c00000BxeO9AAJ","2025-07-10T00:09:48.000Z","","","1 - 3 a month","1.0","a308c000000dYRaAAM","a2t3g000000blf6AAA","","false"
"a2z8c000000egEjAAI","0058c00000BxeO9AAJ","false","O-000468","2023-09-13T06:39:30.000Z","0058c00000BxeO9AAJ","2025-07-10T00:09:47.000Z","0058c00000BxeO9AAJ","2025-07-10T00:09:48.000Z","","","Yes","1.0","a308c000000dYRMAA2","a2t3g000000blf7AAA","","false"
"a2z8c000000egEkAAI","0058c00000BxeO9AAJ","false","O-000469","2023-09-13T06:39:30.000Z","0058c00000BxeO9AAJ","2025-07-10T00:09:47.000Z","0058c00000BxeO9AAJ","2025-07-10T00:09:48.000Z","","","Yes","1.0","a308c000000dYROAA2","a2t3g000000blf8AAA","","false"
"a2z8c000000egElAAI","0058c00000BxeO9AAJ","false","O-000470","2023-09-13T06:39:30.000Z","0058c00000BxeO9AAJ","2025-07-10T00:09:47.000Z","0058c00000BxeO9AAJ","2025-07-10T00:09:48.000Z","","","Yes","1.0","a308c000000dYRPAA2","a2t3g000000blf9AAA","","false"
"a2z8c000000egEmAAI","0058c00000BxeO9AAJ","false","O-000471","2023-09-13T06:39:30.000Z","0058c00000BxeO9AAJ","2025-07-10T00:09:47.000Z","0058c00000BxeO9AAJ","2025-07-10T00:09:48.000Z","","","Business/Operating Expenses","1.0","a308c000000dYRQAA2","a2t3g000000blfAAAQ","","false"
"a2z8c000000egEnAAI","0058c00000BxeO9AAJ","false","O-000472","2023-09-13T06:39:30.000Z","0058c00000BxeO9AAJ","2025-07-10T00:09:47.000Z","0058c00000BxeO9AAJ","2025-07-10T00:09:48.000Z","","","11-15","3.0","a308c000000dYQlAAM","a2t3g000000blfBAAQ","","false"
"a2z8c000000egEoAAI","0058c00000BxeO9AAJ","false","O-000473","2023-09-13T06:39:30.000Z","0058c00000BxeO9AAJ","2025-07-10T00:09:47.000Z","0058c00000BxeO9AAJ","2025-07-10T00:09:48.000Z","","","0-$5,000","1.0","a308c000000dYR0AAM","a2t3g000000blfCAAQ","","false"
"a2z8c000000egEpAAI","0058c00000BxeO9AAJ","false","O-000474","2023-09-13T06:39:30.000Z","0058c00000BxeO9AAJ","2025-07-10T00:09:47.000Z","0058c00000BxeO9AAJ","2025-07-10T00:09:48.000Z","","","More than 15","4.0","a308c000000dYQlAAM","a2t3g000000blfDAAQ","","false"
"a2z8c000000egEqAAI","0058c00000BxeO9AAJ","false","O-000475","2023-09-13T06:39:30.000Z","0058c00000BxeO9AAJ","2025-07-10T00:09:48.000Z","0058c00000BxeO9AAJ","2025-07-10T00:09:48.000Z","","","Yes","1.0","a308c000000dYQ7AAM","a2t3g000000blfEAAQ","","false"
"a2z8c000000egErAAI","0058c00000BxeO9AAJ","false","O-000476","2023-09-13T06:39:30.000Z","0058c00000BxeO9AAJ","2025-07-10T00:09:48.000Z","0058c00000BxeO9AAJ","2025-07-10T00:09:48.000Z","","","Yes","1.0","a308c000000dYQ8AAM","a2t3g000000blfFAAQ","","false"
"a2z8c000000egEsAAI","0058c00000BxeO9AAJ","false","O-000477","2023-09-13T06:39:30.000Z","0058c00000BxeO9AAJ","2025-07-10T00:09:48.000Z","0058c00000BxeO9AAJ","2025-07-10T00:09:48.000Z","","","No","2.0","a308c000000dYQ9AAM","a2t3g000000blfGAAQ","","false"
"a2z8c000000egEtAAI","0058c00000BxeO9AAJ","false","O-000478","2023-09-13T06:39:30.000Z","0058c00000BxeO9AAJ","2025-07-10T00:09:48.000Z","0058c00000BxeO9AAJ","2025-07-10T00:09:48.000Z","","","No","2.0","a308c000000dYQAAA2","a2t3g000000blfHAAQ","","false"
"a2z8c000000egEuAAI","0058c00000BxeO9AAJ","false","O-000479","2023-09-13T06:39:30.000Z","0058c00000BxeO9AAJ","2025-07-10T00:09:48.000Z","0058c00000BxeO9AAJ","2025-07-10T00:09:48.000Z","","","No","2.0","a308c000000dYQBAA2","a2t3g000000blfIAAQ","","false"
"a2z8c000000egEvAAI","0058c00000BxeO9AAJ","false","O-000480","2023-09-13T06:39:30.000Z","0058c00000BxeO9AAJ","2025-07-10T00:09:48.000Z","0058c00000BxeO9AAJ","2025-07-10T00:09:48.000Z","","","Yes","1.0","a308c000000dYQkAAM","a2t3g000000blfJAAQ","","false"
"a2z8c000000egEwAAI","0058c00000BxeO9AAJ","false","O-000481","2023-09-13T06:39:30.000Z","0058c00000BxeO9AAJ","2025-07-10T00:09:48.000Z","0058c00000BxeO9AAJ","2025-07-10T00:09:48.000Z","","","No","2.0","a308c000000dYQXAA2","a2t3g000000blfKAAQ","","false"
"a2z8c000000egExAAI","0058c00000BxeO9AAJ","false","O-000482","2023-09-13T06:39:30.000Z","0058c00000BxeO9AAJ","2025-07-10T00:09:48.000Z","0058c00000BxeO9AAJ","2025-07-10T00:09:48.000Z","","","No","2.0","a308c000000dYQYAA2","a2t3g000000blfLAAQ","","false"
"a2z8c000000egEyAAI","0058c00000BxeO9AAJ","false","O-000483","2023-09-13T06:39:30.000Z","0058c00000BxeO9AAJ","2025-07-10T00:09:48.000Z","0058c00000BxeO9AAJ","2025-07-10T00:09:48.000Z","","","No","2.0","a308c000000dYQZAA2","a2t3g000000blfMAAQ","","false"
"a2z8c000000egEzAAI","0058c00000BxeO9AAJ","false","O-000484","2023-09-13T06:39:30.000Z","0058c00000BxeO9AAJ","2025-07-10T00:09:48.000Z","0058c00000BxeO9AAJ","2025-07-10T00:09:48.000Z","","","No","2.0","a308c000000dYR4AAM","a2t3g000000blfNAAQ","","false"
"a2z8c000000egF0AAI","0058c00000BxeO9AAJ","false","O-000485","2023-09-13T06:39:30.000Z","0058c00000BxeO9AAJ","2025-07-10T00:09:48.000Z","0058c00000BxeO9AAJ","2025-07-10T00:09:48.000Z","","","Yes","1.0","a308c000000dYReAAM","a2t3g000000blfOAAQ","","false"
"a2z8c000000egF1AAI","0058c00000BxeO9AAJ","false","O-000486","2023-09-13T06:39:30.000Z","0058c00000BxeO9AAJ","2025-07-10T00:09:48.000Z","0058c00000BxeO9AAJ","2025-07-10T00:09:48.000Z","","","Yes","1.0","a308c000000dYQqAAM","a2t3g000000blfPAAQ","","false"
"a2z8c000000egF2AAI","0058c00000BxeO9AAJ","false","O-000487","2023-09-13T06:39:30.000Z","0058c00000BxeO9AAJ","2025-07-10T00:09:48.000Z","0058c00000BxeO9AAJ","2025-07-10T00:09:48.000Z","","","Parent Company","1.0","a308c000000dYRfAAM","a2t3g000000blfQAAQ","","false"
"a2z8c000000egF3AAI","0058c00000BxeO9AAJ","false","O-000488","2023-09-13T06:39:30.000Z","0058c00000BxeO9AAJ","2025-07-10T00:09:48.000Z","0058c00000BxeO9AAJ","2025-07-10T00:09:48.000Z","","","Yes","1.0","a308c000000dYQzAAM","a2t3g000000blfRAAQ","","false"
"a2z8c000000egF4AAI","0058c00000BxeO9AAJ","false","O-000489","2023-09-13T06:39:30.000Z","0058c00000BxeO9AAJ","2025-07-10T00:09:48.000Z","0058c00000BxeO9AAJ","2025-07-10T00:09:48.000Z","","","No","2.0","a308c000000dYQaAAM","a2t3g000000blfSAAQ","","false"
"a2z8c000000egF5AAI","0058c00000BxeO9AAJ","false","O-000490","2023-09-13T06:39:30.000Z","0058c00000BxeO9AAJ","2025-07-10T00:09:48.000Z","0058c00000BxeO9AAJ","2025-07-10T00:09:48.000Z","","","Money Service Business","1.0","a308c000000dYQjAAM","a2t3g000000blfTAAQ","","false"
"a2z8c000000egF6AAI","0058c00000BxeO9AAJ","false","O-000491","2023-09-13T06:39:30.000Z","0058c00000BxeO9AAJ","2025-07-10T00:09:48.000Z","0058c00000BxeO9AAJ","2025-07-10T00:09:48.000Z","","","None","5.0","a308c000000dYRKAA2","a2t3g000000blfVAAQ","","false"
"a2z8c000000egF7AAI","0058c00000BxeO9AAJ","false","O-000492","2023-09-13T06:39:30.000Z","0058c00000BxeO9AAJ","2025-07-10T00:09:48.000Z","0058c00000BxeO9AAJ","2025-07-10T00:09:48.000Z","","","Yes","1.0","a308c000000dYQKAA2","a2t3g000000blfWAAQ","","false"
"a2z8c000000egF8AAI","0058c00000BxeO9AAJ","false","O-000493","2023-09-13T06:39:30.000Z","0058c00000BxeO9AAJ","2025-07-10T00:09:48.000Z","0058c00000BxeO9AAJ","2025-07-10T00:09:48.000Z","","","Yes","1.0","a308c000000dYQMAA2","a2t3g000000blfXAAQ","","false"
"a2z8c000000egF9AAI","0058c00000BxeO9AAJ","false","O-000494","2023-09-13T06:39:30.000Z","0058c00000BxeO9AAJ","2025-07-10T00:09:48.000Z","0058c00000BxeO9AAJ","2025-07-10T00:09:48.000Z","","","Yes","1.0","a308c000000dYRlAAM","a2t3g000000blfYAAQ","","false"
"a2z8c000000egFAAAY","0058c00000BxeO9AAJ","false","O-000495","2023-09-13T06:39:30.000Z","0058c00000BxeO9AAJ","2025-07-10T00:09:48.000Z","0058c00000BxeO9AAJ","2025-07-10T00:09:48.000Z","","","A 1-4 Family Residence","1.0","a308c000000dYRTAA2","a2t3g000000blfZAAQ","","false"
"a2z8c000000egFBAAY","0058c00000BxeO9AAJ","false","O-000496","2023-09-13T06:39:30.000Z","0058c00000BxeO9AAJ","2025-07-10T00:09:48.000Z","0058c00000BxeO9AAJ","2025-07-10T00:09:48.000Z","","","A Community Development Project","2.0","a308c000000dYRTAA2","a2t3g000000blfaAAA","","false"
"a2z8c000000egFCAAY","0058c00000BxeO9AAJ","false","O-000497","2023-09-13T06:39:30.000Z","0058c00000BxeO9AAJ","2025-07-10T00:09:48.000Z","0058c00000BxeO9AAJ","2025-07-10T00:09:48.000Z","","","Agricultural Land Purchased for Development","3.0","a308c000000dYRTAA2","a2t3g000000blfbAAA","","false"
"a2z8c000000egFDAAY","0058c00000BxeO9AAJ","false","O-000498","2023-09-13T06:39:30.000Z","0058c00000BxeO9AAJ","2025-07-10T00:09:48.000Z","0058c00000BxeO9AAJ","2025-07-10T00:09:48.000Z","","","Yes","1.0","a308c000000dYRUAA2","a2t3g000000blfcAAA","","false"
"a2z8c000000egFEAAY","0058c00000BxeO9AAJ","false","O-000499","2023-09-13T06:39:30.000Z","0058c00000BxeO9AAJ","2025-07-10T00:09:48.000Z","0058c00000BxeO9AAJ","2025-07-10T00:09:48.000Z","","","Yes","1.0","a308c000000dYRVAA2","a2t3g000000blfdAAA","","false"
"a2z8c000000egFFAAY","0058c00000BxeO9AAJ","false","O-000500","2023-09-13T06:39:30.000Z","0058c00000BxeO9AAJ","2025-07-10T00:09:48.000Z","0058c00000BxeO9AAJ","2025-07-10T00:09:48.000Z","","","Yes","1.0","a308c000000dYRWAA2","a2t3g000000blfeAAA","","false"
"a2z8c000000egFGAAY","0058c00000BxeO9AAJ","false","O-000501","2023-09-13T06:39:30.000Z","0058c00000BxeO9AAJ","2025-07-10T00:09:48.000Z","0058c00000BxeO9AAJ","2025-07-10T00:09:48.000Z","","","Yes","1.0","a308c000000dYRXAA2","a2t3g000000blffAAA","","false"
"a2z8c000000egFHAAY","0058c00000BxeO9AAJ","false","O-000502","2023-09-13T06:39:30.000Z","0058c00000BxeO9AAJ","2025-07-10T00:09:48.000Z","0058c00000BxeO9AAJ","2025-07-10T00:09:48.000Z","","","No","2.0","a308c000000dYQLAA2","a2t3g000000blfgAAA","","false"
"a2z8c000000egFIAAY","0058c00000BxeO9AAJ","false","O-000503","2023-09-13T06:39:30.000Z","0058c00000BxeO9AAJ","2025-07-10T00:09:48.000Z","0058c00000BxeO9AAJ","2025-07-10T00:09:48.000Z","","","No","2.0","a308c000000dYRlAAM","a2t3g000000blfhAAA","","false"
"a2z8c000000egFJAAY","0058c00000BxeO9AAJ","false","O-000504","2023-09-13T06:39:30.000Z","0058c00000BxeO9AAJ","2025-07-10T00:09:48.000Z","0058c00000BxeO9AAJ","2025-07-10T00:09:48.000Z","","","Yes","1.0","a308c000000dYRbAAM","a2t3g000000blfiAAA","","false"
"a2z8c000000egFKAAY","0058c00000BxeO9AAJ","false","O-000505","2023-09-13T06:39:30.000Z","0058c00000BxeO9AAJ","2025-07-10T00:09:48.000Z","0058c00000BxeO9AAJ","2025-07-10T00:09:48.000Z","","","Yes","1.0","a308c000000dYQuAAM","a2t3g000000blfjAAA","","false"
"a2z8c000000egFLAAY","0058c00000BxeO9AAJ","false","O-000506","2023-09-13T06:39:30.000Z","0058c00000BxeO9AAJ","2025-07-10T00:09:48.000Z","0058c00000BxeO9AAJ","2025-07-10T00:09:48.000Z","","","Government (local/state/federal)","2.0","a308c000000dYQvAAM","a2t3g000000blfkAAA","","false"
"a2z8c000000egFMAAY","0058c00000BxeO9AAJ","false","O-000507","2023-09-13T06:39:30.000Z","0058c00000BxeO9AAJ","2025-07-10T00:09:48.000Z","0058c00000BxeO9AAJ","2025-07-10T00:09:48.000Z","","","Military","3.0","a308c000000dYQvAAM","a2t3g000000blflAAA","","false"
"a2z8c000000egFNAAY","0058c00000BxeO9AAJ","false","O-000508","2023-09-13T06:39:30.000Z","0058c00000BxeO9AAJ","2025-07-10T00:09:48.000Z","0058c00000BxeO9AAJ","2025-07-10T00:09:48.000Z","","","Investment","2.0","a308c000000dYQwAAM","a2t3g000000blfmAAA","","false"
"a2z8c000000egFOAAY","0058c00000BxeO9AAJ","false","O-000509","2023-09-13T06:39:30.000Z","0058c00000BxeO9AAJ","2025-07-10T00:09:48.000Z","0058c00000BxeO9AAJ","2025-07-10T00:09:48.000Z","","","Retirement/Pension","3.0","a308c000000dYQwAAM","a2t3g000000blfnAAA","","false"
"a2z8c000000egFPAAY","0058c00000BxeO9AAJ","false","O-000510","2023-09-13T06:39:30.000Z","0058c00000BxeO9AAJ","2025-07-10T00:09:48.000Z","0058c00000BxeO9AAJ","2025-07-10T00:09:48.000Z","","","Government Benefits","4.0","a308c000000dYQwAAM","a2t3g000000blfoAAA","","false"
"a2z8c000000egFQAAY","0058c00000BxeO9AAJ","false","O-000511","2023-09-13T06:39:30.000Z","0058c00000BxeO9AAJ","2025-07-10T00:09:48.000Z","0058c00000BxeO9AAJ","2025-07-10T00:09:48.000Z","","","Military Pay","5.0","a308c000000dYQwAAM","a2t3g000000blfpAAA","","false"
"a2z8c000000egFRAAY","0058c00000BxeO9AAJ","false","O-000512","2023-09-13T06:39:30.000Z","0058c00000BxeO9AAJ","2025-07-10T00:09:48.000Z","0058c00000BxeO9AAJ","2025-07-10T00:09:48.000Z","","","$1-$25,000","1.0","a308c000000dYQxAAM","a2t3g000000blfqAAA","","false"
"a2z8c000000egFSAAY","0058c00000BxeO9AAJ","false","O-000513","2023-09-13T06:39:30.000Z","0058c00000BxeO9AAJ","2025-07-10T00:09:48.000Z","0058c00000BxeO9AAJ","2025-07-10T00:09:48.000Z","","","$75,001-$100,000","4.0","a308c000000dYQxAAM","a2t3g000000blfrAAA","","false"
"a2z8c000000egFTAAY","0058c00000BxeO9AAJ","false","O-000514","2023-09-13T06:39:30.000Z","0058c00000BxeO9AAJ","2025-07-10T00:09:48.000Z","0058c00000BxeO9AAJ","2025-07-10T00:09:48.000Z","","","No","2.0","a308c000000dYQyAAM","a2t3g000000blfsAAA","","false"
"a2z8c000000egFUAAY","0058c00000BxeO9AAJ","false","O-000515","2023-09-13T06:39:30.000Z","0058c00000BxeO9AAJ","2025-07-10T00:09:48.000Z","0058c00000BxeO9AAJ","2025-07-10T00:09:48.000Z","","","Checked","1.0","a308c000000dYRoAAM","a2t3g000000blftAAA","","false"
"a2z8c000000egFVAAY","0058c00000BxeO9AAJ","false","O-000516","2023-09-13T06:39:30.000Z","0058c00000BxeO9AAJ","2025-07-10T00:09:48.000Z","0058c00000BxeO9AAJ","2025-07-10T00:09:48.000Z","","","Checked","1.0","a308c000000dYRpAAM","a2t3g000000blfuAAA","","false"
"a2z8c000000egFWAAY","0058c00000BxeO9AAJ","false","O-000517","2023-09-13T06:39:30.000Z","0058c00000BxeO9AAJ","2025-07-10T00:09:48.000Z","0058c00000BxeO9AAJ","2025-07-10T00:09:48.000Z","","","Checked","1.0","a308c000000dYRqAAM","a2t3g000000blfvAAA","","false"
"a2z8c000000egFXAAY","0058c00000BxeO9AAJ","false","O-000518","2023-09-13T06:39:30.000Z","0058c00000BxeO9AAJ","2025-07-10T00:09:48.000Z","0058c00000BxeO9AAJ","2025-07-10T00:09:48.000Z","","","Checked","1.0","a308c000000dYRrAAM","a2t3g000000blfwAAA","","false"
"a2z8c000000egFYAAY","0058c00000BxeO9AAJ","false","O-000519","2023-09-13T06:39:30.000Z","0058c00000BxeO9AAJ","2025-07-10T00:09:48.000Z","0058c00000BxeO9AAJ","2025-07-10T00:09:48.000Z","","","Yes","1.0","a308c000000dYRsAAM","a2t3g000000blfxAAA","","false"
"a2z8c000000egFZAAY","0058c00000BxeO9AAJ","false","O-000520","2023-09-13T06:39:31.000Z","0058c00000BxeO9AAJ","2025-07-10T00:09:48.000Z","0058c00000BxeO9AAJ","2025-07-10T00:09:48.000Z","","","No","2.0","a308c000000dYRsAAM","a2t3g000000blfyAAA","","false"
"a2z8c000000egFaAAI","0058c00000BxeO9AAJ","false","O-000521","2023-09-13T06:39:31.000Z","0058c00000BxeO9AAJ","2025-07-10T00:09:48.000Z","0058c00000BxeO9AAJ","2025-07-10T00:09:48.000Z","","","Yes","1.0","a308c000000dYRtAAM","a2t3g000000blfzAAA","","false"
"a2z8c000000egFbAAI","0058c00000BxeO9AAJ","false","O-000522","2023-09-13T06:39:31.000Z","0058c00000BxeO9AAJ","2025-07-10T00:09:48.000Z","0058c00000BxeO9AAJ","2025-07-10T00:09:48.000Z","","","No","2.0","a308c000000dYRtAAM","a2t3g000000blg0AAA","","false"
"a2z8c000000egFcAAI","0058c00000BxeO9AAJ","false","O-000523","2023-09-13T06:39:31.000Z","0058c00000BxeO9AAJ","2025-07-10T00:09:48.000Z","0058c00000BxeO9AAJ","2025-07-10T00:09:48.000Z","","","4-7 a year","2.0","a308c000000dYR5AAM","a2t3g000000blg1AAA","","false"
"a2z8c000000egFdAAI","0058c00000BxeO9AAJ","false","O-000524","2023-09-13T06:39:31.000Z","0058c00000BxeO9AAJ","2025-07-10T00:09:48.000Z","0058c00000BxeO9AAJ","2025-07-10T00:09:48.000Z","","","more than 7 a year","3.0","a308c000000dYR5AAM","a2t3g000000blg2AAA","","false"
"a2z8c000000egFeAAI","0058c00000BxeO9AAJ","false","O-000525","2023-09-13T06:39:31.000Z","0058c00000BxeO9AAJ","2025-07-10T00:09:48.000Z","0058c00000BxeO9AAJ","2025-07-10T00:09:48.000Z","","","Yes","1.0","a308c000000dYRuAAM","a2t3g000000blg3AAA","","false"
"a2z8c000000egFfAAI","0058c00000BxeO9AAJ","false","O-000526","2023-09-13T06:39:31.000Z","0058c00000BxeO9AAJ","2025-07-10T00:09:48.000Z","0058c00000BxeO9AAJ","2025-07-10T00:09:48.000Z","","","No","2.0","a308c000000dYRuAAM","a2t3g000000blg4AAA","","false"
"a2z8c000000egFgAAI","0058c00000BxeO9AAJ","false","O-000527","2023-09-13T06:39:31.000Z","0058c00000BxeO9AAJ","2025-07-10T00:09:48.000Z","0058c00000BxeO9AAJ","2025-07-10T00:09:48.000Z","","","Turks & Caicos Islands","186.0","a308c000000dYR7AAM","a2t3g000000bljJAAQ","","false"
"a2z8c000000egFhAAI","0058c00000BxeO9AAJ","false","O-000528","2023-09-13T06:39:31.000Z","0058c00000BxeO9AAJ","2025-07-10T00:09:48.000Z","0058c00000BxeO9AAJ","2025-07-10T00:09:48.000Z","","","Uganda","187.0","a308c000000dYR7AAM","a2t3g000000bljKAAQ","","false"
"a2z8c000000egFiAAI","0058c00000BxeO9AAJ","false","O-000529","2023-09-13T06:39:31.000Z","0058c00000BxeO9AAJ","2025-07-10T00:09:48.000Z","0058c00000BxeO9AAJ","2025-07-10T00:09:48.000Z","","","Ukraine","188.0","a308c000000dYR7AAM","a2t3g000000bljLAAQ","","false"
"a2z8c000000egFjAAI","0058c00000BxeO9AAJ","false","O-000530","2023-09-13T06:39:31.000Z","0058c00000BxeO9AAJ","2025-07-10T00:09:48.000Z","0058c00000BxeO9AAJ","2025-07-10T00:09:48.000Z","","","United Arab Emirates","189.0","a308c000000dYR7AAM","a2t3g000000bljMAAQ","","false"
"a2z8c000000egFkAAI","0058c00000BxeO9AAJ","false","O-000531","2023-09-13T06:39:31.000Z","0058c00000BxeO9AAJ","2025-07-10T00:09:48.000Z","0058c00000BxeO9AAJ","2025-07-10T00:09:48.000Z","","","United States of America (USA)","190.0","a308c000000dYR7AAM","a2t3g000000bljNAAQ","","false"
"a2z8c000000egFlAAI","0058c00000BxeO9AAJ","false","O-000532","2023-09-13T06:39:31.000Z","0058c00000BxeO9AAJ","2025-07-10T00:09:48.000Z","0058c00000BxeO9AAJ","2025-07-10T00:09:48.000Z","","","Uruguay","191.0","a308c000000dYR7AAM","a2t3g000000bljOAAQ","","false"
"a2z8c000000egFmAAI","0058c00000BxeO9AAJ","false","O-000533","2023-09-13T06:39:31.000Z","0058c00000BxeO9AAJ","2025-07-10T00:09:48.000Z","0058c00000BxeO9AAJ","2025-07-10T00:09:48.000Z","","","Uzbekistan","192.0","a308c000000dYR7AAM","a2t3g000000bljPAAQ","","false"
"a2z8c000000egFnAAI","0058c00000BxeO9AAJ","false","O-000534","2023-09-13T06:39:31.000Z","0058c00000BxeO9AAJ","2025-07-10T00:09:48.000Z","0058c00000BxeO9AAJ","2025-07-10T00:09:48.000Z","","","Venezuela","193.0","a308c000000dYR7AAM","a2t3g000000bljQAAQ","","false"
"a2z8c000000egFoAAI","0058c00000BxeO9AAJ","false","O-000535","2023-09-13T06:39:31.000Z","0058c00000BxeO9AAJ","2025-07-10T00:09:48.000Z","0058c00000BxeO9AAJ","2025-07-10T00:09:48.000Z","","","Vietnam","194.0","a308c000000dYR7AAM","a2t3g000000bljRAAQ","","false"
"a2z8c000000egFpAAI","0058c00000BxeO9AAJ","false","O-000536","2023-09-13T06:39:31.000Z","0058c00000BxeO9AAJ","2025-07-10T00:09:48.000Z","0058c00000BxeO9AAJ","2025-07-10T00:09:48.000Z","","","Virgin Islands (UK)","195.0","a308c000000dYR7AAM","a2t3g000000bljSAAQ","","false"
"a2z8c000000egFqAAI","0058c00000BxeO9AAJ","false","O-000537","2023-09-13T06:39:31.000Z","0058c00000BxeO9AAJ","2025-07-10T00:09:48.000Z","0058c00000BxeO9AAJ","2025-07-10T00:09:48.000Z","","","Virgin Islands (US)","196.0","a308c000000dYR7AAM","a2t3g000000bljTAAQ","","false"
"a2z8c000000egFrAAI","0058c00000BxeO9AAJ","false","O-000538","2023-09-13T06:39:31.000Z","0058c00000BxeO9AAJ","2025-07-10T00:09:48.000Z","0058c00000BxeO9AAJ","2025-07-10T00:09:48.000Z","","","Yemen","197.0","a308c000000dYR7AAM","a2t3g000000bljUAAQ","","false"
"a2z8c000000egFsAAI","0058c00000BxeO9AAJ","false","O-000539","2023-09-13T06:39:31.000Z","0058c00000BxeO9AAJ","2025-07-10T00:09:48.000Z","0058c00000BxeO9AAJ","2025-07-10T00:09:48.000Z","","","Zambia","198.0","a308c000000dYR7AAM","a2t3g000000bljVAAQ","","false"
"a2z8c000000egFtAAI","0058c00000BxeO9AAJ","false","O-000540","2023-09-13T06:39:31.000Z","0058c00000BxeO9AAJ","2025-07-10T00:09:48.000Z","0058c00000BxeO9AAJ","2025-07-10T00:09:48.000Z","","","Zimbabwe","199.0","a308c000000dYR7AAM","a2t3g000000bljWAAQ","","false"
"a2z8c000000egFuAAI","0058c00000BxeO9AAJ","false","O-000541","2023-09-13T06:39:31.000Z","0058c00000BxeO9AAJ","2025-07-10T00:09:48.000Z","0058c00000BxeO9AAJ","2025-07-10T00:09:48.000Z","","","Afghanistan","1.0","a308c000000dYRcAAM","a2t3g000000bljXAAQ","","false"
"a2z8c000000egFvAAI","0058c00000BxeO9AAJ","false","O-000542","2023-09-13T06:39:31.000Z","0058c00000BxeO9AAJ","2025-07-10T00:09:48.000Z","0058c00000BxeO9AAJ","2025-07-10T00:09:48.000Z","","","Albania","2.0","a308c000000dYRcAAM","a2t3g000000bljYAAQ","","false"
"a2z8c000000egFwAAI","0058c00000BxeO9AAJ","false","O-000543","2023-09-13T06:39:31.000Z","0058c00000BxeO9AAJ","2025-07-10T00:09:48.000Z","0058c00000BxeO9AAJ","2025-07-10T00:09:48.000Z","","","Algeria","3.0","a308c000000dYRcAAM","a2t3g000000bljZAAQ","","false"
"a2z8c000000egFxAAI","0058c00000BxeO9AAJ","false","O-000544","2023-09-13T06:39:31.000Z","0058c00000BxeO9AAJ","2025-07-10T00:09:48.000Z","0058c00000BxeO9AAJ","2025-07-10T00:09:48.000Z","","","Andorra","4.0","a308c000000dYRcAAM","a2t3g000000bljaAAA","","false"
"a2z8c000000egFyAAI","0058c00000BxeO9AAJ","false","O-000545","2023-09-13T06:39:31.000Z","0058c00000BxeO9AAJ","2025-07-10T00:09:48.000Z","0058c00000BxeO9AAJ","2025-07-10T00:09:48.000Z","","","Angola","5.0","a308c000000dYRcAAM","a2t3g000000bljbAAA","","false"
"a2z8c000000egFzAAI","0058c00000BxeO9AAJ","false","O-000546","2023-09-13T06:39:31.000Z","0058c00000BxeO9AAJ","2025-07-10T00:09:48.000Z","0058c00000BxeO9AAJ","2025-07-10T00:09:48.000Z","","","Anguilla","6.0","a308c000000dYRcAAM","a2t3g000000bljcAAA","","false"
"a2z8c000000egG0AAI","0058c00000BxeO9AAJ","false","O-000547","2023-09-13T06:39:31.000Z","0058c00000BxeO9AAJ","2025-07-10T00:09:48.000Z","0058c00000BxeO9AAJ","2025-07-10T00:09:48.000Z","","","Antigua & Barbuda","7.0","a308c000000dYRcAAM","a2t3g000000bljdAAA","","false"
"a2z8c000000egG1AAI","0058c00000BxeO9AAJ","false","O-000548","2023-09-13T06:39:31.000Z","0058c00000BxeO9AAJ","2025-07-10T00:09:48.000Z","0058c00000BxeO9AAJ","2025-07-10T00:09:48.000Z","","","Argentina","8.0","a308c000000dYRcAAM","a2t3g000000bljeAAA","","false"
"a2z8c000000egG2AAI","0058c00000BxeO9AAJ","false","O-000549","2023-09-13T06:39:31.000Z","0058c00000BxeO9AAJ","2025-07-10T00:09:48.000Z","0058c00000BxeO9AAJ","2025-07-10T00:09:48.000Z","","","Armenia","9.0","a308c000000dYRcAAM","a2t3g000000bljfAAA","","false"
"a2z8c000000egG3AAI","0058c00000BxeO9AAJ","false","O-000550","2023-09-13T06:39:31.000Z","0058c00000BxeO9AAJ","2025-07-10T00:09:48.000Z","0058c00000BxeO9AAJ","2025-07-10T00:09:48.000Z","","","Australia","10.0","a308c000000dYRcAAM","a2t3g000000bljgAAA","","false"
"a2z8c000000egG4AAI","0058c00000BxeO9AAJ","false","O-000551","2023-09-13T06:39:31.000Z","0058c00000BxeO9AAJ","2025-07-10T00:09:48.000Z","0058c00000BxeO9AAJ","2025-07-10T00:09:48.000Z","","","Austria","11.0","a308c000000dYRcAAM","a2t3g000000bljhAAA","","false"
"a2z8c000000egG5AAI","0058c00000BxeO9AAJ","false","O-000552","2023-09-13T06:39:31.000Z","0058c00000BxeO9AAJ","2025-07-10T00:09:48.000Z","0058c00000BxeO9AAJ","2025-07-10T00:09:48.000Z","","","Azerbaijan","12.0","a308c000000dYRcAAM","a2t3g000000bljiAAA","","false"
"a2z8c000000egG6AAI","0058c00000BxeO9AAJ","false","O-000553","2023-09-13T06:39:31.000Z","0058c00000BxeO9AAJ","2025-07-10T00:09:48.000Z","0058c00000BxeO9AAJ","2025-07-10T00:09:48.000Z","","","Bahamas","13.0","a308c000000dYRcAAM","a2t3g000000bljjAAA","","false"
"a2z8c000000egG7AAI","0058c00000BxeO9AAJ","false","O-000554","2023-09-13T06:39:31.000Z","0058c00000BxeO9AAJ","2025-07-10T00:09:48.000Z","0058c00000BxeO9AAJ","2025-07-10T00:09:48.000Z","","","Bahrain","14.0","a308c000000dYRcAAM","a2t3g000000bljkAAA","","false"
"a2z8c000000egG8AAI","0058c00000BxeO9AAJ","false","O-000555","2023-09-13T06:39:31.000Z","0058c00000BxeO9AAJ","2025-07-10T00:09:48.000Z","0058c00000BxeO9AAJ","2025-07-10T00:09:48.000Z","","","Bangladesh","15.0","a308c000000dYRcAAM","a2t3g000000bljlAAA","","false"
"a2z8c000000egG9AAI","0058c00000BxeO9AAJ","false","O-000556","2023-09-13T06:39:31.000Z","0058c00000BxeO9AAJ","2025-07-10T00:09:48.000Z","0058c00000BxeO9AAJ","2025-07-10T00:09:48.000Z","","","Barbados","16.0","a308c000000dYRcAAM","a2t3g000000bljmAAA","","false"
"a2z8c000000egGAAAY","0058c00000BxeO9AAJ","false","O-000557","2023-09-13T06:39:31.000Z","0058c00000BxeO9AAJ","2025-07-10T00:09:48.000Z","0058c00000BxeO9AAJ","2025-07-10T00:09:48.000Z","","","Belarus","17.0","a308c000000dYRcAAM","a2t3g000000bljnAAA","","false"
"a2z8c000000egGBAAY","0058c00000BxeO9AAJ","false","O-000558","2023-09-13T06:39:31.000Z","0058c00000BxeO9AAJ","2025-07-10T00:09:48.000Z","0058c00000BxeO9AAJ","2025-07-10T00:09:48.000Z","","","Belgium","18.0","a308c000000dYRcAAM","a2t3g000000bljoAAA","","false"
"a2z8c000000egGCAAY","0058c00000BxeO9AAJ","false","O-000559","2023-09-13T06:39:31.000Z","0058c00000BxeO9AAJ","2025-07-10T00:09:48.000Z","0058c00000BxeO9AAJ","2025-07-10T00:09:48.000Z","","","Belize","19.0","a308c000000dYRcAAM","a2t3g000000bljpAAA","","false"
"a2z8c000000egGDAAY","0058c00000BxeO9AAJ","false","O-000560","2023-09-13T06:39:31.000Z","0058c00000BxeO9AAJ","2025-07-10T00:09:48.000Z","0058c00000BxeO9AAJ","2025-07-10T00:09:48.000Z","","","Benin","20.0","a308c000000dYRcAAM","a2t3g000000bljqAAA","","false"
"a2z8c000000egGEAAY","0058c00000BxeO9AAJ","false","O-000561","2023-09-13T06:39:31.000Z","0058c00000BxeO9AAJ","2025-07-10T00:09:48.000Z","0058c00000BxeO9AAJ","2025-07-10T00:09:48.000Z","","","Bermuda","21.0","a308c000000dYRcAAM","a2t3g000000bljrAAA","","false"
"a2z8c000000egGFAAY","0058c00000BxeO9AAJ","false","O-000562","2023-09-13T06:39:31.000Z","0058c00000BxeO9AAJ","2025-07-10T00:09:48.000Z","0058c00000BxeO9AAJ","2025-07-10T00:09:48.000Z","","","Bhutan","22.0","a308c000000dYRcAAM","a2t3g000000bljsAAA","","false"
"a2z8c000000egGGAAY","0058c00000BxeO9AAJ","false","O-000563","2023-09-13T06:39:31.000Z","0058c00000BxeO9AAJ","2025-07-10T00:09:48.000Z","0058c00000BxeO9AAJ","2025-07-10T00:09:48.000Z","","","Bolivia","23.0","a308c000000dYRcAAM","a2t3g000000bljtAAA","","false"
"a2z8c000000egGHAAY","0058c00000BxeO9AAJ","false","O-000564","2023-09-13T06:39:31.000Z","0058c00000BxeO9AAJ","2025-07-10T00:09:48.000Z","0058c00000BxeO9AAJ","2025-07-10T00:09:48.000Z","","","Bosnia & Herzegovina","24.0","a308c000000dYRcAAM","a2t3g000000bljuAAA","","false"
"a2z8c000000egGIAAY","0058c00000BxeO9AAJ","false","O-000565","2023-09-13T06:39:31.000Z","0058c00000BxeO9AAJ","2025-07-10T00:09:48.000Z","0058c00000BxeO9AAJ","2025-07-10T00:09:48.000Z","","","Botswana","25.0","a308c000000dYRcAAM","a2t3g000000bljvAAA","","false"
"a2z8c000000egGJAAY","0058c00000BxeO9AAJ","false","O-000566","2023-09-13T06:39:31.000Z","0058c00000BxeO9AAJ","2025-07-10T00:09:48.000Z","0058c00000BxeO9AAJ","2025-07-10T00:09:48.000Z","","","Brazil","26.0","a308c000000dYRcAAM","a2t3g000000bljwAAA","","false"
"a2z8c000000egGKAAY","0058c00000BxeO9AAJ","false","O-000567","2023-09-13T06:39:31.000Z","0058c00000BxeO9AAJ","2025-07-10T00:09:48.000Z","0058c00000BxeO9AAJ","2025-07-10T00:09:48.000Z","","","Brunei Darussalam","27.0","a308c000000dYRcAAM","a2t3g000000bljxAAA","","false"
"a2z8c000000egGLAAY","0058c00000BxeO9AAJ","false","O-000568","2023-09-13T06:39:31.000Z","0058c00000BxeO9AAJ","2025-07-10T00:09:48.000Z","0058c00000BxeO9AAJ","2025-07-10T00:09:48.000Z","","","Bulgaria","28.0","a308c000000dYRcAAM","a2t3g000000bljyAAA","","false"
"a2z8c000000egGMAAY","0058c00000BxeO9AAJ","false","O-000569","2023-09-13T06:39:31.000Z","0058c00000BxeO9AAJ","2025-07-10T00:09:48.000Z","0058c00000BxeO9AAJ","2025-07-10T00:09:48.000Z","","","Burkina Faso","29.0","a308c000000dYRcAAM","a2t3g000000bljzAAA","","false"
"a2z8c000000egGNAAY","0058c00000BxeO9AAJ","false","O-000570","2023-09-13T06:39:31.000Z","0058c00000BxeO9AAJ","2025-07-10T00:09:48.000Z","0058c00000BxeO9AAJ","2025-07-10T00:09:48.000Z","","","Burundi","30.0","a308c000000dYRcAAM","a2t3g000000blk0AAA","","false"
"a2z8c000000egGOAAY","0058c00000BxeO9AAJ","false","O-000571","2023-09-13T06:39:31.000Z","0058c00000BxeO9AAJ","2025-07-10T00:09:48.000Z","0058c00000BxeO9AAJ","2025-07-10T00:09:48.000Z","","","Cambodia","31.0","a308c000000dYRcAAM","a2t3g000000blk1AAA","","false"
"a2z8c000000egGPAAY","0058c00000BxeO9AAJ","false","O-000572","2023-09-13T06:39:31.000Z","0058c00000BxeO9AAJ","2025-07-10T00:09:48.000Z","0058c00000BxeO9AAJ","2025-07-10T00:09:48.000Z","","","Cameroon","32.0","a308c000000dYRcAAM","a2t3g000000blk2AAA","","false"
"a2z8c000000egGQAAY","0058c00000BxeO9AAJ","false","O-000573","2023-09-13T06:39:31.000Z","0058c00000BxeO9AAJ","2025-07-10T00:09:48.000Z","0058c00000BxeO9AAJ","2025-07-10T00:09:48.000Z","","","Canada","33.0","a308c000000dYRcAAM","a2t3g000000blk3AAA","","false"
"a2z8c000000egGRAAY","0058c00000BxeO9AAJ","false","O-000574","2023-09-13T06:39:31.000Z","0058c00000BxeO9AAJ","2025-07-10T00:09:48.000Z","0058c00000BxeO9AAJ","2025-07-10T00:09:48.000Z","","","Cape Verde","34.0","a308c000000dYRcAAM","a2t3g000000blk4AAA","","false"
"a2z8c000000egGSAAY","0058c00000BxeO9AAJ","false","O-000575","2023-09-13T06:39:31.000Z","0058c00000BxeO9AAJ","2025-07-10T00:09:48.000Z","0058c00000BxeO9AAJ","2025-07-10T00:09:48.000Z","","","Cayman Islands","35.0","a308c000000dYRcAAM","a2t3g000000blk5AAA","","false"
"a2z8c000000egGTAAY","0058c00000BxeO9AAJ","false","O-000576","2023-09-13T06:39:31.000Z","0058c00000BxeO9AAJ","2025-07-10T00:09:48.000Z","0058c00000BxeO9AAJ","2025-07-10T00:09:48.000Z","","","Central African Republic","36.0","a308c000000dYRcAAM","a2t3g000000blk6AAA","","false"
"a2z8c000000egGUAAY","0058c00000BxeO9AAJ","false","O-000577","2023-09-13T06:39:31.000Z","0058c00000BxeO9AAJ","2025-07-10T00:09:48.000Z","0058c00000BxeO9AAJ","2025-07-10T00:09:48.000Z","","","Chad","37.0","a308c000000dYRcAAM","a2t3g000000blk7AAA","","false"
"a2z8c000000egGVAAY","0058c00000BxeO9AAJ","false","O-000578","2023-09-13T06:39:31.000Z","0058c00000BxeO9AAJ","2025-07-10T00:09:48.000Z","0058c00000BxeO9AAJ","2025-07-10T00:09:48.000Z","","","Chile","38.0","a308c000000dYRcAAM","a2t3g000000blk8AAA","","false"
"a2z8c000000egGWAAY","0058c00000BxeO9AAJ","false","O-000579","2023-09-13T06:39:31.000Z","0058c00000BxeO9AAJ","2025-07-10T00:09:48.000Z","0058c00000BxeO9AAJ","2025-07-10T00:09:48.000Z","","","China","39.0","a308c000000dYRcAAM","a2t3g000000blk9AAA","","false"
"a2z8c000000egGXAAY","0058c00000BxeO9AAJ","false","O-000580","2023-09-13T06:39:31.000Z","0058c00000BxeO9AAJ","2025-07-10T00:09:48.000Z","0058c00000BxeO9AAJ","2025-07-10T00:09:48.000Z","","","China - Hong Kong / Macau","40.0","a308c000000dYRcAAM","a2t3g000000blkAAAQ","","false"
"a2z8c000000egGYAAY","0058c00000BxeO9AAJ","false","O-000581","2023-09-13T06:39:31.000Z","0058c00000BxeO9AAJ","2025-07-10T00:09:48.000Z","0058c00000BxeO9AAJ","2025-07-10T00:09:48.000Z","","","Colombia","41.0","a308c000000dYRcAAM","a2t3g000000blkBAAQ","","false"
"a2z8c000000egGZAAY","0058c00000BxeO9AAJ","false","O-000582","2023-09-13T06:39:31.000Z","0058c00000BxeO9AAJ","2025-07-10T00:09:48.000Z","0058c00000BxeO9AAJ","2025-07-10T00:09:48.000Z","","","Comoros","42.0","a308c000000dYRcAAM","a2t3g000000blkCAAQ","","false"
"a2z8c000000egGaAAI","0058c00000BxeO9AAJ","false","O-000583","2023-09-13T06:39:31.000Z","0058c00000BxeO9AAJ","2025-07-10T00:09:48.000Z","0058c00000BxeO9AAJ","2025-07-10T00:09:48.000Z","","","Congo","43.0","a308c000000dYRcAAM","a2t3g000000blkDAAQ","","false"
"a2z8c000000egGbAAI","0058c00000BxeO9AAJ","false","O-000584","2023-09-13T06:39:31.000Z","0058c00000BxeO9AAJ","2025-07-10T00:09:48.000Z","0058c00000BxeO9AAJ","2025-07-10T00:09:48.000Z","","","Congo, Democratic Republic of (DRC)","44.0","a308c000000dYRcAAM","a2t3g000000blkEAAQ","","false"
"a2z8c000000egGcAAI","0058c00000BxeO9AAJ","false","O-000585","2023-09-13T06:39:31.000Z","0058c00000BxeO9AAJ","2025-07-10T00:09:48.000Z","0058c00000BxeO9AAJ","2025-07-10T00:09:48.000Z","","","Costa Rica","45.0","a308c000000dYRcAAM","a2t3g000000blkFAAQ","","false"
"a2z8c000000egGdAAI","0058c00000BxeO9AAJ","false","O-000586","2023-09-13T06:39:31.000Z","0058c00000BxeO9AAJ","2025-07-10T00:09:48.000Z","0058c00000BxeO9AAJ","2025-07-10T00:09:48.000Z","","","Croatia","46.0","a308c000000dYRcAAM","a2t3g000000blkGAAQ","","false"
"a2z8c000000egGeAAI","0058c00000BxeO9AAJ","false","O-000587","2023-09-13T06:39:31.000Z","0058c00000BxeO9AAJ","2025-07-10T00:09:48.000Z","0058c00000BxeO9AAJ","2025-07-10T00:09:48.000Z","","","Cuba","47.0","a308c000000dYRcAAM","a2t3g000000blkHAAQ","","false"
"a2z8c000000egGfAAI","0058c00000BxeO9AAJ","false","O-000588","2023-09-13T06:39:31.000Z","0058c00000BxeO9AAJ","2025-07-10T00:09:48.000Z","0058c00000BxeO9AAJ","2025-07-10T00:09:48.000Z","","","Cyprus","48.0","a308c000000dYRcAAM","a2t3g000000blkIAAQ","","false"
"a2z8c000000egGgAAI","0058c00000BxeO9AAJ","false","O-000589","2023-09-13T06:39:31.000Z","0058c00000BxeO9AAJ","2025-07-10T00:09:48.000Z","0058c00000BxeO9AAJ","2025-07-10T00:09:48.000Z","","","Czech Republic","49.0","a308c000000dYRcAAM","a2t3g000000blkJAAQ","","false"
"a2z8c000000egGhAAI","0058c00000BxeO9AAJ","false","O-000590","2023-09-13T06:39:31.000Z","0058c00000BxeO9AAJ","2025-07-10T00:09:48.000Z","0058c00000BxeO9AAJ","2025-07-10T00:09:48.000Z","","","Denmark","50.0","a308c000000dYRcAAM","a2t3g000000blkKAAQ","","false"
"a2z8c000000egGiAAI","0058c00000BxeO9AAJ","false","O-000591","2023-09-13T06:39:31.000Z","0058c00000BxeO9AAJ","2025-07-10T00:09:48.000Z","0058c00000BxeO9AAJ","2025-07-10T00:09:48.000Z","","","Djibouti","51.0","a308c000000dYRcAAM","a2t3g000000blkLAAQ","","false"
"a2z8c000000egGjAAI","0058c00000BxeO9AAJ","false","O-000592","2023-09-13T06:39:31.000Z","0058c00000BxeO9AAJ","2025-07-10T00:09:48.000Z","0058c00000BxeO9AAJ","2025-07-10T00:09:48.000Z","","","Dominica","52.0","a308c000000dYRcAAM","a2t3g000000blkMAAQ","","false"
"a2z8c000000egGkAAI","0058c00000BxeO9AAJ","false","O-000593","2023-09-13T06:39:31.000Z","0058c00000BxeO9AAJ","2025-07-10T00:09:48.000Z","0058c00000BxeO9AAJ","2025-07-10T00:09:48.000Z","","","Dominican Republic","53.0","a308c000000dYRcAAM","a2t3g000000blkNAAQ","","false"
"a2z8c000000egGlAAI","0058c00000BxeO9AAJ","false","O-000594","2023-09-13T06:39:31.000Z","0058c00000BxeO9AAJ","2025-07-10T00:09:48.000Z","0058c00000BxeO9AAJ","2025-07-10T00:09:48.000Z","","","Ecuador","54.0","a308c000000dYRcAAM","a2t3g000000blkOAAQ","","false"
"a2z8c000000egGmAAI","0058c00000BxeO9AAJ","false","O-000595","2023-09-13T06:39:31.000Z","0058c00000BxeO9AAJ","2025-07-10T00:09:48.000Z","0058c00000BxeO9AAJ","2025-07-10T00:09:48.000Z","","","Egypt","55.0","a308c000000dYRcAAM","a2t3g000000blkPAAQ","","false"
"a2z8c000000egGnAAI","0058c00000BxeO9AAJ","false","O-000596","2023-09-13T06:39:31.000Z","0058c00000BxeO9AAJ","2025-07-10T00:09:48.000Z","0058c00000BxeO9AAJ","2025-07-10T00:09:48.000Z","","","El Salvador","56.0","a308c000000dYRcAAM","a2t3g000000blkQAAQ","","false"
"a2z8c000000egGoAAI","0058c00000BxeO9AAJ","false","O-000597","2023-09-13T06:39:31.000Z","0058c00000BxeO9AAJ","2025-07-10T00:09:48.000Z","0058c00000BxeO9AAJ","2025-07-10T00:09:48.000Z","","","Equatorial Guinea","57.0","a308c000000dYRcAAM","a2t3g000000blkRAAQ","","false"
"a2z8c000000egGpAAI","0058c00000BxeO9AAJ","false","O-000598","2023-09-13T06:39:31.000Z","0058c00000BxeO9AAJ","2025-07-10T00:09:48.000Z","0058c00000BxeO9AAJ","2025-07-10T00:09:48.000Z","","","Eritrea","58.0","a308c000000dYRcAAM","a2t3g000000blkSAAQ","","false"
"a2z8c000000egGqAAI","0058c00000BxeO9AAJ","false","O-000599","2023-09-13T06:39:31.000Z","0058c00000BxeO9AAJ","2025-07-10T00:09:48.000Z","0058c00000BxeO9AAJ","2025-07-10T00:09:48.000Z","","","Estonia","59.0","a308c000000dYRcAAM","a2t3g000000blkTAAQ","","false"
"a2z8c000000egGrAAI","0058c00000BxeO9AAJ","false","O-000600","2023-09-13T06:39:31.000Z","0058c00000BxeO9AAJ","2025-07-10T00:09:48.000Z","0058c00000BxeO9AAJ","2025-07-10T00:09:48.000Z","","","Ethiopia","60.0","a308c000000dYRcAAM","a2t3g000000blkUAAQ","","false"
"a2z8c000000egGsAAI","0058c00000BxeO9AAJ","false","O-000601","2023-09-13T06:39:31.000Z","0058c00000BxeO9AAJ","2025-07-10T00:09:48.000Z","0058c00000BxeO9AAJ","2025-07-10T00:09:48.000Z","","","Fiji","61.0","a308c000000dYRcAAM","a2t3g000000blkVAAQ","","false"
"a2z8c000000egGtAAI","0058c00000BxeO9AAJ","false","O-000602","2023-09-13T06:39:31.000Z","0058c00000BxeO9AAJ","2025-07-10T00:09:48.000Z","0058c00000BxeO9AAJ","2025-07-10T00:09:48.000Z","","","Finland","62.0","a308c000000dYRcAAM","a2t3g000000blkWAAQ","","false"
"a2z8c000000egGuAAI","0058c00000BxeO9AAJ","false","O-000603","2023-09-13T06:39:31.000Z","0058c00000BxeO9AAJ","2025-07-10T00:09:48.000Z","0058c00000BxeO9AAJ","2025-07-10T00:09:48.000Z","","","Puerto Rico","145.0","a308c000000dYR7AAM","a2t3g000000blieAAA","","false"
"a2z8c000000egGvAAI","0058c00000BxeO9AAJ","false","O-000604","2023-09-13T06:39:31.000Z","0058c00000BxeO9AAJ","2025-07-10T00:09:48.000Z","0058c00000BxeO9AAJ","2025-07-10T00:09:48.000Z","","","Qatar","146.0","a308c000000dYR7AAM","a2t3g000000blifAAA","","false"
"a2z8c000000egGwAAI","0058c00000BxeO9AAJ","false","O-000605","2023-09-13T06:39:31.000Z","0058c00000BxeO9AAJ","2025-07-10T00:09:48.000Z","0058c00000BxeO9AAJ","2025-07-10T00:09:48.000Z","","","Reunion","147.0","a308c000000dYR7AAM","a2t3g000000bligAAA","","false"
"a2z8c000000egGxAAI","0058c00000BxeO9AAJ","false","O-000606","2023-09-13T06:39:31.000Z","0058c00000BxeO9AAJ","2025-07-10T00:09:48.000Z","0058c00000BxeO9AAJ","2025-07-10T00:09:48.000Z","","","Romania","148.0","a308c000000dYR7AAM","a2t3g000000blihAAA","","false"
"a2z8c000000egGyAAI","0058c00000BxeO9AAJ","false","O-000607","2023-09-13T06:39:31.000Z","0058c00000BxeO9AAJ","2025-07-10T00:09:48.000Z","0058c00000BxeO9AAJ","2025-07-10T00:09:48.000Z","","","Russian Federation","149.0","a308c000000dYR7AAM","a2t3g000000bliiAAA","","false"
"a2z8c000000egGzAAI","0058c00000BxeO9AAJ","false","O-000608","2023-09-13T06:39:31.000Z","0058c00000BxeO9AAJ","2025-07-10T00:09:48.000Z","0058c00000BxeO9AAJ","2025-07-10T00:09:48.000Z","","","Rwanda","150.0","a308c000000dYR7AAM","a2t3g000000blijAAA","","false"
"a2z8c000000egH0AAI","0058c00000BxeO9AAJ","false","O-000609","2023-09-13T06:39:31.000Z","0058c00000BxeO9AAJ","2025-07-10T00:09:48.000Z","0058c00000BxeO9AAJ","2025-07-10T00:09:48.000Z","","","Saint Kitts and Nevis","151.0","a308c000000dYR7AAM","a2t3g000000blikAAA","","false"
"a2z8c000000egH1AAI","0058c00000BxeO9AAJ","false","O-000610","2023-09-13T06:39:31.000Z","0058c00000BxeO9AAJ","2025-07-10T00:09:48.000Z","0058c00000BxeO9AAJ","2025-07-10T00:09:48.000Z","","","Saint Lucia","152.0","a308c000000dYR7AAM","a2t3g000000blilAAA","","false"
"a2z8c000000egH2AAI","0058c00000BxeO9AAJ","false","O-000611","2023-09-13T06:39:31.000Z","0058c00000BxeO9AAJ","2025-07-10T00:09:48.000Z","0058c00000BxeO9AAJ","2025-07-10T00:09:48.000Z","","","Saint Vincent and the Grenadines","153.0","a308c000000dYR7AAM","a2t3g000000blimAAA","","false"
"a2z8c000000egH3AAI","0058c00000BxeO9AAJ","false","O-000612","2023-09-13T06:39:31.000Z","0058c00000BxeO9AAJ","2025-07-10T00:09:48.000Z","0058c00000BxeO9AAJ","2025-07-10T00:09:48.000Z","","","Samoa","154.0","a308c000000dYR7AAM","a2t3g000000blinAAA","","false"
"a2z8c000000egH4AAI","0058c00000BxeO9AAJ","false","O-000613","2023-09-13T06:39:31.000Z","0058c00000BxeO9AAJ","2025-07-10T00:09:48.000Z","0058c00000BxeO9AAJ","2025-07-10T00:09:48.000Z","","","Sao Tome and Principe","155.0","a308c000000dYR7AAM","a2t3g000000blioAAA","","false"
"a2z8c000000egH5AAI","0058c00000BxeO9AAJ","false","O-000614","2023-09-13T06:39:31.000Z","0058c00000BxeO9AAJ","2025-07-10T00:09:48.000Z","0058c00000BxeO9AAJ","2025-07-10T00:09:48.000Z","","","Saudi Arabia","156.0","a308c000000dYR7AAM","a2t3g000000blipAAA","","false"
"a2z8c000000egH6AAI","0058c00000BxeO9AAJ","false","O-000615","2023-09-13T06:39:31.000Z","0058c00000BxeO9AAJ","2025-07-10T00:09:48.000Z","0058c00000BxeO9AAJ","2025-07-10T00:09:48.000Z","","","Senegal","157.0","a308c000000dYR7AAM","a2t3g000000bliqAAA","","false"
"a2z8c000000egH7AAI","0058c00000BxeO9AAJ","false","O-000616","2023-09-13T06:39:31.000Z","0058c00000BxeO9AAJ","2025-07-10T00:09:48.000Z","0058c00000BxeO9AAJ","2025-07-10T00:09:48.000Z","","","Serbia","158.0","a308c000000dYR7AAM","a2t3g000000blirAAA","","false"
"a2z8c000000egH8AAI","0058c00000BxeO9AAJ","false","O-000617","2023-09-13T06:39:31.000Z","0058c00000BxeO9AAJ","2025-07-10T00:09:48.000Z","0058c00000BxeO9AAJ","2025-07-10T00:09:48.000Z","","","Seychelles","159.0","a308c000000dYR7AAM","a2t3g000000blisAAA","","false"
"a2z8c000000egH9AAI","0058c00000BxeO9AAJ","false","O-000618","2023-09-13T06:39:31.000Z","0058c00000BxeO9AAJ","2025-07-10T00:09:48.000Z","0058c00000BxeO9AAJ","2025-07-10T00:09:48.000Z","","","Sierra Leone","160.0","a308c000000dYR7AAM","a2t3g000000blitAAA","","false"
"a2z8c000000egHAAAY","0058c00000BxeO9AAJ","false","O-000619","2023-09-13T06:39:31.000Z","0058c00000BxeO9AAJ","2025-07-10T00:09:48.000Z","0058c00000BxeO9AAJ","2025-07-10T00:09:48.000Z","","","Singapore","161.0","a308c000000dYR7AAM","a2t3g000000bliuAAA","","false"
"a2z8c000000egHBAAY","0058c00000BxeO9AAJ","false","O-000620","2023-09-13T06:39:32.000Z","0058c00000BxeO9AAJ","2025-07-10T00:09:48.000Z","0058c00000BxeO9AAJ","2025-07-10T00:09:48.000Z","","","Slovak Republic (Slovakia)","162.0","a308c000000dYR7AAM","a2t3g000000blivAAA","","false"
"a2z8c000000egHCAAY","0058c00000BxeO9AAJ","false","O-000621","2023-09-13T06:39:32.000Z","0058c00000BxeO9AAJ","2025-07-10T00:09:48.000Z","0058c00000BxeO9AAJ","2025-07-10T00:09:48.000Z","","","Slovenia","163.0","a308c000000dYR7AAM","a2t3g000000bliwAAA","","false"
"a2z8c000000egHDAAY","0058c00000BxeO9AAJ","false","O-000622","2023-09-13T06:39:32.000Z","0058c00000BxeO9AAJ","2025-07-10T00:09:48.000Z","0058c00000BxeO9AAJ","2025-07-10T00:09:48.000Z","","","Solomon Islands","164.0","a308c000000dYR7AAM","a2t3g000000blixAAA","","false"
"a2z8c000000egHEAAY","0058c00000BxeO9AAJ","false","O-000623","2023-09-13T06:39:32.000Z","0058c00000BxeO9AAJ","2025-07-10T00:09:48.000Z","0058c00000BxeO9AAJ","2025-07-10T00:09:48.000Z","","","Somalia","165.0","a308c000000dYR7AAM","a2t3g000000bliyAAA","","false"
"a2z8c000000egHFAAY","0058c00000BxeO9AAJ","false","O-000624","2023-09-13T06:39:32.000Z","0058c00000BxeO9AAJ","2025-07-10T00:09:48.000Z","0058c00000BxeO9AAJ","2025-07-10T00:09:48.000Z","","","South Africa","166.0","a308c000000dYR7AAM","a2t3g000000blizAAA","","false"
"a2z8c000000egHGAAY","0058c00000BxeO9AAJ","false","O-000625","2023-09-13T06:39:32.000Z","0058c00000BxeO9AAJ","2025-07-10T00:09:48.000Z","0058c00000BxeO9AAJ","2025-07-10T00:09:48.000Z","","","South Sudan","167.0","a308c000000dYR7AAM","a2t3g000000blj0AAA","","false"
"a2z8c000000egHHAAY","0058c00000BxeO9AAJ","false","O-000626","2023-09-13T06:39:32.000Z","0058c00000BxeO9AAJ","2025-07-10T00:09:48.000Z","0058c00000BxeO9AAJ","2025-07-10T00:09:48.000Z","","","Spain","168.0","a308c000000dYR7AAM","a2t3g000000blj1AAA","","false"
"a2z8c000000egHIAAY","0058c00000BxeO9AAJ","false","O-000627","2023-09-13T06:39:32.000Z","0058c00000BxeO9AAJ","2025-07-10T00:09:48.000Z","0058c00000BxeO9AAJ","2025-07-10T00:09:48.000Z","","","Sri Lanka","169.0","a308c000000dYR7AAM","a2t3g000000blj2AAA","","false"
"a2z8c000000egHJAAY","0058c00000BxeO9AAJ","false","O-000628","2023-09-13T06:39:32.000Z","0058c00000BxeO9AAJ","2025-07-10T00:09:48.000Z","0058c00000BxeO9AAJ","2025-07-10T00:09:48.000Z","","","Sudan","170.0","a308c000000dYR7AAM","a2t3g000000blj3AAA","","false"
"a2z8c000000egHKAAY","0058c00000BxeO9AAJ","false","O-000629","2023-09-13T06:39:32.000Z","0058c00000BxeO9AAJ","2025-07-10T00:09:48.000Z","0058c00000BxeO9AAJ","2025-07-10T00:09:48.000Z","","","Suriname","171.0","a308c000000dYR7AAM","a2t3g000000blj4AAA","","false"
"a2z8c000000egHLAAY","0058c00000BxeO9AAJ","false","O-000630","2023-09-13T06:39:32.000Z","0058c00000BxeO9AAJ","2025-07-10T00:09:48.000Z","0058c00000BxeO9AAJ","2025-07-10T00:09:48.000Z","","","Swaziland","172.0","a308c000000dYR7AAM","a2t3g000000blj5AAA","","false"
"a2z8c000000egHMAAY","0058c00000BxeO9AAJ","false","O-000631","2023-09-13T06:39:32.000Z","0058c00000BxeO9AAJ","2025-07-10T00:09:48.000Z","0058c00000BxeO9AAJ","2025-07-10T00:09:48.000Z","","","Sweden","173.0","a308c000000dYR7AAM","a2t3g000000blj6AAA","","false"
"a2z8c000000egHNAAY","0058c00000BxeO9AAJ","false","O-000632","2023-09-13T06:39:32.000Z","0058c00000BxeO9AAJ","2025-07-10T00:09:48.000Z","0058c00000BxeO9AAJ","2025-07-10T00:09:48.000Z","","","Switzerland","174.0","a308c000000dYR7AAM","a2t3g000000blj7AAA","","false"
"a2z8c000000egHOAAY","0058c00000BxeO9AAJ","false","O-000633","2023-09-13T06:39:32.000Z","0058c00000BxeO9AAJ","2025-07-10T00:09:48.000Z","0058c00000BxeO9AAJ","2025-07-10T00:09:48.000Z","","","Syria","175.0","a308c000000dYR7AAM","a2t3g000000blj8AAA","","false"
"a2z8c000000egHPAAY","0058c00000BxeO9AAJ","false","O-000634","2023-09-13T06:39:32.000Z","0058c00000BxeO9AAJ","2025-07-10T00:09:48.000Z","0058c00000BxeO9AAJ","2025-07-10T00:09:48.000Z","","","Tajikistan","176.0","a308c000000dYR7AAM","a2t3g000000blj9AAA","","false"
"a2z8c000000egHQAAY","0058c00000BxeO9AAJ","false","O-000635","2023-09-13T06:39:32.000Z","0058c00000BxeO9AAJ","2025-07-10T00:09:48.000Z","0058c00000BxeO9AAJ","2025-07-10T00:09:48.000Z","","","Tanzania","177.0","a308c000000dYR7AAM","a2t3g000000bljAAAQ","","false"
"a2z8c000000egHRAAY","0058c00000BxeO9AAJ","false","O-000636","2023-09-13T06:39:32.000Z","0058c00000BxeO9AAJ","2025-07-10T00:09:48.000Z","0058c00000BxeO9AAJ","2025-07-10T00:09:48.000Z","","","Thailand","178.0","a308c000000dYR7AAM","a2t3g000000bljBAAQ","","false"
"a2z8c000000egHSAAY","0058c00000BxeO9AAJ","false","O-000637","2023-09-13T06:39:32.000Z","0058c00000BxeO9AAJ","2025-07-10T00:09:48.000Z","0058c00000BxeO9AAJ","2025-07-10T00:09:48.000Z","","","Netherlands","179.0","a308c000000dYR7AAM","a2t3g000000bljCAAQ","","false"
"a2z8c000000egHTAAY","0058c00000BxeO9AAJ","false","O-000638","2023-09-13T06:39:32.000Z","0058c00000BxeO9AAJ","2025-07-10T00:09:48.000Z","0058c00000BxeO9AAJ","2025-07-10T00:09:48.000Z","","","Timor Leste","180.0","a308c000000dYR7AAM","a2t3g000000bljDAAQ","","false"
"a2z8c000000egHUAAY","0058c00000BxeO9AAJ","false","O-000639","2023-09-13T06:39:32.000Z","0058c00000BxeO9AAJ","2025-07-10T00:09:48.000Z","0058c00000BxeO9AAJ","2025-07-10T00:09:48.000Z","","","Togo","181.0","a308c000000dYR7AAM","a2t3g000000bljEAAQ","","false"
"a2z8c000000egHVAAY","0058c00000BxeO9AAJ","false","O-000640","2023-09-13T06:39:32.000Z","0058c00000BxeO9AAJ","2025-07-10T00:09:48.000Z","0058c00000BxeO9AAJ","2025-07-10T00:09:48.000Z","","","Trinidad & Tobago","182.0","a308c000000dYR7AAM","a2t3g000000bljFAAQ","","false"
"a2z8c000000egHWAAY","0058c00000BxeO9AAJ","false","O-000641","2023-09-13T06:39:32.000Z","0058c00000BxeO9AAJ","2025-07-10T00:09:48.000Z","0058c00000BxeO9AAJ","2025-07-10T00:09:48.000Z","","","Tunisia","183.0","a308c000000dYR7AAM","a2t3g000000bljGAAQ","","false"
"a2z8c000000egHXAAY","0058c00000BxeO9AAJ","false","O-000642","2023-09-13T06:39:32.000Z","0058c00000BxeO9AAJ","2025-07-10T00:09:48.000Z","0058c00000BxeO9AAJ","2025-07-10T00:09:48.000Z","","","Turkey","184.0","a308c000000dYR7AAM","a2t3g000000bljHAAQ","","false"
"a2z8c000000egHYAAY","0058c00000BxeO9AAJ","false","O-000643","2023-09-13T06:39:32.000Z","0058c00000BxeO9AAJ","2025-07-10T00:09:48.000Z","0058c00000BxeO9AAJ","2025-07-10T00:09:48.000Z","","","Turkmenistan","185.0","a308c000000dYR7AAM","a2t3g000000bljIAAQ","","false"
"a2z8c000000egHZAAY","0058c00000BxeO9AAJ","false","O-000644","2023-09-13T06:39:32.000Z","0058c00000BxeO9AAJ","2025-07-10T00:09:48.000Z","0058c00000BxeO9AAJ","2025-07-10T00:09:48.000Z","","","Israel and the Occupied Territories","86.0","a308c000000dYR7AAM","a2t3g000000blhhAAA","","false"
"a2z8c000000egHaAAI","0058c00000BxeO9AAJ","false","O-000645","2023-09-13T06:39:32.000Z","0058c00000BxeO9AAJ","2025-07-10T00:09:48.000Z","0058c00000BxeO9AAJ","2025-07-10T00:09:48.000Z","","","Italy","87.0","a308c000000dYR7AAM","a2t3g000000blhiAAA","","false"
"a2z8c000000egHbAAI","0058c00000BxeO9AAJ","false","O-000646","2023-09-13T06:39:32.000Z","0058c00000BxeO9AAJ","2025-07-10T00:09:48.000Z","0058c00000BxeO9AAJ","2025-07-10T00:09:48.000Z","","","Ivory Coast (Cote d'Ivoire)","88.0","a308c000000dYR7AAM","a2t3g000000blhjAAA","","false"
"a2z8c000000egHcAAI","0058c00000BxeO9AAJ","false","O-000647","2023-09-13T06:39:32.000Z","0058c00000BxeO9AAJ","2025-07-10T00:09:48.000Z","0058c00000BxeO9AAJ","2025-07-10T00:09:48.000Z","","","Jamaica","89.0","a308c000000dYR7AAM","a2t3g000000blhkAAA","","false"
"a2z8c000000egHdAAI","0058c00000BxeO9AAJ","false","O-000648","2023-09-13T06:39:32.000Z","0058c00000BxeO9AAJ","2025-07-10T00:09:48.000Z","0058c00000BxeO9AAJ","2025-07-10T00:09:48.000Z","","","Japan","90.0","a308c000000dYR7AAM","a2t3g000000blhlAAA","","false"
"a2z8c000000egHeAAI","0058c00000BxeO9AAJ","false","O-000649","2023-09-13T06:39:32.000Z","0058c00000BxeO9AAJ","2025-07-10T00:09:48.000Z","0058c00000BxeO9AAJ","2025-07-10T00:09:48.000Z","","","Jordan","91.0","a308c000000dYR7AAM","a2t3g000000blhmAAA","","false"
"a2z8c000000egHfAAI","0058c00000BxeO9AAJ","false","O-000650","2023-09-13T06:39:32.000Z","0058c00000BxeO9AAJ","2025-07-10T00:09:48.000Z","0058c00000BxeO9AAJ","2025-07-10T00:09:48.000Z","","","Kazakhstan","92.0","a308c000000dYR7AAM","a2t3g000000blhnAAA","","false"
"a2z8c000000egHgAAI","0058c00000BxeO9AAJ","false","O-000651","2023-09-13T06:39:32.000Z","0058c00000BxeO9AAJ","2025-07-10T00:09:48.000Z","0058c00000BxeO9AAJ","2025-07-10T00:09:48.000Z","","","Kenya","93.0","a308c000000dYR7AAM","a2t3g000000blhoAAA","","false"
"a2z8c000000egHhAAI","0058c00000BxeO9AAJ","false","O-000652","2023-09-13T06:39:32.000Z","0058c00000BxeO9AAJ","2025-07-10T00:09:48.000Z","0058c00000BxeO9AAJ","2025-07-10T00:09:48.000Z","","","Korea, Democratic Republic of (North Korea)","94.0","a308c000000dYR7AAM","a2t3g000000blhpAAA","","false"
"a2z8c000000egHiAAI","0058c00000BxeO9AAJ","false","O-000653","2023-09-13T06:39:32.000Z","0058c00000BxeO9AAJ","2025-07-10T00:09:48.000Z","0058c00000BxeO9AAJ","2025-07-10T00:09:48.000Z","","","Korea, Republic of (South Korea)","95.0","a308c000000dYR7AAM","a2t3g000000blhqAAA","","false"
"a2z8c000000egHjAAI","0058c00000BxeO9AAJ","false","O-000654","2023-09-13T06:39:32.000Z","0058c00000BxeO9AAJ","2025-07-10T00:09:48.000Z","0058c00000BxeO9AAJ","2025-07-10T00:09:48.000Z","","","Kosovo","96.0","a308c000000dYR7AAM","a2t3g000000blhrAAA","","false"
"a2z8c000000egHkAAI","0058c00000BxeO9AAJ","false","O-000655","2023-09-13T06:39:32.000Z","0058c00000BxeO9AAJ","2025-07-10T00:09:48.000Z","0058c00000BxeO9AAJ","2025-07-10T00:09:48.000Z","","","Kuwait","97.0","a308c000000dYR7AAM","a2t3g000000blhsAAA","","false"
"a2z8c000000egHlAAI","0058c00000BxeO9AAJ","false","O-000656","2023-09-13T06:39:32.000Z","0058c00000BxeO9AAJ","2025-07-10T00:09:48.000Z","0058c00000BxeO9AAJ","2025-07-10T00:09:48.000Z","","","Kyrgyz Republic (Kyrgyzstan)","98.0","a308c000000dYR7AAM","a2t3g000000blhtAAA","","false"
"a2z8c000000egHmAAI","0058c00000BxeO9AAJ","false","O-000657","2023-09-13T06:39:32.000Z","0058c00000BxeO9AAJ","2025-07-10T00:09:48.000Z","0058c00000BxeO9AAJ","2025-07-10T00:09:48.000Z","","","Laos","99.0","a308c000000dYR7AAM","a2t3g000000blhuAAA","","false"
"a2z8c000000egHnAAI","0058c00000BxeO9AAJ","false","O-000658","2023-09-13T06:39:32.000Z","0058c00000BxeO9AAJ","2025-07-10T00:09:48.000Z","0058c00000BxeO9AAJ","2025-07-10T00:09:48.000Z","","","Latvia","100.0","a308c000000dYR7AAM","a2t3g000000blhvAAA","","false"
"a2z8c000000egHoAAI","0058c00000BxeO9AAJ","false","O-000659","2023-09-13T06:39:32.000Z","0058c00000BxeO9AAJ","2025-07-10T00:09:48.000Z","0058c00000BxeO9AAJ","2025-07-10T00:09:48.000Z","","","Lebanon","101.0","a308c000000dYR7AAM","a2t3g000000blhwAAA","","false"
"a2z8c000000egHpAAI","0058c00000BxeO9AAJ","false","O-000660","2023-09-13T06:39:32.000Z","0058c00000BxeO9AAJ","2025-07-10T00:09:48.000Z","0058c00000BxeO9AAJ","2025-07-10T00:09:48.000Z","","","Lesotho","102.0","a308c000000dYR7AAM","a2t3g000000blhxAAA","","false"
"a2z8c000000egHqAAI","0058c00000BxeO9AAJ","false","O-000661","2023-09-13T06:39:32.000Z","0058c00000BxeO9AAJ","2025-07-10T00:09:48.000Z","0058c00000BxeO9AAJ","2025-07-10T00:09:48.000Z","","","Liberia","103.0","a308c000000dYR7AAM","a2t3g000000blhyAAA","","false"
"a2z8c000000egHrAAI","0058c00000BxeO9AAJ","false","O-000662","2023-09-13T06:39:32.000Z","0058c00000BxeO9AAJ","2025-07-10T00:09:48.000Z","0058c00000BxeO9AAJ","2025-07-10T00:09:48.000Z","","","Libya","104.0","a308c000000dYR7AAM","a2t3g000000blhzAAA","","false"
"a2z8c000000egHsAAI","0058c00000BxeO9AAJ","false","O-000663","2023-09-13T06:39:32.000Z","0058c00000BxeO9AAJ","2025-07-10T00:09:48.000Z","0058c00000BxeO9AAJ","2025-07-10T00:09:48.000Z","","","Liechtenstein","105.0","a308c000000dYR7AAM","a2t3g000000bli0AAA","","false"
"a2z8c000000egHtAAI","0058c00000BxeO9AAJ","false","O-000664","2023-09-13T06:39:32.000Z","0058c00000BxeO9AAJ","2025-07-10T00:09:48.000Z","0058c00000BxeO9AAJ","2025-07-10T00:09:48.000Z","","","Lithuania","106.0","a308c000000dYR7AAM","a2t3g000000bli1AAA","","false"
"a2z8c000000egHuAAI","0058c00000BxeO9AAJ","false","O-000665","2023-09-13T06:39:32.000Z","0058c00000BxeO9AAJ","2025-07-10T00:09:48.000Z","0058c00000BxeO9AAJ","2025-07-10T00:09:48.000Z","","","Luxembourg","107.0","a308c000000dYR7AAM","a2t3g000000bli2AAA","","false"
"a2z8c000000egHvAAI","0058c00000BxeO9AAJ","false","O-000666","2023-09-13T06:39:32.000Z","0058c00000BxeO9AAJ","2025-07-10T00:09:48.000Z","0058c00000BxeO9AAJ","2025-07-10T00:09:48.000Z","","","Macedonia, Republic of","108.0","a308c000000dYR7AAM","a2t3g000000bli3AAA","","false"
"a2z8c000000egHwAAI","0058c00000BxeO9AAJ","false","O-000667","2023-09-13T06:39:32.000Z","0058c00000BxeO9AAJ","2025-07-10T00:09:48.000Z","0058c00000BxeO9AAJ","2025-07-10T00:09:48.000Z","","","Madagascar","109.0","a308c000000dYR7AAM","a2t3g000000bli4AAA","","false"
"a2z8c000000egHxAAI","0058c00000BxeO9AAJ","false","O-000668","2023-09-13T06:39:32.000Z","0058c00000BxeO9AAJ","2025-07-10T00:09:48.000Z","0058c00000BxeO9AAJ","2025-07-10T00:09:48.000Z","","","Malawi","110.0","a308c000000dYR7AAM","a2t3g000000bli5AAA","","false"
"a2z8c000000egHyAAI","0058c00000BxeO9AAJ","false","O-000669","2023-09-13T06:39:32.000Z","0058c00000BxeO9AAJ","2025-07-10T00:09:48.000Z","0058c00000BxeO9AAJ","2025-07-10T00:09:48.000Z","","","Malaysia","111.0","a308c000000dYR7AAM","a2t3g000000bli6AAA","","false"
"a2z8c000000egHzAAI","0058c00000BxeO9AAJ","false","O-000670","2023-09-13T06:39:32.000Z","0058c00000BxeO9AAJ","2025-07-10T00:09:48.000Z","0058c00000BxeO9AAJ","2025-07-10T00:09:48.000Z","","","Maldives","112.0","a308c000000dYR7AAM","a2t3g000000bli7AAA","","false"
"a2z8c000000egI0AAI","0058c00000BxeO9AAJ","false","O-000671","2023-09-13T06:39:32.000Z","0058c00000BxeO9AAJ","2025-07-10T00:09:48.000Z","0058c00000BxeO9AAJ","2025-07-10T00:09:48.000Z","","","Mali","113.0","a308c000000dYR7AAM","a2t3g000000bli8AAA","","false"
"a2z8c000000egI1AAI","0058c00000BxeO9AAJ","false","O-000672","2023-09-13T06:39:32.000Z","0058c00000BxeO9AAJ","2025-07-10T00:09:48.000Z","0058c00000BxeO9AAJ","2025-07-10T00:09:48.000Z","","","Malta","114.0","a308c000000dYR7AAM","a2t3g000000bli9AAA","","false"
"a2z8c000000egI2AAI","0058c00000BxeO9AAJ","false","O-000673","2023-09-13T06:39:32.000Z","0058c00000BxeO9AAJ","2025-07-10T00:09:48.000Z","0058c00000BxeO9AAJ","2025-07-10T00:09:48.000Z","","","Martinique","115.0","a308c000000dYR7AAM","a2t3g000000bliAAAQ","","false"
"a2z8c000000egI3AAI","0058c00000BxeO9AAJ","false","O-000674","2023-09-13T06:39:32.000Z","0058c00000BxeO9AAJ","2025-07-10T00:09:48.000Z","0058c00000BxeO9AAJ","2025-07-10T00:09:48.000Z","","","Mauritania","116.0","a308c000000dYR7AAM","a2t3g000000bliBAAQ","","false"
"a2z8c000000egI4AAI","0058c00000BxeO9AAJ","false","O-000675","2023-09-13T06:39:32.000Z","0058c00000BxeO9AAJ","2025-07-10T00:09:48.000Z","0058c00000BxeO9AAJ","2025-07-10T00:09:48.000Z","","","Mauritius","117.0","a308c000000dYR7AAM","a2t3g000000bliCAAQ","","false"
"a2z8c000000egI5AAI","0058c00000BxeO9AAJ","false","O-000676","2023-09-13T06:39:32.000Z","0058c00000BxeO9AAJ","2025-07-10T00:09:48.000Z","0058c00000BxeO9AAJ","2025-07-10T00:09:48.000Z","","","Mayotte","118.0","a308c000000dYR7AAM","a2t3g000000bliDAAQ","","false"
"a2z8c000000egI6AAI","0058c00000BxeO9AAJ","false","O-000677","2023-09-13T06:39:32.000Z","0058c00000BxeO9AAJ","2025-07-10T00:09:48.000Z","0058c00000BxeO9AAJ","2025-07-10T00:09:48.000Z","","","Mexico","119.0","a308c000000dYR7AAM","a2t3g000000bliEAAQ","","false"
"a2z8c000000egI7AAI","0058c00000BxeO9AAJ","false","O-000678","2023-09-13T06:39:32.000Z","0058c00000BxeO9AAJ","2025-07-10T00:09:48.000Z","0058c00000BxeO9AAJ","2025-07-10T00:09:48.000Z","","","Moldova, Republic of","120.0","a308c000000dYR7AAM","a2t3g000000bliFAAQ","","false"
"a2z8c000000egI8AAI","0058c00000BxeO9AAJ","false","O-000679","2023-09-13T06:39:32.000Z","0058c00000BxeO9AAJ","2025-07-10T00:09:48.000Z","0058c00000BxeO9AAJ","2025-07-10T00:09:48.000Z","","","Monaco","121.0","a308c000000dYR7AAM","a2t3g000000bliGAAQ","","false"
"a2z8c000000egI9AAI","0058c00000BxeO9AAJ","false","O-000680","2023-09-13T06:39:32.000Z","0058c00000BxeO9AAJ","2025-07-10T00:09:48.000Z","0058c00000BxeO9AAJ","2025-07-10T00:09:48.000Z","","","Mongolia","122.0","a308c000000dYR7AAM","a2t3g000000bliHAAQ","","false"
"a2z8c000000egIAAAY","0058c00000BxeO9AAJ","false","O-000681","2023-09-13T06:39:32.000Z","0058c00000BxeO9AAJ","2025-07-10T00:09:48.000Z","0058c00000BxeO9AAJ","2025-07-10T00:09:48.000Z","","","Montenegro","123.0","a308c000000dYR7AAM","a2t3g000000bliIAAQ","","false"
"a2z8c000000egIBAAY","0058c00000BxeO9AAJ","false","O-000682","2023-09-13T06:39:32.000Z","0058c00000BxeO9AAJ","2025-07-10T00:09:48.000Z","0058c00000BxeO9AAJ","2025-07-10T00:09:48.000Z","","","Montserrat","124.0","a308c000000dYR7AAM","a2t3g000000bliJAAQ","","false"
"a2z8c000000egICAAY","0058c00000BxeO9AAJ","false","O-000683","2023-09-13T06:39:32.000Z","0058c00000BxeO9AAJ","2025-07-10T00:09:48.000Z","0058c00000BxeO9AAJ","2025-07-10T00:09:48.000Z","","","Morocco","125.0","a308c000000dYR7AAM","a2t3g000000bliKAAQ","","false"
"a2z8c000000egIDAAY","0058c00000BxeO9AAJ","false","O-000684","2023-09-13T06:39:32.000Z","0058c00000BxeO9AAJ","2025-07-10T00:09:48.000Z","0058c00000BxeO9AAJ","2025-07-10T00:09:48.000Z","","","Mozambique","126.0","a308c000000dYR7AAM","a2t3g000000bliLAAQ","","false"
"a2z8c000000egIEAAY","0058c00000BxeO9AAJ","false","O-000685","2023-09-13T06:39:32.000Z","0058c00000BxeO9AAJ","2025-07-10T00:09:48.000Z","0058c00000BxeO9AAJ","2025-07-10T00:09:48.000Z","","","Myanmar/Burma","127.0","a308c000000dYR7AAM","a2t3g000000bliMAAQ","","false"
"a2z8c000000egIFAAY","0058c00000BxeO9AAJ","false","O-000686","2023-09-13T06:39:32.000Z","0058c00000BxeO9AAJ","2025-07-10T00:09:48.000Z","0058c00000BxeO9AAJ","2025-07-10T00:09:48.000Z","","","Namibia","128.0","a308c000000dYR7AAM","a2t3g000000bliNAAQ","","false"
"a2z8c000000egIGAAY","0058c00000BxeO9AAJ","false","O-000687","2023-09-13T06:39:32.000Z","0058c00000BxeO9AAJ","2025-07-10T00:09:48.000Z","0058c00000BxeO9AAJ","2025-07-10T00:09:48.000Z","","","Nepal","129.0","a308c000000dYR7AAM","a2t3g000000bliOAAQ","","false"
"a2z8c000000egIHAAY","0058c00000BxeO9AAJ","false","O-000688","2023-09-13T06:39:32.000Z","0058c00000BxeO9AAJ","2025-07-10T00:09:48.000Z","0058c00000BxeO9AAJ","2025-07-10T00:09:48.000Z","","","New Zealand","130.0","a308c000000dYR7AAM","a2t3g000000bliPAAQ","","false"
"a2z8c000000egIIAAY","0058c00000BxeO9AAJ","false","O-000689","2023-09-13T06:39:32.000Z","0058c00000BxeO9AAJ","2025-07-10T00:09:48.000Z","0058c00000BxeO9AAJ","2025-07-10T00:09:48.000Z","","","Nicaragua","131.0","a308c000000dYR7AAM","a2t3g000000bliQAAQ","","false"
"a2z8c000000egIJAAY","0058c00000BxeO9AAJ","false","O-000690","2023-09-13T06:39:32.000Z","0058c00000BxeO9AAJ","2025-07-10T00:09:48.000Z","0058c00000BxeO9AAJ","2025-07-10T00:09:48.000Z","","","Niger","132.0","a308c000000dYR7AAM","a2t3g000000bliRAAQ","","false"
"a2z8c000000egIKAAY","0058c00000BxeO9AAJ","false","O-000691","2023-09-13T06:39:32.000Z","0058c00000BxeO9AAJ","2025-07-10T00:09:48.000Z","0058c00000BxeO9AAJ","2025-07-10T00:09:48.000Z","","","Nigeria","133.0","a308c000000dYR7AAM","a2t3g000000bliSAAQ","","false"
"a2z8c000000egILAAY","0058c00000BxeO9AAJ","false","O-000692","2023-09-13T06:39:32.000Z","0058c00000BxeO9AAJ","2025-07-10T00:09:48.000Z","0058c00000BxeO9AAJ","2025-07-10T00:09:48.000Z","","","Norway","134.0","a308c000000dYR7AAM","a2t3g000000bliTAAQ","","false"
"a2z8c000000egIMAAY","0058c00000BxeO9AAJ","false","O-000693","2023-09-13T06:39:32.000Z","0058c00000BxeO9AAJ","2025-07-10T00:09:48.000Z","0058c00000BxeO9AAJ","2025-07-10T00:09:48.000Z","","","Oman","135.0","a308c000000dYR7AAM","a2t3g000000bliUAAQ","","false"
"a2z8c000000egINAAY","0058c00000BxeO9AAJ","false","O-000694","2023-09-13T06:39:32.000Z","0058c00000BxeO9AAJ","2025-07-10T00:09:48.000Z","0058c00000BxeO9AAJ","2025-07-10T00:09:48.000Z","","","Pacific Islands","136.0","a308c000000dYR7AAM","a2t3g000000bliVAAQ","","false"
"a2z8c000000egIOAAY","0058c00000BxeO9AAJ","false","O-000695","2023-09-13T06:39:32.000Z","0058c00000BxeO9AAJ","2025-07-10T00:09:48.000Z","0058c00000BxeO9AAJ","2025-07-10T00:09:48.000Z","","","Pakistan","137.0","a308c000000dYR7AAM","a2t3g000000bliWAAQ","","false"
"a2z8c000000egIPAAY","0058c00000BxeO9AAJ","false","O-000696","2023-09-13T06:39:32.000Z","0058c00000BxeO9AAJ","2025-07-10T00:09:48.000Z","0058c00000BxeO9AAJ","2025-07-10T00:09:48.000Z","","","Panama","138.0","a308c000000dYR7AAM","a2t3g000000bliXAAQ","","false"
"a2z8c000000egIQAAY","0058c00000BxeO9AAJ","false","O-000697","2023-09-13T06:39:32.000Z","0058c00000BxeO9AAJ","2025-07-10T00:09:48.000Z","0058c00000BxeO9AAJ","2025-07-10T00:09:48.000Z","","","Papua New Guinea","139.0","a308c000000dYR7AAM","a2t3g000000bliYAAQ","","false"
"a2z8c000000egIRAAY","0058c00000BxeO9AAJ","false","O-000698","2023-09-13T06:39:32.000Z","0058c00000BxeO9AAJ","2025-07-10T00:09:48.000Z","0058c00000BxeO9AAJ","2025-07-10T00:09:48.000Z","","","Paraguay","140.0","a308c000000dYR7AAM","a2t3g000000bliZAAQ","","false"
"a2z8c000000egISAAY","0058c00000BxeO9AAJ","false","O-000699","2023-09-13T06:39:32.000Z","0058c00000BxeO9AAJ","2025-07-10T00:09:48.000Z","0058c00000BxeO9AAJ","2025-07-10T00:09:48.000Z","","","Peru","141.0","a308c000000dYR7AAM","a2t3g000000bliaAAA","","false"
"a2z8c000000egITAAY","0058c00000BxeO9AAJ","false","O-000700","2023-09-13T06:39:32.000Z","0058c00000BxeO9AAJ","2025-07-10T00:09:48.000Z","0058c00000BxeO9AAJ","2025-07-10T00:09:48.000Z","","","Philippines","142.0","a308c000000dYR7AAM","a2t3g000000blibAAA","","false"
"a2z8c000000egIUAAY","0058c00000BxeO9AAJ","false","O-000701","2023-09-13T06:39:32.000Z","0058c00000BxeO9AAJ","2025-07-10T00:09:48.000Z","0058c00000BxeO9AAJ","2025-07-10T00:09:48.000Z","","","Poland","143.0","a308c000000dYR7AAM","a2t3g000000blicAAA","","false"
"a2z8c000000egIVAAY","0058c00000BxeO9AAJ","false","O-000702","2023-09-13T06:39:32.000Z","0058c00000BxeO9AAJ","2025-07-10T00:09:48.000Z","0058c00000BxeO9AAJ","2025-07-10T00:09:48.000Z","","","Portugal","144.0","a308c000000dYR7AAM","a2t3g000000blidAAA","","false"
"a2z8c000000egIWAAY","0058c00000BxeO9AAJ","false","O-000703","2023-09-13T06:39:32.000Z","0058c00000BxeO9AAJ","2025-07-10T00:09:48.000Z","0058c00000BxeO9AAJ","2025-07-10T00:09:48.000Z","","","Belize","19.0","a308c000000dYR7AAM","a2t3g000000blgdAAA","","false"
"a2z8c000000egIXAAY","0058c00000BxeO9AAJ","false","O-000704","2023-09-13T06:39:32.000Z","0058c00000BxeO9AAJ","2025-07-10T00:09:48.000Z","0058c00000BxeO9AAJ","2025-07-10T00:09:48.000Z","","","Benin","20.0","a308c000000dYR7AAM","a2t3g000000blgeAAA","","false"
"a2z8c000000egIYAAY","0058c00000BxeO9AAJ","false","O-000705","2023-09-13T06:39:32.000Z","0058c00000BxeO9AAJ","2025-07-10T00:09:48.000Z","0058c00000BxeO9AAJ","2025-07-10T00:09:48.000Z","","","Bermuda","21.0","a308c000000dYR7AAM","a2t3g000000blgfAAA","","false"
"a2z8c000000egIZAAY","0058c00000BxeO9AAJ","false","O-000706","2023-09-13T06:39:32.000Z","0058c00000BxeO9AAJ","2025-07-10T00:09:48.000Z","0058c00000BxeO9AAJ","2025-07-10T00:09:48.000Z","","","Bhutan","22.0","a308c000000dYR7AAM","a2t3g000000blggAAA","","false"
"a2z8c000000egIaAAI","0058c00000BxeO9AAJ","false","O-000707","2023-09-13T06:39:32.000Z","0058c00000BxeO9AAJ","2025-07-10T00:09:48.000Z","0058c00000BxeO9AAJ","2025-07-10T00:09:48.000Z","","","Bolivia","23.0","a308c000000dYR7AAM","a2t3g000000blghAAA","","false"
"a2z8c000000egIbAAI","0058c00000BxeO9AAJ","false","O-000708","2023-09-13T06:39:32.000Z","0058c00000BxeO9AAJ","2025-07-10T00:09:48.000Z","0058c00000BxeO9AAJ","2025-07-10T00:09:48.000Z","","","Bosnia & Herzegovina","24.0","a308c000000dYR7AAM","a2t3g000000blgiAAA","","false"
"a2z8c000000egIcAAI","0058c00000BxeO9AAJ","false","O-000709","2023-09-13T06:39:32.000Z","0058c00000BxeO9AAJ","2025-07-10T00:09:48.000Z","0058c00000BxeO9AAJ","2025-07-10T00:09:48.000Z","","","Botswana","25.0","a308c000000dYR7AAM","a2t3g000000blgjAAA","","false"
"a2z8c000000egIdAAI","0058c00000BxeO9AAJ","false","O-000710","2023-09-13T06:39:32.000Z","0058c00000BxeO9AAJ","2025-07-10T00:09:48.000Z","0058c00000BxeO9AAJ","2025-07-10T00:09:48.000Z","","","Brazil","26.0","a308c000000dYR7AAM","a2t3g000000blgkAAA","","false"
"a2z8c000000egIeAAI","0058c00000BxeO9AAJ","false","O-000711","2023-09-13T06:39:32.000Z","0058c00000BxeO9AAJ","2025-07-10T00:09:48.000Z","0058c00000BxeO9AAJ","2025-07-10T00:09:48.000Z","","","Brunei Darussalam","27.0","a308c000000dYR7AAM","a2t3g000000blglAAA","","false"
"a2z8c000000egIfAAI","0058c00000BxeO9AAJ","false","O-000712","2023-09-13T06:39:32.000Z","0058c00000BxeO9AAJ","2025-07-10T00:09:48.000Z","0058c00000BxeO9AAJ","2025-07-10T00:09:48.000Z","","","Bulgaria","28.0","a308c000000dYR7AAM","a2t3g000000blgmAAA","","false"
"a2z8c000000egIgAAI","0058c00000BxeO9AAJ","false","O-000713","2023-09-13T06:39:32.000Z","0058c00000BxeO9AAJ","2025-07-10T00:09:48.000Z","0058c00000BxeO9AAJ","2025-07-10T00:09:48.000Z","","","Burkina Faso","29.0","a308c000000dYR7AAM","a2t3g000000blgnAAA","","false"
"a2z8c000000egIhAAI","0058c00000BxeO9AAJ","false","O-000714","2023-09-13T06:39:32.000Z","0058c00000BxeO9AAJ","2025-07-10T00:09:48.000Z","0058c00000BxeO9AAJ","2025-07-10T00:09:48.000Z","","","Burundi","30.0","a308c000000dYR7AAM","a2t3g000000blgoAAA","","false"
"a2z8c000000egIiAAI","0058c00000BxeO9AAJ","false","O-000715","2023-09-13T06:39:32.000Z","0058c00000BxeO9AAJ","2025-07-10T00:09:48.000Z","0058c00000BxeO9AAJ","2025-07-10T00:09:48.000Z","","","Cambodia","31.0","a308c000000dYR7AAM","a2t3g000000blgpAAA","","false"
"a2z8c000000egIjAAI","0058c00000BxeO9AAJ","false","O-000716","2023-09-13T06:39:32.000Z","0058c00000BxeO9AAJ","2025-07-10T00:09:48.000Z","0058c00000BxeO9AAJ","2025-07-10T00:09:48.000Z","","","Cameroon","32.0","a308c000000dYR7AAM","a2t3g000000blgqAAA","","false"
"a2z8c000000egIkAAI","0058c00000BxeO9AAJ","false","O-000717","2023-09-13T06:39:32.000Z","0058c00000BxeO9AAJ","2025-07-10T00:09:48.000Z","0058c00000BxeO9AAJ","2025-07-10T00:09:48.000Z","","","Cape Verde","34.0","a308c000000dYR7AAM","a2t3g000000blgrAAA","","false"
"a2z8c000000egIlAAI","0058c00000BxeO9AAJ","false","O-000718","2023-09-13T06:39:32.000Z","0058c00000BxeO9AAJ","2025-07-10T00:09:48.000Z","0058c00000BxeO9AAJ","2025-07-10T00:09:48.000Z","","","Cayman Islands","35.0","a308c000000dYR7AAM","a2t3g000000blgsAAA","","false"
"a2z8c000000egImAAI","0058c00000BxeO9AAJ","false","O-000719","2023-09-13T06:39:32.000Z","0058c00000BxeO9AAJ","2025-07-10T00:09:48.000Z","0058c00000BxeO9AAJ","2025-07-10T00:09:48.000Z","","","Central African Republic","36.0","a308c000000dYR7AAM","a2t3g000000blgtAAA","","false"
"a2z8c000000egInAAI","0058c00000BxeO9AAJ","false","O-000720","2023-09-13T06:39:32.000Z","0058c00000BxeO9AAJ","2025-07-10T00:09:48.000Z","0058c00000BxeO9AAJ","2025-07-10T00:09:48.000Z","","","Chad","37.0","a308c000000dYR7AAM","a2t3g000000blguAAA","","false"
"a2z8c000000egIoAAI","0058c00000BxeO9AAJ","false","O-000721","2023-09-13T06:39:32.000Z","0058c00000BxeO9AAJ","2025-07-10T00:09:48.000Z","0058c00000BxeO9AAJ","2025-07-10T00:09:48.000Z","","","Chile","38.0","a308c000000dYR7AAM","a2t3g000000blgvAAA","","false"
"a2z8c000000egIpAAI","0058c00000BxeO9AAJ","false","O-000722","2023-09-13T06:39:32.000Z","0058c00000BxeO9AAJ","2025-07-10T00:09:48.000Z","0058c00000BxeO9AAJ","2025-07-10T00:09:48.000Z","","","China","39.0","a308c000000dYR7AAM","a2t3g000000blgwAAA","","false"
"a2z8c000000egIqAAI","0058c00000BxeO9AAJ","false","O-000723","2023-09-13T06:39:32.000Z","0058c00000BxeO9AAJ","2025-07-10T00:09:48.000Z","0058c00000BxeO9AAJ","2025-07-10T00:09:48.000Z","","","China - Hong Kong / Macau","40.0","a308c000000dYR7AAM","a2t3g000000blgxAAA","","false"
"a2z8c000000egIrAAI","0058c00000BxeO9AAJ","false","O-000724","2023-09-13T06:39:32.000Z","0058c00000BxeO9AAJ","2025-07-10T00:09:48.000Z","0058c00000BxeO9AAJ","2025-07-10T00:09:48.000Z","","","Colombia","41.0","a308c000000dYR7AAM","a2t3g000000blgyAAA","","false"
"a2z8c000000egIsAAI","0058c00000BxeO9AAJ","false","O-000725","2023-09-13T06:39:32.000Z","0058c00000BxeO9AAJ","2025-07-10T00:09:48.000Z","0058c00000BxeO9AAJ","2025-07-10T00:09:48.000Z","","","Comoros","42.0","a308c000000dYR7AAM","a2t3g000000blgzAAA","","false"
"a2z8c000000egItAAI","0058c00000BxeO9AAJ","false","O-000726","2023-09-13T06:39:32.000Z","0058c00000BxeO9AAJ","2025-07-10T00:09:48.000Z","0058c00000BxeO9AAJ","2025-07-10T00:09:48.000Z","","","Congo","43.0","a308c000000dYR7AAM","a2t3g000000blh0AAA","","false"
"a2z8c000000egIuAAI","0058c00000BxeO9AAJ","false","O-000727","2023-09-13T06:39:32.000Z","0058c00000BxeO9AAJ","2025-07-10T00:09:48.000Z","0058c00000BxeO9AAJ","2025-07-10T00:09:48.000Z","","","Congo, Democratic Republic of (DRC)","44.0","a308c000000dYR7AAM","a2t3g000000blh1AAA","","false"
"a2z8c000000egIvAAI","0058c00000BxeO9AAJ","false","O-000728","2023-09-13T06:39:32.000Z","0058c00000BxeO9AAJ","2025-07-10T00:09:48.000Z","0058c00000BxeO9AAJ","2025-07-10T00:09:48.000Z","","","Costa Rica","45.0","a308c000000dYR7AAM","a2t3g000000blh2AAA","","false"
"a2z8c000000egIwAAI","0058c00000BxeO9AAJ","false","O-000729","2023-09-13T06:39:32.000Z","0058c00000BxeO9AAJ","2025-07-10T00:09:48.000Z","0058c00000BxeO9AAJ","2025-07-10T00:09:48.000Z","","","Croatia","46.0","a308c000000dYR7AAM","a2t3g000000blh3AAA","","false"
"a2z8c000000egIxAAI","0058c00000BxeO9AAJ","false","O-000730","2023-09-13T06:39:32.000Z","0058c00000BxeO9AAJ","2025-07-10T00:09:48.000Z","0058c00000BxeO9AAJ","2025-07-10T00:09:48.000Z","","","Cuba","47.0","a308c000000dYR7AAM","a2t3g000000blh4AAA","","false"
"a2z8c000000egIyAAI","0058c00000BxeO9AAJ","false","O-000731","2023-09-13T06:39:32.000Z","0058c00000BxeO9AAJ","2025-07-10T00:09:48.000Z","0058c00000BxeO9AAJ","2025-07-10T00:09:48.000Z","","","Cyprus","48.0","a308c000000dYR7AAM","a2t3g000000blh5AAA","","false"
"a2z8c000000egIzAAI","0058c00000BxeO9AAJ","false","O-000732","2023-09-13T06:39:32.000Z","0058c00000BxeO9AAJ","2025-07-10T00:09:48.000Z","0058c00000BxeO9AAJ","2025-07-10T00:09:48.000Z","","","Czech Republic","49.0","a308c000000dYR7AAM","a2t3g000000blh6AAA","","false"
"a2z8c000000egJ0AAI","0058c00000BxeO9AAJ","false","O-000733","2023-09-13T06:39:32.000Z","0058c00000BxeO9AAJ","2025-07-10T00:09:48.000Z","0058c00000BxeO9AAJ","2025-07-10T00:09:48.000Z","","","Denmark","50.0","a308c000000dYR7AAM","a2t3g000000blh7AAA","","false"
"a2z8c000000egJ1AAI","0058c00000BxeO9AAJ","false","O-000734","2023-09-13T06:39:32.000Z","0058c00000BxeO9AAJ","2025-07-10T00:09:48.000Z","0058c00000BxeO9AAJ","2025-07-10T00:09:48.000Z","","","Djibouti","51.0","a308c000000dYR7AAM","a2t3g000000blh8AAA","","false"
"a2z8c000000egJ2AAI","0058c00000BxeO9AAJ","false","O-000735","2023-09-13T06:39:32.000Z","0058c00000BxeO9AAJ","2025-07-10T00:09:48.000Z","0058c00000BxeO9AAJ","2025-07-10T00:09:48.000Z","","","Dominica","52.0","a308c000000dYR7AAM","a2t3g000000blh9AAA","","false"
"a2z8c000000egJ3AAI","0058c00000BxeO9AAJ","false","O-000736","2023-09-13T06:39:32.000Z","0058c00000BxeO9AAJ","2025-07-10T00:09:48.000Z","0058c00000BxeO9AAJ","2025-07-10T00:09:48.000Z","","","Dominican Republic","53.0","a308c000000dYR7AAM","a2t3g000000blhAAAQ","","false"
"a2z8c000000egJ4AAI","0058c00000BxeO9AAJ","false","O-000737","2023-09-13T06:39:32.000Z","0058c00000BxeO9AAJ","2025-07-10T00:09:48.000Z","0058c00000BxeO9AAJ","2025-07-10T00:09:48.000Z","","","Ecuador","54.0","a308c000000dYR7AAM","a2t3g000000blhBAAQ","","false"
"a2z8c000000egJ5AAI","0058c00000BxeO9AAJ","false","O-000738","2023-09-13T06:39:32.000Z","0058c00000BxeO9AAJ","2025-07-10T00:09:48.000Z","0058c00000BxeO9AAJ","2025-07-10T00:09:48.000Z","","","Egypt","55.0","a308c000000dYR7AAM","a2t3g000000blhCAAQ","","false"
"a2z8c000000egJ6AAI","0058c00000BxeO9AAJ","false","O-000739","2023-09-13T06:39:32.000Z","0058c00000BxeO9AAJ","2025-07-10T00:09:48.000Z","0058c00000BxeO9AAJ","2025-07-10T00:09:48.000Z","","","El Salvador","56.0","a308c000000dYR7AAM","a2t3g000000blhDAAQ","","false"
"a2z8c000000egJ7AAI","0058c00000BxeO9AAJ","false","O-000740","2023-09-13T06:39:32.000Z","0058c00000BxeO9AAJ","2025-07-10T00:09:48.000Z","0058c00000BxeO9AAJ","2025-07-10T00:09:48.000Z","","","Equatorial Guinea","57.0","a308c000000dYR7AAM","a2t3g000000blhEAAQ","","false"
"a2z8c000000egJ8AAI","0058c00000BxeO9AAJ","false","O-000741","2023-09-13T06:39:32.000Z","0058c00000BxeO9AAJ","2025-07-10T00:09:48.000Z","0058c00000BxeO9AAJ","2025-07-10T00:09:48.000Z","","","Uganda","187.0","a308c000000dYRcAAM","a2t3g000000blmXAAQ","","false"
"a2z8c000000egJ9AAI","0058c00000BxeO9AAJ","false","O-000742","2023-09-13T06:39:32.000Z","0058c00000BxeO9AAJ","2025-07-10T00:09:48.000Z","0058c00000BxeO9AAJ","2025-07-10T00:09:48.000Z","","","Ukraine","188.0","a308c000000dYRcAAM","a2t3g000000blmYAAQ","","false"
"a2z8c000000egJAAAY","0058c00000BxeO9AAJ","false","O-000743","2023-09-13T06:39:32.000Z","0058c00000BxeO9AAJ","2025-07-10T00:09:48.000Z","0058c00000BxeO9AAJ","2025-07-10T00:09:48.000Z","","","United Arab Emirates","189.0","a308c000000dYRcAAM","a2t3g000000blmZAAQ","","false"
"a2z8c000000egJBAAY","0058c00000BxeO9AAJ","false","O-000744","2023-09-13T06:39:32.000Z","0058c00000BxeO9AAJ","2025-07-10T00:09:48.000Z","0058c00000BxeO9AAJ","2025-07-10T00:09:48.000Z","","","United States of America (USA)","190.0","a308c000000dYRcAAM","a2t3g000000blmaAAA","","false"
"a2z8c000000egJCAAY","0058c00000BxeO9AAJ","false","O-000745","2023-09-13T06:39:32.000Z","0058c00000BxeO9AAJ","2025-07-10T00:09:48.000Z","0058c00000BxeO9AAJ","2025-07-10T00:09:48.000Z","","","Uruguay","191.0","a308c000000dYRcAAM","a2t3g000000blmbAAA","","false"
"a2z8c000000egJDAAY","0058c00000BxeO9AAJ","false","O-000746","2023-09-13T06:39:32.000Z","0058c00000BxeO9AAJ","2025-07-10T00:09:48.000Z","0058c00000BxeO9AAJ","2025-07-10T00:09:48.000Z","","","Uzbekistan","192.0","a308c000000dYRcAAM","a2t3g000000blmcAAA","","false"
"a2z8c000000egJEAAY","0058c00000BxeO9AAJ","false","O-000747","2023-09-13T06:39:32.000Z","0058c00000BxeO9AAJ","2025-07-10T00:09:48.000Z","0058c00000BxeO9AAJ","2025-07-10T00:09:48.000Z","","","Venezuela","193.0","a308c000000dYRcAAM","a2t3g000000blmdAAA","","false"
"a2z8c000000egJFAAY","0058c00000BxeO9AAJ","false","O-000748","2023-09-13T06:39:32.000Z","0058c00000BxeO9AAJ","2025-07-10T00:09:48.000Z","0058c00000BxeO9AAJ","2025-07-10T00:09:48.000Z","","","Vietnam","194.0","a308c000000dYRcAAM","a2t3g000000blmeAAA","","false"
"a2z8c000000egJGAAY","0058c00000BxeO9AAJ","false","O-000749","2023-09-13T06:39:32.000Z","0058c00000BxeO9AAJ","2025-07-10T00:09:48.000Z","0058c00000BxeO9AAJ","2025-07-10T00:09:48.000Z","","","Virgin Islands (UK)","195.0","a308c000000dYRcAAM","a2t3g000000blmfAAA","","false"
"a2z8c000000egJHAAY","0058c00000BxeO9AAJ","false","O-000750","2023-09-13T06:39:32.000Z","0058c00000BxeO9AAJ","2025-07-10T00:09:48.000Z","0058c00000BxeO9AAJ","2025-07-10T00:09:48.000Z","","","Virgin Islands (US)","196.0","a308c000000dYRcAAM","a2t3g000000blmgAAA","","false"
"a2z8c000000egJIAAY","0058c00000BxeO9AAJ","false","O-000751","2023-09-13T06:39:32.000Z","0058c00000BxeO9AAJ","2025-07-10T00:09:48.000Z","0058c00000BxeO9AAJ","2025-07-10T00:09:48.000Z","","","Yemen","197.0","a308c000000dYRcAAM","a2t3g000000blmhAAA","","false"
"a2z8c000000egJJAAY","0058c00000BxeO9AAJ","false","O-000752","2023-09-13T06:39:32.000Z","0058c00000BxeO9AAJ","2025-07-10T00:09:48.000Z","0058c00000BxeO9AAJ","2025-07-10T00:09:48.000Z","","","Zambia","198.0","a308c000000dYRcAAM","a2t3g000000blmiAAA","","false"
"a2z8c000000egJKAAY","0058c00000BxeO9AAJ","false","O-000753","2023-09-13T06:39:32.000Z","0058c00000BxeO9AAJ","2025-07-10T00:09:48.000Z","0058c00000BxeO9AAJ","2025-07-10T00:09:48.000Z","","","Zimbabwe","199.0","a308c000000dYRcAAM","a2t3g000000blmjAAA","","false"
"a2z8c000000egJLAAY","0058c00000BxeO9AAJ","false","O-000754","2023-09-13T06:39:32.000Z","0058c00000BxeO9AAJ","2025-07-10T00:09:48.000Z","0058c00000BxeO9AAJ","2025-07-10T00:09:48.000Z","","","Yes","1.0","a308c000000dYR1AAM","a2t3g000000blmkAAA","","false"
"a2z8c000000egJMAAY","0058c00000BxeO9AAJ","false","O-000755","2023-09-13T06:39:32.000Z","0058c00000BxeO9AAJ","2025-07-10T00:09:48.000Z","0058c00000BxeO9AAJ","2025-07-10T00:09:48.000Z","","","No","2.0","a308c000000dYReAAM","a2t3g000000blmlAAA","","false"
"a2z8c000000egJNAAY","0058c00000BxeO9AAJ","false","O-000756","2023-09-13T06:39:32.000Z","0058c00000BxeO9AAJ","2025-07-10T00:09:48.000Z","0058c00000BxeO9AAJ","2025-07-10T00:09:48.000Z","","","Holding Company","2.0","a308c000000dYRfAAM","a2t3g000000blmmAAA","","false"
"a2z8c000000egJOAAY","0058c00000BxeO9AAJ","false","O-000757","2023-09-13T06:39:32.000Z","0058c00000BxeO9AAJ","2025-07-10T00:09:48.000Z","0058c00000BxeO9AAJ","2025-07-10T00:09:48.000Z","","","Subsidiary","3.0","a308c000000dYRfAAM","a2t3g000000blmnAAA","","false"
"a2z8c000000egJPAAY","0058c00000BxeO9AAJ","false","O-000758","2023-09-13T06:39:32.000Z","0058c00000BxeO9AAJ","2025-07-10T00:09:48.000Z","0058c00000BxeO9AAJ","2025-07-10T00:09:48.000Z","","","76-100+","3.0","a308c000000dYQmAAM","a2t3g000000blmoAAA","","false"
"a2z8c000000egJQAAY","0058c00000BxeO9AAJ","false","O-000759","2023-09-13T06:39:32.000Z","0058c00000BxeO9AAJ","2025-07-10T00:09:48.000Z","0058c00000BxeO9AAJ","2025-07-10T00:09:48.000Z","","","Yes","1.0","a308c000000dYRhAAM","a2t3g000000blmpAAA","","false"
"a2z8c000000egJRAAY","0058c00000BxeO9AAJ","false","O-000760","2023-09-13T06:39:32.000Z","0058c00000BxeO9AAJ","2025-07-10T00:09:48.000Z","0058c00000BxeO9AAJ","2025-07-10T00:09:48.000Z","","","No","2.0","a308c000000dYRhAAM","a2t3g000000blmqAAA","","false"
"a2z8c000000egJSAAY","0058c00000BxeO9AAJ","false","O-000761","2023-09-13T06:39:32.000Z","0058c00000BxeO9AAJ","2025-07-10T00:09:48.000Z","0058c00000BxeO9AAJ","2025-07-10T00:09:48.000Z","","","Yes","1.0","a308c000000dYRiAAM","a2t3g000000blmrAAA","","false"
"a2z8c000000egJTAAY","0058c00000BxeO9AAJ","false","O-000762","2023-09-13T06:39:32.000Z","0058c00000BxeO9AAJ","2025-07-10T00:09:48.000Z","0058c00000BxeO9AAJ","2025-07-10T00:09:48.000Z","","","Mobile banking","4.0","a308c000000dYQTAA2","a2t3g000000blmsAAA","","false"
"a2z8c000000egJUAAY","0058c00000BxeO9AAJ","false","O-000763","2023-09-13T06:39:32.000Z","0058c00000BxeO9AAJ","2025-07-10T00:09:48.000Z","0058c00000BxeO9AAJ","2025-07-10T00:09:48.000Z","","","Bank 800 number","5.0","a308c000000dYQTAA2","a2t3g000000blmtAAA","","false"
"a2z8c000000egJVAAY","0058c00000BxeO9AAJ","false","O-000764","2023-09-13T06:39:32.000Z","0058c00000BxeO9AAJ","2025-07-10T00:09:48.000Z","0058c00000BxeO9AAJ","2025-07-10T00:09:48.000Z","","","3rd party finance site","7.0","a308c000000dYQTAA2","a2t3g000000blmuAAA","","false"
"a2z8c000000egJWAAY","0058c00000BxeO9AAJ","false","O-000765","2023-09-13T06:39:32.000Z","0058c00000BxeO9AAJ","2025-07-10T00:09:48.000Z","0058c00000BxeO9AAJ","2025-07-10T00:09:48.000Z","","","Eritrea","58.0","a308c000000dYR7AAM","a2t3g000000blhFAAQ","","false"
"a2z8c000000egJXAAY","0058c00000BxeO9AAJ","false","O-000766","2023-09-13T06:39:32.000Z","0058c00000BxeO9AAJ","2025-07-10T00:09:48.000Z","0058c00000BxeO9AAJ","2025-07-10T00:09:48.000Z","","","Estonia","59.0","a308c000000dYR7AAM","a2t3g000000blhGAAQ","","false"
"a2z8c000000egJYAAY","0058c00000BxeO9AAJ","false","O-000767","2023-09-13T06:39:32.000Z","0058c00000BxeO9AAJ","2025-07-10T00:09:48.000Z","0058c00000BxeO9AAJ","2025-07-10T00:09:48.000Z","","","Ethiopia","60.0","a308c000000dYR7AAM","a2t3g000000blhHAAQ","","false"
"a2z8c000000egJZAAY","0058c00000BxeO9AAJ","false","O-000768","2023-09-13T06:39:32.000Z","0058c00000BxeO9AAJ","2025-07-10T00:09:48.000Z","0058c00000BxeO9AAJ","2025-07-10T00:09:48.000Z","","","Fiji","61.0","a308c000000dYR7AAM","a2t3g000000blhIAAQ","","false"
"a2z8c000000egJaAAI","0058c00000BxeO9AAJ","false","O-000769","2023-09-13T06:39:32.000Z","0058c00000BxeO9AAJ","2025-07-10T00:09:48.000Z","0058c00000BxeO9AAJ","2025-07-10T00:09:48.000Z","","","Finland","62.0","a308c000000dYR7AAM","a2t3g000000blhJAAQ","","false"
"a2z8c000000egJbAAI","0058c00000BxeO9AAJ","false","O-000770","2023-09-13T06:39:32.000Z","0058c00000BxeO9AAJ","2025-07-10T00:09:48.000Z","0058c00000BxeO9AAJ","2025-07-10T00:09:48.000Z","","","France","63.0","a308c000000dYR7AAM","a2t3g000000blhKAAQ","","false"
"a2z8c000000egJcAAI","0058c00000BxeO9AAJ","false","O-000771","2023-09-13T06:39:32.000Z","0058c00000BxeO9AAJ","2025-07-10T00:09:48.000Z","0058c00000BxeO9AAJ","2025-07-10T00:09:48.000Z","","","French Guiana","64.0","a308c000000dYR7AAM","a2t3g000000blhLAAQ","","false"
"a2z8c000000egJdAAI","0058c00000BxeO9AAJ","false","O-000772","2023-09-13T06:39:32.000Z","0058c00000BxeO9AAJ","2025-07-10T00:09:48.000Z","0058c00000BxeO9AAJ","2025-07-10T00:09:48.000Z","","","Gabon","65.0","a308c000000dYR7AAM","a2t3g000000blhMAAQ","","false"
"a2z8c000000egJeAAI","0058c00000BxeO9AAJ","false","O-000773","2023-09-13T06:39:32.000Z","0058c00000BxeO9AAJ","2025-07-10T00:09:48.000Z","0058c00000BxeO9AAJ","2025-07-10T00:09:48.000Z","","","Gambia","66.0","a308c000000dYR7AAM","a2t3g000000blhNAAQ","","false"
"a2z8c000000egJfAAI","0058c00000BxeO9AAJ","false","O-000774","2023-09-13T06:39:32.000Z","0058c00000BxeO9AAJ","2025-07-10T00:09:48.000Z","0058c00000BxeO9AAJ","2025-07-10T00:09:48.000Z","","","Georgia","67.0","a308c000000dYR7AAM","a2t3g000000blhOAAQ","","false"
"a2z8c000000egJgAAI","0058c00000BxeO9AAJ","false","O-000775","2023-09-13T06:39:32.000Z","0058c00000BxeO9AAJ","2025-07-10T00:09:48.000Z","0058c00000BxeO9AAJ","2025-07-10T00:09:48.000Z","","","Germany","68.0","a308c000000dYR7AAM","a2t3g000000blhPAAQ","","false"
"a2z8c000000egJhAAI","0058c00000BxeO9AAJ","false","O-000776","2023-09-13T06:39:32.000Z","0058c00000BxeO9AAJ","2025-07-10T00:09:48.000Z","0058c00000BxeO9AAJ","2025-07-10T00:09:48.000Z","","","Ghana","69.0","a308c000000dYR7AAM","a2t3g000000blhQAAQ","","false"
"a2z8c000000egJiAAI","0058c00000BxeO9AAJ","false","O-000777","2023-09-13T06:39:32.000Z","0058c00000BxeO9AAJ","2025-07-10T00:09:48.000Z","0058c00000BxeO9AAJ","2025-07-10T00:09:48.000Z","","","Great Britain","70.0","a308c000000dYR7AAM","a2t3g000000blhRAAQ","","false"
"a2z8c000000egJjAAI","0058c00000BxeO9AAJ","false","O-000778","2023-09-13T06:39:32.000Z","0058c00000BxeO9AAJ","2025-07-10T00:09:48.000Z","0058c00000BxeO9AAJ","2025-07-10T00:09:48.000Z","","","Greece","71.0","a308c000000dYR7AAM","a2t3g000000blhSAAQ","","false"
"a2z8c000000egJkAAI","0058c00000BxeO9AAJ","false","O-000779","2023-09-13T06:39:32.000Z","0058c00000BxeO9AAJ","2025-07-10T00:09:48.000Z","0058c00000BxeO9AAJ","2025-07-10T00:09:48.000Z","","","Grenada","72.0","a308c000000dYR7AAM","a2t3g000000blhTAAQ","","false"
"a2z8c000000egJlAAI","0058c00000BxeO9AAJ","false","O-000780","2023-09-13T06:39:32.000Z","0058c00000BxeO9AAJ","2025-07-10T00:09:48.000Z","0058c00000BxeO9AAJ","2025-07-10T00:09:48.000Z","","","Guadeloupe","73.0","a308c000000dYR7AAM","a2t3g000000blhUAAQ","","false"
"a2z8c000000egJmAAI","0058c00000BxeO9AAJ","false","O-000781","2023-09-13T06:39:32.000Z","0058c00000BxeO9AAJ","2025-07-10T00:09:48.000Z","0058c00000BxeO9AAJ","2025-07-10T00:09:48.000Z","","","Guatemala","74.0","a308c000000dYR7AAM","a2t3g000000blhVAAQ","","false"
"a2z8c000000egJnAAI","0058c00000BxeO9AAJ","false","O-000782","2023-09-13T06:39:32.000Z","0058c00000BxeO9AAJ","2025-07-10T00:09:48.000Z","0058c00000BxeO9AAJ","2025-07-10T00:09:48.000Z","","","Guinea","75.0","a308c000000dYR7AAM","a2t3g000000blhWAAQ","","false"
"a2z8c000000egJoAAI","0058c00000BxeO9AAJ","false","O-000783","2023-09-13T06:39:32.000Z","0058c00000BxeO9AAJ","2025-07-10T00:09:48.000Z","0058c00000BxeO9AAJ","2025-07-10T00:09:48.000Z","","","Guinea-Bissau","76.0","a308c000000dYR7AAM","a2t3g000000blhXAAQ","","false"
"a2z8c000000egJpAAI","0058c00000BxeO9AAJ","false","O-000784","2023-09-13T06:39:32.000Z","0058c00000BxeO9AAJ","2025-07-10T00:09:48.000Z","0058c00000BxeO9AAJ","2025-07-10T00:09:48.000Z","","","Guyana","77.0","a308c000000dYR7AAM","a2t3g000000blhYAAQ","","false"
"a2z8c000000egJqAAI","0058c00000BxeO9AAJ","false","O-000785","2023-09-13T06:39:32.000Z","0058c00000BxeO9AAJ","2025-07-10T00:09:48.000Z","0058c00000BxeO9AAJ","2025-07-10T00:09:48.000Z","","","Haiti","78.0","a308c000000dYR7AAM","a2t3g000000blhZAAQ","","false"
"a2z8c000000egJrAAI","0058c00000BxeO9AAJ","false","O-000786","2023-09-13T06:39:32.000Z","0058c00000BxeO9AAJ","2025-07-10T00:09:48.000Z","0058c00000BxeO9AAJ","2025-07-10T00:09:48.000Z","","","Honduras","79.0","a308c000000dYR7AAM","a2t3g000000blhaAAA","","false"
"a2z8c000000egJsAAI","0058c00000BxeO9AAJ","false","O-000787","2023-09-13T06:39:32.000Z","0058c00000BxeO9AAJ","2025-07-10T00:09:48.000Z","0058c00000BxeO9AAJ","2025-07-10T00:09:48.000Z","","","Hungary","80.0","a308c000000dYR7AAM","a2t3g000000blhbAAA","","false"
"a2z8c000000egJtAAI","0058c00000BxeO9AAJ","false","O-000788","2023-09-13T06:39:32.000Z","0058c00000BxeO9AAJ","2025-07-10T00:09:48.000Z","0058c00000BxeO9AAJ","2025-07-10T00:09:48.000Z","","","Iceland","81.0","a308c000000dYR7AAM","a2t3g000000blhcAAA","","false"
"a2z8c000000egJuAAI","0058c00000BxeO9AAJ","false","O-000789","2023-09-13T06:39:32.000Z","0058c00000BxeO9AAJ","2025-07-10T00:09:48.000Z","0058c00000BxeO9AAJ","2025-07-10T00:09:48.000Z","","","India","82.0","a308c000000dYR7AAM","a2t3g000000blhdAAA","","false"
"a2z8c000000egJvAAI","0058c00000BxeO9AAJ","false","O-000790","2023-09-13T06:39:32.000Z","0058c00000BxeO9AAJ","2025-07-10T00:09:48.000Z","0058c00000BxeO9AAJ","2025-07-10T00:09:48.000Z","","","Indonesia","83.0","a308c000000dYR7AAM","a2t3g000000blheAAA","","false"
"a2z8c000000egJwAAI","0058c00000BxeO9AAJ","false","O-000791","2023-09-13T06:39:32.000Z","0058c00000BxeO9AAJ","2025-07-10T00:09:48.000Z","0058c00000BxeO9AAJ","2025-07-10T00:09:48.000Z","","","Iran","84.0","a308c000000dYR7AAM","a2t3g000000blhfAAA","","false"
"a2z8c000000egJxAAI","0058c00000BxeO9AAJ","false","O-000792","2023-09-13T06:39:32.000Z","0058c00000BxeO9AAJ","2025-07-10T00:09:48.000Z","0058c00000BxeO9AAJ","2025-07-10T00:09:48.000Z","","","Iraq","85.0","a308c000000dYR7AAM","a2t3g000000blhgAAA","","false"
"a2z8c000000egJyAAI","0058c00000BxeO9AAJ","false","O-000793","2023-09-13T06:39:32.000Z","0058c00000BxeO9AAJ","2025-07-10T00:09:48.000Z","0058c00000BxeO9AAJ","2025-07-10T00:09:48.000Z","","","Paper statements","8.0","a308c000000dYQTAA2","a2t3g000000blmvAAA","","false"
"a2z8c000000egJzAAI","0058c00000BxeO9AAJ","false","O-000794","2023-09-13T06:39:32.000Z","0058c00000BxeO9AAJ","2025-07-10T00:09:48.000Z","0058c00000BxeO9AAJ","2025-07-10T00:09:48.000Z","","","Other","9.0","a308c000000dYQTAA2","a2t3g000000blmwAAA","","false"
"a2z8c000000egK0AAI","0058c00000BxeO9AAJ","false","O-000795","2023-09-13T06:39:32.000Z","0058c00000BxeO9AAJ","2025-07-10T00:09:48.000Z","0058c00000BxeO9AAJ","2025-07-10T00:09:48.000Z","","","Cash","1.0","a308c000000dYQRAA2","a2t3g000000blmxAAA","","false"
"a2z8c000000egK1AAI","0058c00000BxeO9AAJ","false","O-000796","2023-09-13T06:39:32.000Z","0058c00000BxeO9AAJ","2025-07-10T00:09:48.000Z","0058c00000BxeO9AAJ","2025-07-10T00:09:48.000Z","","","Check","2.0","a308c000000dYQRAA2","a2t3g000000blmyAAA","","false"
"a2z8c000000egK2AAI","0058c00000BxeO9AAJ","false","O-000797","2023-09-13T06:39:32.000Z","0058c00000BxeO9AAJ","2025-07-10T00:09:48.000Z","0058c00000BxeO9AAJ","2025-07-10T00:09:48.000Z","","","PayPal","6.0","a308c000000dYQRAA2","a2t3g000000blmzAAA","","false"
"a2z8c000000egK3AAI","0058c00000BxeO9AAJ","false","O-000798","2023-09-13T06:39:32.000Z","0058c00000BxeO9AAJ","2025-07-10T00:09:48.000Z","0058c00000BxeO9AAJ","2025-07-10T00:09:48.000Z","","","Store credit card","7.0","a308c000000dYQRAA2","a2t3g000000bln0AAA","","false"
"a2z8c000000egK4AAI","0058c00000BxeO9AAJ","false","O-000799","2023-09-13T06:39:32.000Z","0058c00000BxeO9AAJ","2025-07-10T00:09:48.000Z","0058c00000BxeO9AAJ","2025-07-10T00:09:48.000Z","","","Other","8.0","a308c000000dYQRAA2","a2t3g000000bln1AAA","","false"
"a2z8c000000egK5AAI","0058c00000BxeO9AAJ","false","O-000800","2023-09-13T06:39:32.000Z","0058c00000BxeO9AAJ","2025-07-10T00:09:48.000Z","0058c00000BxeO9AAJ","2025-07-10T00:09:48.000Z","","","Automatic payments","1.0","a308c000000dYQUAA2","a2t3g000000bln2AAA","","false"
"a2z8c000000egK6AAI","0058c00000BxeO9AAJ","false","O-000801","2023-09-13T06:39:32.000Z","0058c00000BxeO9AAJ","2025-07-10T00:09:48.000Z","0058c00000BxeO9AAJ","2025-07-10T00:09:48.000Z","","","Debit card","5.0","a308c000000dYQUAA2","a2t3g000000bln3AAA","","false"
"a2z8c000000egK7AAI","0058c00000BxeO9AAJ","false","O-000802","2023-09-13T06:39:32.000Z","0058c00000BxeO9AAJ","2025-07-10T00:09:48.000Z","0058c00000BxeO9AAJ","2025-07-10T00:09:48.000Z","","","Online Bill Pay","6.0","a308c000000dYQUAA2","a2t3g000000bln4AAA","","false"
"a2z8c000000egK8AAI","0058c00000BxeO9AAJ","false","O-000803","2023-09-13T06:39:32.000Z","0058c00000BxeO9AAJ","2025-07-10T00:09:48.000Z","0058c00000BxeO9AAJ","2025-07-10T00:09:48.000Z","","","Provider's web sites","7.0","a308c000000dYQUAA2","a2t3g000000bln5AAA","","false"
"a2z8c000000egK9AAI","0058c00000BxeO9AAJ","false","O-000804","2023-09-13T06:39:32.000Z","0058c00000BxeO9AAJ","2025-07-10T00:09:48.000Z","0058c00000BxeO9AAJ","2025-07-10T00:09:48.000Z","","","Other","8.0","a308c000000dYQUAA2","a2t3g000000bln6AAA","","false"
"a2z8c000000egKAAAY","0058c00000BxeO9AAJ","false","O-000805","2023-09-13T06:39:32.000Z","0058c00000BxeO9AAJ","2025-07-10T00:09:48.000Z","0058c00000BxeO9AAJ","2025-07-10T00:09:48.000Z","","","more than 7 a year","3.0","a308c000000dYQFAA2","a2t3g000000bln7AAA","","false"
"a2z8c000000egKBAAY","0058c00000BxeO9AAJ","false","O-000806","2023-09-13T06:39:32.000Z","0058c00000BxeO9AAJ","2025-07-10T00:09:48.000Z","0058c00000BxeO9AAJ","2025-07-10T00:09:48.000Z","","","Less than $3,000","1.0","a308c000000dYRFAA2","a2t3g000000bln8AAA","","false"
"a2z8c000000egKCAAY","0058c00000BxeO9AAJ","false","O-000807","2023-09-13T06:39:32.000Z","0058c00000BxeO9AAJ","2025-07-10T00:09:48.000Z","0058c00000BxeO9AAJ","2025-07-10T00:09:48.000Z","","","$3,000 - $9,999","2.0","a308c000000dYRFAA2","a2t3g000000bln9AAA","","false"
"a2z8c000000egKDAAY","0058c00000BxeO9AAJ","false","O-000808","2023-09-13T06:39:32.000Z","0058c00000BxeO9AAJ","2025-07-10T00:09:48.000Z","0058c00000BxeO9AAJ","2025-07-10T00:09:48.000Z","","","Greater than $50,000","4.0","a308c000000dYRFAA2","a2t3g000000blnAAAQ","","false"
"a2z8c000000egKEAAY","0058c00000BxeO9AAJ","false","O-000809","2023-09-13T06:39:32.000Z","0058c00000BxeO9AAJ","2025-07-10T00:09:48.000Z","0058c00000BxeO9AAJ","2025-07-10T00:09:48.000Z","","","ATM","1.0","a308c000000dYQGAA2","a2t3g000000blnBAAQ","","false"
"a2z8c000000egKFAAY","0058c00000BxeO9AAJ","false","O-000810","2023-09-13T06:39:32.000Z","0058c00000BxeO9AAJ","2025-07-10T00:09:48.000Z","0058c00000BxeO9AAJ","2025-07-10T00:09:48.000Z","","","Wire transfer","5.0","a308c000000dYQGAA2","a2t3g000000blnCAAQ","","false"
"a2z8c000000egKGAAY","0058c00000BxeO9AAJ","false","O-000811","2023-09-13T06:39:32.000Z","0058c00000BxeO9AAJ","2025-07-10T00:09:48.000Z","0058c00000BxeO9AAJ","2025-07-10T00:09:48.000Z","","","Auto","1.0","a308c000000dYQSAA2","a2t3g000000blnDAAQ","","false"
"a2z8c000000egKHAAY","0058c00000BxeO9AAJ","false","O-000812","2023-09-13T06:39:32.000Z","0058c00000BxeO9AAJ","2025-07-10T00:09:48.000Z","0058c00000BxeO9AAJ","2025-07-10T00:09:48.000Z","","","Loans","3.0","a308c000000dYQSAA2","a2t3g000000blnEAAQ","","false"
"a2z8c000000egKIAAY","0058c00000BxeO9AAJ","false","O-000813","2023-09-13T06:39:32.000Z","0058c00000BxeO9AAJ","2025-07-10T00:09:48.000Z","0058c00000BxeO9AAJ","2025-07-10T00:09:48.000Z","","","Mortgage","5.0","a308c000000dYQSAA2","a2t3g000000blnFAAQ","","false"
"a2z8c000000egKJAAY","0058c00000BxeO9AAJ","false","O-000814","2023-09-13T06:39:32.000Z","0058c00000BxeO9AAJ","2025-07-10T00:09:48.000Z","0058c00000BxeO9AAJ","2025-07-10T00:09:48.000Z","","","Insurance","7.0","a308c000000dYQSAA2","a2t3g000000blnGAAQ","","false"
"a2z8c000000egKKAAY","0058c00000BxeO9AAJ","false","O-000815","2023-09-13T06:39:32.000Z","0058c00000BxeO9AAJ","2025-07-10T00:09:48.000Z","0058c00000BxeO9AAJ","2025-07-10T00:09:48.000Z","","","Student loan","8.0","a308c000000dYQSAA2","a2t3g000000blnHAAQ","","false"
"a2z8c000000egKLAAY","0058c00000BxeO9AAJ","false","O-000816","2023-09-13T06:39:32.000Z","0058c00000BxeO9AAJ","2025-07-10T00:09:48.000Z","0058c00000BxeO9AAJ","2025-07-10T00:09:48.000Z","","","None","9.0","a308c000000dYQSAA2","a2t3g000000blnIAAQ","","false"
"a2z8c000000egKMAAY","0058c00000BxeO9AAJ","false","O-000817","2023-09-13T06:39:32.000Z","0058c00000BxeO9AAJ","2025-07-10T00:09:48.000Z","0058c00000BxeO9AAJ","2025-07-10T00:09:48.000Z","","","Other","10.0","a308c000000dYQSAA2","a2t3g000000blnJAAQ","","false"
"a2z8c000000egKNAAY","0058c00000BxeO9AAJ","false","O-000818","2023-09-13T06:39:32.000Z","0058c00000BxeO9AAJ","2025-07-10T00:09:48.000Z","0058c00000BxeO9AAJ","2025-07-10T00:09:48.000Z","","","$5.001 million - $10 million","4.0","a308c000000dYQcAAM","a2t3g000000blnKAAQ","","false"
"a2z8c000000egKOAAY","0058c00000BxeO9AAJ","false","O-000819","2023-09-13T06:39:32.000Z","0058c00000BxeO9AAJ","2025-07-10T00:09:48.000Z","0058c00000BxeO9AAJ","2025-07-10T00:09:48.000Z","","","5.1 million - 10 million","4.0","a308c000000dYQdAAM","a2t3g000000blnLAAQ","","false"
"a2z8c000000egKPAAY","0058c00000BxeO9AAJ","false","O-000820","2023-09-13T06:39:33.000Z","0058c00000BxeO9AAJ","2025-07-10T00:09:48.000Z","0058c00000BxeO9AAJ","2025-07-10T00:09:48.000Z","","","4 - 7 a month","2.0","a308c000000dYRaAAM","a2t3g000000blnMAAQ","","false"
"a2z8c000000egKQAAY","0058c00000BxeO9AAJ","false","O-000821","2023-09-13T06:39:33.000Z","0058c00000BxeO9AAJ","2025-07-10T00:09:48.000Z","0058c00000BxeO9AAJ","2025-07-10T00:09:48.000Z","","","more than 7 a month","3.0","a308c000000dYRaAAM","a2t3g000000blnNAAQ","","false"
"a2z8c000000egKRAAY","0058c00000BxeO9AAJ","false","O-000822","2023-09-13T06:39:33.000Z","0058c00000BxeO9AAJ","2025-07-10T00:09:48.000Z","0058c00000BxeO9AAJ","2025-07-10T00:09:48.000Z","","","$3,000 - $9,9999","2.0","a308c000000dYRZAA2","a2t3g000000blnOAAQ","","false"
"a2z8c000000egKSAAY","0058c00000BxeO9AAJ","false","O-000823","2023-09-13T06:39:33.000Z","0058c00000BxeO9AAJ","2025-07-10T00:09:48.000Z","0058c00000BxeO9AAJ","2025-07-10T00:09:48.000Z","","","$10,000 - $50,000","3.0","a308c000000dYRZAA2","a2t3g000000blnPAAQ","","false"
"a2z8c000000egKTAAY","0058c00000BxeO9AAJ","false","O-000824","2023-09-13T06:39:33.000Z","0058c00000BxeO9AAJ","2025-07-10T00:09:48.000Z","0058c00000BxeO9AAJ","2025-07-10T00:09:48.000Z","","","Greater than $50,000","4.0","a308c000000dYRZAA2","a2t3g000000blnQAAQ","","false"
"a2z8c000000egKUAAY","0058c00000BxeO9AAJ","false","O-000825","2023-09-13T06:39:33.000Z","0058c00000BxeO9AAJ","2025-07-10T00:09:48.000Z","0058c00000BxeO9AAJ","2025-07-10T00:09:48.000Z","","","Marijuana Related Business","2.0","a308c000000dYQjAAM","a2t3g000000blnRAAQ","","false"
"a2z8c000000egKVAAY","0058c00000BxeO9AAJ","false","O-000826","2023-09-13T06:39:33.000Z","0058c00000BxeO9AAJ","2025-07-10T00:09:48.000Z","0058c00000BxeO9AAJ","2025-07-10T00:09:48.000Z","","","IOLTA","3.0","a308c000000dYQjAAM","a2t3g000000blnSAAQ","","false"
"a2z8c000000egKWAAY","0058c00000BxeO9AAJ","false","O-000827","2023-09-13T06:39:33.000Z","0058c00000BxeO9AAJ","2025-07-10T00:09:48.000Z","0058c00000BxeO9AAJ","2025-07-10T00:09:48.000Z","","","NGO","4.0","a308c000000dYQjAAM","a2t3g000000blnTAAQ","","false"
"a2z8c000000egKXAAY","0058c00000BxeO9AAJ","false","O-000828","2023-09-13T06:39:33.000Z","0058c00000BxeO9AAJ","2025-07-10T00:09:48.000Z","0058c00000BxeO9AAJ","2025-07-10T00:09:48.000Z","","","Embassy","5.0","a308c000000dYQjAAM","a2t3g000000blnUAAQ","","false"
"a2z8c000000egKYAAY","0058c00000BxeO9AAJ","false","O-000829","2023-09-13T06:39:33.000Z","0058c00000BxeO9AAJ","2025-07-10T00:09:48.000Z","0058c00000BxeO9AAJ","2025-07-10T00:09:48.000Z","","","Pay Day Lender","7.0","a308c000000dYQjAAM","a2t3g000000blnVAAQ","","false"
"a2z8c000000egKZAAY","0058c00000BxeO9AAJ","false","O-000830","2023-09-13T06:39:33.000Z","0058c00000BxeO9AAJ","2025-07-10T00:09:48.000Z","0058c00000BxeO9AAJ","2025-07-10T00:09:48.000Z","","","FFI & NFFE","10.0","a308c000000dYQjAAM","a2t3g000000blnWAAQ","","false"
"a2z8c000000egKaAAI","0058c00000BxeO9AAJ","false","O-000831","2023-09-13T06:39:33.000Z","0058c00000BxeO9AAJ","2025-07-10T00:09:48.000Z","0058c00000BxeO9AAJ","2025-07-10T00:09:48.000Z","","","Yes","1.0","a308c000000dYRjAAM","a2t3g000000blnXAAQ","","false"
"a2z8c000000egKbAAI","0058c00000BxeO9AAJ","false","O-000832","2023-09-13T06:39:33.000Z","0058c00000BxeO9AAJ","2025-07-10T00:09:48.000Z","0058c00000BxeO9AAJ","2025-07-10T00:09:48.000Z","","","No","2.0","a308c000000dYRjAAM","a2t3g000000blnYAAQ","","false"
"a2z8c000000egKcAAI","0058c00000BxeO9AAJ","false","O-000833","2023-09-13T06:39:33.000Z","0058c00000BxeO9AAJ","2025-07-10T00:09:48.000Z","0058c00000BxeO9AAJ","2025-07-10T00:09:48.000Z","","","No","2.0","a308c000000dYRGAA2","a2t3g000000blnZAAQ","","false"
"a2z8c000000egKdAAI","0058c00000BxeO9AAJ","false","O-000834","2023-09-13T06:39:33.000Z","0058c00000BxeO9AAJ","2025-07-10T00:09:48.000Z","0058c00000BxeO9AAJ","2025-07-10T00:09:48.000Z","","","No","2.0","a308c000000dYRJAA2","a2t3g000000blnaAAA","","false"
"a2z8c000000egKeAAI","0058c00000BxeO9AAJ","false","O-000835","2023-09-13T06:39:33.000Z","0058c00000BxeO9AAJ","2025-07-10T00:09:48.000Z","0058c00000BxeO9AAJ","2025-07-10T00:09:48.000Z","","","Debit Card","3.0","a308c000000dYRDAA2","a2t3g000000blnhAAA","","false"
"a2z8c000000egKfAAI","0058c00000BxeO9AAJ","false","O-000836","2023-09-13T06:39:33.000Z","0058c00000BxeO9AAJ","2025-07-10T00:09:48.000Z","0058c00000BxeO9AAJ","2025-07-10T00:09:48.000Z","","","Household Expenditures","1.0","a308c000000dYREAA2","a2t3g000000blniAAA","","false"
"a2z8c000000egKgAAI","0058c00000BxeO9AAJ","false","O-000837","2023-09-13T06:39:33.000Z","0058c00000BxeO9AAJ","2025-07-10T00:09:48.000Z","0058c00000BxeO9AAJ","2025-07-10T00:09:48.000Z","","","$15,001 +","4.0","a308c000000dYR0AAM","a2t3g000000blnjAAA","","false"
"a2z8c000000egKhAAI","0058c00000BxeO9AAJ","false","O-000838","2023-09-13T06:39:33.000Z","0058c00000BxeO9AAJ","2025-07-10T00:09:48.000Z","0058c00000BxeO9AAJ","2025-07-10T00:09:48.000Z","","","Yes","1.0","a308c000000dYRNAA2","a2t3g000000blnkAAA","","false"
"a2z8c000000egKiAAI","0058c00000BxeO9AAJ","false","O-000839","2023-09-13T06:39:33.000Z","0058c00000BxeO9AAJ","2025-07-10T00:09:48.000Z","0058c00000BxeO9AAJ","2025-07-10T00:09:48.000Z","","","Sweep Accounts","2.0","a308c000000dYRKAA2","a2t3g000000blnlAAA","","false"
"a2z8c000000egKjAAI","0058c00000BxeO9AAJ","false","O-000840","2023-09-13T06:39:33.000Z","0058c00000BxeO9AAJ","2025-07-10T00:09:48.000Z","0058c00000BxeO9AAJ","2025-07-10T00:09:48.000Z","","","ACH","3.0","a308c000000dYRKAA2","a2t3g000000blnmAAA","","false"
"a2z8c000000egKkAAI","0058c00000BxeO9AAJ","false","O-000841","2023-09-13T06:39:33.000Z","0058c00000BxeO9AAJ","2025-07-10T00:09:48.000Z","0058c00000BxeO9AAJ","2025-07-10T00:09:48.000Z","","","Wire transfer","4.0","a308c000000dYRKAA2","a2t3g000000blnnAAA","","false"
"a2z8c000000egKlAAI","0058c00000BxeO9AAJ","false","O-000842","2023-09-13T06:39:33.000Z","0058c00000BxeO9AAJ","2025-07-10T00:09:48.000Z","0058c00000BxeO9AAJ","2025-07-10T00:09:48.000Z","","","Greater than $50,000","3.0","a308c000000dYQhAAM","a2t3g000000blnoAAA","","false"
"a2z8c000000egKmAAI","0058c00000BxeO9AAJ","false","O-000843","2023-09-13T06:39:33.000Z","0058c00000BxeO9AAJ","2025-07-10T00:09:48.000Z","0058c00000BxeO9AAJ","2025-07-10T00:09:48.000Z","","","Yes","1.0","a308c000000dYRLAA2","a2t3g000000blnpAAA","","false"
"a2z8c000000egKnAAI","0058c00000BxeO9AAJ","false","O-000844","2023-09-13T06:39:33.000Z","0058c00000BxeO9AAJ","2025-07-10T00:09:48.000Z","0058c00000BxeO9AAJ","2025-07-10T00:09:48.000Z","","","Payroll","2.0","a308c000000dYRQAA2","a2t3g000000blnqAAA","","false"
"a2z8c000000egKoAAI","0058c00000BxeO9AAJ","false","O-000845","2023-09-13T06:39:33.000Z","0058c00000BxeO9AAJ","2025-07-10T00:09:48.000Z","0058c00000BxeO9AAJ","2025-07-10T00:09:48.000Z","","","Yes","1.0","a308c000000dYRBAA2","a2t3g000000blnrAAA","","false"
"a2z8c000000egKpAAI","0058c00000BxeO9AAJ","false","O-000846","2023-09-13T06:39:33.000Z","0058c00000BxeO9AAJ","2025-07-10T00:09:48.000Z","0058c00000BxeO9AAJ","2025-07-10T00:09:48.000Z","","","Yes","1.0","a308c000000dYRCAA2","a2t3g000000blnsAAA","","false"
"a2z8c000000egKqAAI","0058c00000BxeO9AAJ","false","O-000847","2023-09-13T06:39:33.000Z","0058c00000BxeO9AAJ","2025-07-10T00:09:48.000Z","0058c00000BxeO9AAJ","2025-07-10T00:09:48.000Z","","","No","2.0","a308c000000dYRRAA2","a2t3g000000blntAAA","","false"
"a2z8c000000egKrAAI","0058c00000BxeO9AAJ","false","O-000848","2023-09-13T06:39:33.000Z","0058c00000BxeO9AAJ","2025-07-10T00:09:48.000Z","0058c00000BxeO9AAJ","2025-07-10T00:09:48.000Z","","","No","2.0","a308c000000dYRSAA2","a2t3g000000blnuAAA","","false"
"a2z8c000000egKsAAI","0058c00000BxeO9AAJ","false","O-000849","2023-09-13T06:39:33.000Z","0058c00000BxeO9AAJ","2025-07-10T00:09:48.000Z","0058c00000BxeO9AAJ","2025-07-10T00:09:48.000Z","","","Yes","1.0","a308c000000dYRnAAM","a2t3g000000blnvAAA","","false"
"a2z8c000000egKtAAI","0058c00000BxeO9AAJ","false","O-000850","2023-09-13T06:39:33.000Z","0058c00000BxeO9AAJ","2025-07-10T00:09:48.000Z","0058c00000BxeO9AAJ","2025-07-10T00:09:48.000Z","","","No","2.0","a308c000000dYRnAAM","a2t3g000000blnwAAA","","false"
"a2z8c000000egKuAAI","0058c00000BxeO9AAJ","false","O-000851","2023-09-13T06:39:33.000Z","0058c00000BxeO9AAJ","2025-07-10T00:09:48.000Z","0058c00000BxeO9AAJ","2025-07-10T00:09:48.000Z","","","Yes","1.0","a308c000000dYRzAAM","a2t3g000000blnxAAA","","false"
"a2z8c000000egKvAAI","0058c00000BxeO9AAJ","false","O-000852","2023-09-13T06:39:33.000Z","0058c00000BxeO9AAJ","2025-07-10T00:09:48.000Z","0058c00000BxeO9AAJ","2025-07-10T00:09:48.000Z","","","No","2.0","a308c000000dYRzAAM","a2t3g000000blnyAAA","","false"
"a2z8c000000egKwAAI","0058c00000BxeO9AAJ","false","O-000853","2023-09-13T06:39:33.000Z","0058c00000BxeO9AAJ","2025-07-10T00:09:48.000Z","0058c00000BxeO9AAJ","2025-07-10T00:09:48.000Z","","","Yes","1.0","a308c000000dYS0AAM","a2t3g000000blnzAAA","","false"
"a2z8c000000egKxAAI","0058c00000BxeO9AAJ","false","O-000854","2023-09-13T06:39:33.000Z","0058c00000BxeO9AAJ","2025-07-10T00:09:48.000Z","0058c00000BxeO9AAJ","2025-07-10T00:09:48.000Z","","","No","2.0","a308c000000dYS0AAM","a2t3g000000blo0AAA","","false"
"a2z8c000000egKyAAI","0058c00000BxeO9AAJ","false","O-000855","2023-09-13T06:39:33.000Z","0058c00000BxeO9AAJ","2025-07-10T00:09:48.000Z","0058c00000BxeO9AAJ","2025-07-10T00:09:48.000Z","","","Yes, Please select the HVCRE reportable checkbox on the next page.","1.0","a308c000000dYS1AAM","a2t3g000000blo1AAA","","false"
"a2z8c000000egKzAAI","0058c00000BxeO9AAJ","false","O-000856","2023-09-13T06:39:33.000Z","0058c00000BxeO9AAJ","2025-07-10T00:09:48.000Z","0058c00000BxeO9AAJ","2025-07-10T00:09:48.000Z","","","Yes, this Loan is not HVCRE reportable.","1.0","a308c000000dYRmAAM","a2t3g000000blo2AAA","","false"
"a2z8c000000egL0AAI","0058c00000BxeO9AAJ","false","O-000857","2023-09-13T06:39:33.000Z","0058c00000BxeO9AAJ","2025-07-10T00:09:48.000Z","0058c00000BxeO9AAJ","2025-07-10T00:09:48.000Z","","","No","2.0","a308c000000dYQNAA2","a2t3g000000blo3AAA","","false"
"a2z8c000000egL1AAI","0058c00000BxeO9AAJ","false","O-000858","2023-09-13T06:39:33.000Z","0058c00000BxeO9AAJ","2025-07-10T00:09:48.000Z","0058c00000BxeO9AAJ","2025-07-10T00:09:48.000Z","","","$10,000 - $50,000","3.0","a308c000000dYQfAAM","a2t3g000000blo4AAA","","false"
"a2z8c000000egL2AAI","0058c00000BxeO9AAJ","false","O-000859","2023-09-13T06:39:33.000Z","0058c00000BxeO9AAJ","2025-07-10T00:09:48.000Z","0058c00000BxeO9AAJ","2025-07-10T00:09:48.000Z","","","Greater than $50,000","4.0","a308c000000dYQfAAM","a2t3g000000blo5AAA","","false"
"a2z8c000000egL3AAI","0058c00000BxeO9AAJ","false","O-000860","2023-09-13T06:39:33.000Z","0058c00000BxeO9AAJ","2025-07-10T00:09:48.000Z","0058c00000BxeO9AAJ","2025-07-10T00:09:48.000Z","","","Italy","87.0","a308c000000dYRcAAM","a2t3g000000blkvAAA","","false"
"a2z8c000000egL4AAI","0058c00000BxeO9AAJ","false","O-000861","2023-09-13T06:39:33.000Z","0058c00000BxeO9AAJ","2025-07-10T00:09:48.000Z","0058c00000BxeO9AAJ","2025-07-10T00:09:48.000Z","","","Ivory Coast (Cote d'Ivoire)","88.0","a308c000000dYRcAAM","a2t3g000000blkwAAA","","false"
"a2z8c000000egL5AAI","0058c00000BxeO9AAJ","false","O-000862","2023-09-13T06:39:33.000Z","0058c00000BxeO9AAJ","2025-07-10T00:09:48.000Z","0058c00000BxeO9AAJ","2025-07-10T00:09:48.000Z","","","Jamaica","89.0","a308c000000dYRcAAM","a2t3g000000blkxAAA","","false"
"a2z8c000000egL6AAI","0058c00000BxeO9AAJ","false","O-000863","2023-09-13T06:39:33.000Z","0058c00000BxeO9AAJ","2025-07-10T00:09:48.000Z","0058c00000BxeO9AAJ","2025-07-10T00:09:48.000Z","","","Japan","90.0","a308c000000dYRcAAM","a2t3g000000blkyAAA","","false"
"a2z8c000000egL7AAI","0058c00000BxeO9AAJ","false","O-000864","2023-09-13T06:39:33.000Z","0058c00000BxeO9AAJ","2025-07-10T00:09:48.000Z","0058c00000BxeO9AAJ","2025-07-10T00:09:48.000Z","","","Jordan","91.0","a308c000000dYRcAAM","a2t3g000000blkzAAA","","false"
"a2z8c000000egL8AAI","0058c00000BxeO9AAJ","false","O-000865","2023-09-13T06:39:33.000Z","0058c00000BxeO9AAJ","2025-07-10T00:09:48.000Z","0058c00000BxeO9AAJ","2025-07-10T00:09:48.000Z","","","Kazakhstan","92.0","a308c000000dYRcAAM","a2t3g000000bll0AAA","","false"
"a2z8c000000egL9AAI","0058c00000BxeO9AAJ","false","O-000866","2023-09-13T06:39:33.000Z","0058c00000BxeO9AAJ","2025-07-10T00:09:48.000Z","0058c00000BxeO9AAJ","2025-07-10T00:09:48.000Z","","","Kenya","93.0","a308c000000dYRcAAM","a2t3g000000bll1AAA","","false"
"a2z8c000000egLAAAY","0058c00000BxeO9AAJ","false","O-000867","2023-09-13T06:39:33.000Z","0058c00000BxeO9AAJ","2025-07-10T00:09:48.000Z","0058c00000BxeO9AAJ","2025-07-10T00:09:48.000Z","","","Korea, Democratic Republic of (North Korea)","94.0","a308c000000dYRcAAM","a2t3g000000bll2AAA","","false"
"a2z8c000000egLBAAY","0058c00000BxeO9AAJ","false","O-000868","2023-09-13T06:39:33.000Z","0058c00000BxeO9AAJ","2025-07-10T00:09:48.000Z","0058c00000BxeO9AAJ","2025-07-10T00:09:48.000Z","","","Korea, Republic of (South Korea)","95.0","a308c000000dYRcAAM","a2t3g000000bll3AAA","","false"
"a2z8c000000egLCAAY","0058c00000BxeO9AAJ","false","O-000869","2023-09-13T06:39:33.000Z","0058c00000BxeO9AAJ","2025-07-10T00:09:48.000Z","0058c00000BxeO9AAJ","2025-07-10T00:09:48.000Z","","","Kosovo","96.0","a308c000000dYRcAAM","a2t3g000000bll4AAA","","false"
"a2z8c000000egLDAAY","0058c00000BxeO9AAJ","false","O-000870","2023-09-13T06:39:33.000Z","0058c00000BxeO9AAJ","2025-07-10T00:09:48.000Z","0058c00000BxeO9AAJ","2025-07-10T00:09:48.000Z","","","Kuwait","97.0","a308c000000dYRcAAM","a2t3g000000bll5AAA","","false"
"a2z8c000000egLEAAY","0058c00000BxeO9AAJ","false","O-000871","2023-09-13T06:39:33.000Z","0058c00000BxeO9AAJ","2025-07-10T00:09:48.000Z","0058c00000BxeO9AAJ","2025-07-10T00:09:48.000Z","","","Kyrgyz Republic (Kyrgyzstan)","98.0","a308c000000dYRcAAM","a2t3g000000bll6AAA","","false"
"a2z8c000000egLFAAY","0058c00000BxeO9AAJ","false","O-000872","2023-09-13T06:39:33.000Z","0058c00000BxeO9AAJ","2025-07-10T00:09:48.000Z","0058c00000BxeO9AAJ","2025-07-10T00:09:48.000Z","","","Laos","99.0","a308c000000dYRcAAM","a2t3g000000bll7AAA","","false"
"a2z8c000000egLGAAY","0058c00000BxeO9AAJ","false","O-000873","2023-09-13T06:39:33.000Z","0058c00000BxeO9AAJ","2025-07-10T00:09:48.000Z","0058c00000BxeO9AAJ","2025-07-10T00:09:48.000Z","","","Latvia","100.0","a308c000000dYRcAAM","a2t3g000000bll8AAA","","false"
"a2z8c000000egLHAAY","0058c00000BxeO9AAJ","false","O-000874","2023-09-13T06:39:33.000Z","0058c00000BxeO9AAJ","2025-07-10T00:09:48.000Z","0058c00000BxeO9AAJ","2025-07-10T00:09:48.000Z","","","Lebanon","101.0","a308c000000dYRcAAM","a2t3g000000bll9AAA","","false"
"a2z8c000000egLIAAY","0058c00000BxeO9AAJ","false","O-000875","2023-09-13T06:39:33.000Z","0058c00000BxeO9AAJ","2025-07-10T00:09:49.000Z","0058c00000BxeO9AAJ","2025-07-10T00:09:49.000Z","","","Lesotho","102.0","a308c000000dYRcAAM","a2t3g000000bllAAAQ","","false"
"a2z8c000000egLJAAY","0058c00000BxeO9AAJ","false","O-000876","2023-09-13T06:39:33.000Z","0058c00000BxeO9AAJ","2025-07-10T00:09:49.000Z","0058c00000BxeO9AAJ","2025-07-10T00:09:49.000Z","","","Liberia","103.0","a308c000000dYRcAAM","a2t3g000000bllBAAQ","","false"
"a2z8c000000egLKAAY","0058c00000BxeO9AAJ","false","O-000877","2023-09-13T06:39:33.000Z","0058c00000BxeO9AAJ","2025-07-10T00:09:49.000Z","0058c00000BxeO9AAJ","2025-07-10T00:09:49.000Z","","","Libya","104.0","a308c000000dYRcAAM","a2t3g000000bllCAAQ","","false"
"a2z8c000000egLLAAY","0058c00000BxeO9AAJ","false","O-000878","2023-09-13T06:39:33.000Z","0058c00000BxeO9AAJ","2025-07-10T00:09:49.000Z","0058c00000BxeO9AAJ","2025-07-10T00:09:49.000Z","","","Liechtenstein","105.0","a308c000000dYRcAAM","a2t3g000000bllDAAQ","","false"
"a2z8c000000egLMAAY","0058c00000BxeO9AAJ","false","O-000879","2023-09-13T06:39:33.000Z","0058c00000BxeO9AAJ","2025-07-10T00:09:49.000Z","0058c00000BxeO9AAJ","2025-07-10T00:09:49.000Z","","","Lithuania","106.0","a308c000000dYRcAAM","a2t3g000000bllEAAQ","","false"
"a2z8c000000egLNAAY","0058c00000BxeO9AAJ","false","O-000880","2023-09-13T06:39:33.000Z","0058c00000BxeO9AAJ","2025-07-10T00:09:49.000Z","0058c00000BxeO9AAJ","2025-07-10T00:09:49.000Z","","","Luxembourg","107.0","a308c000000dYRcAAM","a2t3g000000bllFAAQ","","false"
"a2z8c000000egLOAAY","0058c00000BxeO9AAJ","false","O-000881","2023-09-13T06:39:33.000Z","0058c00000BxeO9AAJ","2025-07-10T00:09:49.000Z","0058c00000BxeO9AAJ","2025-07-10T00:09:49.000Z","","","Macedonia, Republic of","108.0","a308c000000dYRcAAM","a2t3g000000bllGAAQ","","false"
"a2z8c000000egLPAAY","0058c00000BxeO9AAJ","false","O-000882","2023-09-13T06:39:33.000Z","0058c00000BxeO9AAJ","2025-07-10T00:09:49.000Z","0058c00000BxeO9AAJ","2025-07-10T00:09:49.000Z","","","Madagascar","109.0","a308c000000dYRcAAM","a2t3g000000bllHAAQ","","false"
"a2z8c000000egLQAAY","0058c00000BxeO9AAJ","false","O-000883","2023-09-13T06:39:33.000Z","0058c00000BxeO9AAJ","2025-07-10T00:09:49.000Z","0058c00000BxeO9AAJ","2025-07-10T00:09:49.000Z","","","Malawi","110.0","a308c000000dYRcAAM","a2t3g000000bllIAAQ","","false"
"a2z8c000000egLRAAY","0058c00000BxeO9AAJ","false","O-000884","2023-09-13T06:39:33.000Z","0058c00000BxeO9AAJ","2025-07-10T00:09:49.000Z","0058c00000BxeO9AAJ","2025-07-10T00:09:49.000Z","","","Malaysia","111.0","a308c000000dYRcAAM","a2t3g000000bllJAAQ","","false"
"a2z8c000000egLSAAY","0058c00000BxeO9AAJ","false","O-000885","2023-09-13T06:39:33.000Z","0058c00000BxeO9AAJ","2025-07-10T00:09:49.000Z","0058c00000BxeO9AAJ","2025-07-10T00:09:49.000Z","","","Maldives","112.0","a308c000000dYRcAAM","a2t3g000000bllKAAQ","","false"
"a2z8c000000egLTAAY","0058c00000BxeO9AAJ","false","O-000886","2023-09-13T06:39:33.000Z","0058c00000BxeO9AAJ","2025-07-10T00:09:49.000Z","0058c00000BxeO9AAJ","2025-07-10T00:09:49.000Z","","","Mali","113.0","a308c000000dYRcAAM","a2t3g000000bllLAAQ","","false"
"a2z8c000000egLUAAY","0058c00000BxeO9AAJ","false","O-000887","2023-09-13T06:39:33.000Z","0058c00000BxeO9AAJ","2025-07-10T00:09:49.000Z","0058c00000BxeO9AAJ","2025-07-10T00:09:49.000Z","","","Malta","114.0","a308c000000dYRcAAM","a2t3g000000bllMAAQ","","false"
"a2z8c000000egLVAAY","0058c00000BxeO9AAJ","false","O-000888","2023-09-13T06:39:33.000Z","0058c00000BxeO9AAJ","2025-07-10T00:09:49.000Z","0058c00000BxeO9AAJ","2025-07-10T00:09:49.000Z","","","Martinique","115.0","a308c000000dYRcAAM","a2t3g000000bllNAAQ","","false"
"a2z8c000000egLWAAY","0058c00000BxeO9AAJ","false","O-000889","2023-09-13T06:39:33.000Z","0058c00000BxeO9AAJ","2025-07-10T00:09:49.000Z","0058c00000BxeO9AAJ","2025-07-10T00:09:49.000Z","","","Mauritania","116.0","a308c000000dYRcAAM","a2t3g000000bllOAAQ","","false"
"a2z8c000000egLXAAY","0058c00000BxeO9AAJ","false","O-000890","2023-09-13T06:39:33.000Z","0058c00000BxeO9AAJ","2025-07-10T00:09:49.000Z","0058c00000BxeO9AAJ","2025-07-10T00:09:49.000Z","","","Mauritius","117.0","a308c000000dYRcAAM","a2t3g000000bllPAAQ","","false"
"a2z8c000000egLYAAY","0058c00000BxeO9AAJ","false","O-000891","2023-09-13T06:39:33.000Z","0058c00000BxeO9AAJ","2025-07-10T00:09:49.000Z","0058c00000BxeO9AAJ","2025-07-10T00:09:49.000Z","","","Mayotte","118.0","a308c000000dYRcAAM","a2t3g000000bllQAAQ","","false"
"a2z8c000000egLZAAY","0058c00000BxeO9AAJ","false","O-000892","2023-09-13T06:39:33.000Z","0058c00000BxeO9AAJ","2025-07-10T00:09:49.000Z","0058c00000BxeO9AAJ","2025-07-10T00:09:49.000Z","","","Mexico","119.0","a308c000000dYRcAAM","a2t3g000000bllRAAQ","","false"
"a2z8c000000egLaAAI","0058c00000BxeO9AAJ","false","O-000893","2023-09-13T06:39:33.000Z","0058c00000BxeO9AAJ","2025-07-10T00:09:49.000Z","0058c00000BxeO9AAJ","2025-07-10T00:09:49.000Z","","","Moldova, Republic of","120.0","a308c000000dYRcAAM","a2t3g000000bllSAAQ","","false"
"a2z8c000000egLbAAI","0058c00000BxeO9AAJ","false","O-000894","2023-09-13T06:39:33.000Z","0058c00000BxeO9AAJ","2025-07-10T00:09:49.000Z","0058c00000BxeO9AAJ","2025-07-10T00:09:49.000Z","","","Monaco","121.0","a308c000000dYRcAAM","a2t3g000000bllTAAQ","","false"
"a2z8c000000egLcAAI","0058c00000BxeO9AAJ","false","O-000895","2023-09-13T06:39:33.000Z","0058c00000BxeO9AAJ","2025-07-10T00:09:49.000Z","0058c00000BxeO9AAJ","2025-07-10T00:09:49.000Z","","","Mongolia","122.0","a308c000000dYRcAAM","a2t3g000000bllUAAQ","","false"
"a2z8c000000egLdAAI","0058c00000BxeO9AAJ","false","O-000896","2023-09-13T06:39:33.000Z","0058c00000BxeO9AAJ","2025-07-10T00:09:49.000Z","0058c00000BxeO9AAJ","2025-07-10T00:09:49.000Z","","","Montenegro","123.0","a308c000000dYRcAAM","a2t3g000000bllVAAQ","","false"
"a2z8c000000egLeAAI","0058c00000BxeO9AAJ","false","O-000897","2023-09-13T06:39:33.000Z","0058c00000BxeO9AAJ","2025-07-10T00:09:49.000Z","0058c00000BxeO9AAJ","2025-07-10T00:09:49.000Z","","","Montserrat","124.0","a308c000000dYRcAAM","a2t3g000000bllWAAQ","","false"
"a2z8c000000egLfAAI","0058c00000BxeO9AAJ","false","O-000898","2023-09-13T06:39:33.000Z","0058c00000BxeO9AAJ","2025-07-10T00:09:49.000Z","0058c00000BxeO9AAJ","2025-07-10T00:09:49.000Z","","","Morocco","125.0","a308c000000dYRcAAM","a2t3g000000bllXAAQ","","false"
"a2z8c000000egLgAAI","0058c00000BxeO9AAJ","false","O-000899","2023-09-13T06:39:33.000Z","0058c00000BxeO9AAJ","2025-07-10T00:09:49.000Z","0058c00000BxeO9AAJ","2025-07-10T00:09:49.000Z","","","Mozambique","126.0","a308c000000dYRcAAM","a2t3g000000bllYAAQ","","false"
"a2z8c000000egLhAAI","0058c00000BxeO9AAJ","false","O-000900","2023-09-13T06:39:33.000Z","0058c00000BxeO9AAJ","2025-07-10T00:09:49.000Z","0058c00000BxeO9AAJ","2025-07-10T00:09:49.000Z","","","Myanmar/Burma","127.0","a308c000000dYRcAAM","a2t3g000000bllZAAQ","","false"
"a2z8c000000egLiAAI","0058c00000BxeO9AAJ","false","O-000901","2023-09-13T06:39:33.000Z","0058c00000BxeO9AAJ","2025-07-10T00:09:49.000Z","0058c00000BxeO9AAJ","2025-07-10T00:09:49.000Z","","","Namibia","128.0","a308c000000dYRcAAM","a2t3g000000bllaAAA","","false"
"a2z8c000000egLjAAI","0058c00000BxeO9AAJ","false","O-000902","2023-09-13T06:39:33.000Z","0058c00000BxeO9AAJ","2025-07-10T00:09:49.000Z","0058c00000BxeO9AAJ","2025-07-10T00:09:49.000Z","","","Nepal","129.0","a308c000000dYRcAAM","a2t3g000000bllbAAA","","false"
"a2z8c000000egLkAAI","0058c00000BxeO9AAJ","false","O-000903","2023-09-13T06:39:33.000Z","0058c00000BxeO9AAJ","2025-07-10T00:09:49.000Z","0058c00000BxeO9AAJ","2025-07-10T00:09:49.000Z","","","New Zealand","130.0","a308c000000dYRcAAM","a2t3g000000bllcAAA","","false"
"a2z8c000000egLlAAI","0058c00000BxeO9AAJ","false","O-000904","2023-09-13T06:39:33.000Z","0058c00000BxeO9AAJ","2025-07-10T00:09:49.000Z","0058c00000BxeO9AAJ","2025-07-10T00:09:49.000Z","","","Nicaragua","131.0","a308c000000dYRcAAM","a2t3g000000blldAAA","","false"
"a2z8c000000egLmAAI","0058c00000BxeO9AAJ","false","O-000905","2023-09-13T06:39:33.000Z","0058c00000BxeO9AAJ","2025-07-10T00:09:49.000Z","0058c00000BxeO9AAJ","2025-07-10T00:09:49.000Z","","","Niger","132.0","a308c000000dYRcAAM","a2t3g000000blleAAA","","false"
"a2z8c000000egLnAAI","0058c00000BxeO9AAJ","false","O-000906","2023-09-13T06:39:33.000Z","0058c00000BxeO9AAJ","2025-07-10T00:09:49.000Z","0058c00000BxeO9AAJ","2025-07-10T00:09:49.000Z","","","Nigeria","133.0","a308c000000dYRcAAM","a2t3g000000bllfAAA","","false"
"a2z8c000000egLoAAI","0058c00000BxeO9AAJ","false","O-000907","2023-09-13T06:39:33.000Z","0058c00000BxeO9AAJ","2025-07-10T00:09:49.000Z","0058c00000BxeO9AAJ","2025-07-10T00:09:49.000Z","","","Norway","134.0","a308c000000dYRcAAM","a2t3g000000bllgAAA","","false"
"a2z8c000000egLpAAI","0058c00000BxeO9AAJ","false","O-000908","2023-09-13T06:39:33.000Z","0058c00000BxeO9AAJ","2025-07-10T00:09:49.000Z","0058c00000BxeO9AAJ","2025-07-10T00:09:49.000Z","","","Oman","135.0","a308c000000dYRcAAM","a2t3g000000bllhAAA","","false"
"a2z8c000000egLqAAI","0058c00000BxeO9AAJ","false","O-000909","2023-09-13T06:39:33.000Z","0058c00000BxeO9AAJ","2025-07-10T00:09:49.000Z","0058c00000BxeO9AAJ","2025-07-10T00:09:49.000Z","","","Pacific Islands","136.0","a308c000000dYRcAAM","a2t3g000000blliAAA","","false"
"a2z8c000000egLrAAI","0058c00000BxeO9AAJ","false","O-000910","2023-09-13T06:39:33.000Z","0058c00000BxeO9AAJ","2025-07-10T00:09:49.000Z","0058c00000BxeO9AAJ","2025-07-10T00:09:49.000Z","","","Pakistan","137.0","a308c000000dYRcAAM","a2t3g000000blljAAA","","false"
"a2z8c000000egLsAAI","0058c00000BxeO9AAJ","false","O-000911","2023-09-13T06:39:33.000Z","0058c00000BxeO9AAJ","2025-07-10T00:09:49.000Z","0058c00000BxeO9AAJ","2025-07-10T00:09:49.000Z","","","Panama","138.0","a308c000000dYRcAAM","a2t3g000000bllkAAA","","false"
"a2z8c000000egLtAAI","0058c00000BxeO9AAJ","false","O-000912","2023-09-13T06:39:33.000Z","0058c00000BxeO9AAJ","2025-07-10T00:09:49.000Z","0058c00000BxeO9AAJ","2025-07-10T00:09:49.000Z","","","Papua New Guinea","139.0","a308c000000dYRcAAM","a2t3g000000blllAAA","","false"
"a2z8c000000egLuAAI","0058c00000BxeO9AAJ","false","O-000913","2023-09-13T06:39:33.000Z","0058c00000BxeO9AAJ","2025-07-10T00:09:49.000Z","0058c00000BxeO9AAJ","2025-07-10T00:09:49.000Z","","","Paraguay","140.0","a308c000000dYRcAAM","a2t3g000000bllmAAA","","false"
"a2z8c000000egLvAAI","0058c00000BxeO9AAJ","false","O-000914","2023-09-13T06:39:33.000Z","0058c00000BxeO9AAJ","2025-07-10T00:09:49.000Z","0058c00000BxeO9AAJ","2025-07-10T00:09:49.000Z","","","Peru","141.0","a308c000000dYRcAAM","a2t3g000000bllnAAA","","false"
"a2z8c000000egLwAAI","0058c00000BxeO9AAJ","false","O-000915","2023-09-13T06:39:33.000Z","0058c00000BxeO9AAJ","2025-07-10T00:09:49.000Z","0058c00000BxeO9AAJ","2025-07-10T00:09:49.000Z","","","Philippines","142.0","a308c000000dYRcAAM","a2t3g000000blloAAA","","false"
"a2z8c000000egLxAAI","0058c00000BxeO9AAJ","false","O-000916","2023-09-13T06:39:33.000Z","0058c00000BxeO9AAJ","2025-07-10T00:09:49.000Z","0058c00000BxeO9AAJ","2025-07-10T00:09:49.000Z","","","Poland","143.0","a308c000000dYRcAAM","a2t3g000000bllpAAA","","false"
"a2z8c000000egLyAAI","0058c00000BxeO9AAJ","false","O-000917","2023-09-13T06:39:33.000Z","0058c00000BxeO9AAJ","2025-07-10T00:09:49.000Z","0058c00000BxeO9AAJ","2025-07-10T00:09:49.000Z","","","Portugal","144.0","a308c000000dYRcAAM","a2t3g000000bllqAAA","","false"
"a2z8c000000egLzAAI","0058c00000BxeO9AAJ","false","O-000918","2023-09-13T06:39:33.000Z","0058c00000BxeO9AAJ","2025-07-10T00:09:49.000Z","0058c00000BxeO9AAJ","2025-07-10T00:09:49.000Z","","","Puerto Rico","145.0","a308c000000dYRcAAM","a2t3g000000bllrAAA","","false"
"a2z8c000000egM0AAI","0058c00000BxeO9AAJ","false","O-000919","2023-09-13T06:39:33.000Z","0058c00000BxeO9AAJ","2025-07-10T00:09:49.000Z","0058c00000BxeO9AAJ","2025-07-10T00:09:49.000Z","","","Qatar","146.0","a308c000000dYRcAAM","a2t3g000000bllsAAA","","false"
"a2z8c000000egM1AAI","0058c00000BxeO9AAJ","false","O-000920","2023-09-13T06:39:34.000Z","0058c00000BxeO9AAJ","2025-07-10T00:09:49.000Z","0058c00000BxeO9AAJ","2025-07-10T00:09:49.000Z","","","Reunion","147.0","a308c000000dYRcAAM","a2t3g000000blltAAA","","false"
"a2z8c000000egM2AAI","0058c00000BxeO9AAJ","false","O-000921","2023-09-13T06:39:34.000Z","0058c00000BxeO9AAJ","2025-07-10T00:09:49.000Z","0058c00000BxeO9AAJ","2025-07-10T00:09:49.000Z","","","Romania","148.0","a308c000000dYRcAAM","a2t3g000000blluAAA","","false"
"a2z8c000000egM3AAI","0058c00000BxeO9AAJ","false","O-000922","2023-09-13T06:39:34.000Z","0058c00000BxeO9AAJ","2025-07-10T00:09:49.000Z","0058c00000BxeO9AAJ","2025-07-10T00:09:49.000Z","","","Russian Federation","149.0","a308c000000dYRcAAM","a2t3g000000bllvAAA","","false"
"a2z8c000000egM4AAI","0058c00000BxeO9AAJ","false","O-000923","2023-09-13T06:39:34.000Z","0058c00000BxeO9AAJ","2025-07-10T00:09:49.000Z","0058c00000BxeO9AAJ","2025-07-10T00:09:49.000Z","","","Rwanda","150.0","a308c000000dYRcAAM","a2t3g000000bllwAAA","","false"
"a2z8c000000egM5AAI","0058c00000BxeO9AAJ","false","O-000924","2023-09-13T06:39:34.000Z","0058c00000BxeO9AAJ","2025-07-10T00:09:49.000Z","0058c00000BxeO9AAJ","2025-07-10T00:09:49.000Z","","","Saint Kitts and Nevis","151.0","a308c000000dYRcAAM","a2t3g000000bllxAAA","","false"
"a2z8c000000egM6AAI","0058c00000BxeO9AAJ","false","O-000925","2023-09-13T06:39:34.000Z","0058c00000BxeO9AAJ","2025-07-10T00:09:49.000Z","0058c00000BxeO9AAJ","2025-07-10T00:09:49.000Z","","","Saint Lucia","152.0","a308c000000dYRcAAM","a2t3g000000bllyAAA","","false"
"a2z8c000000egM7AAI","0058c00000BxeO9AAJ","false","O-000926","2023-09-13T06:39:34.000Z","0058c00000BxeO9AAJ","2025-07-10T00:09:49.000Z","0058c00000BxeO9AAJ","2025-07-10T00:09:49.000Z","","","Saint Vincent and the Grenadines","153.0","a308c000000dYRcAAM","a2t3g000000bllzAAA","","false"
"a2z8c000000egM8AAI","0058c00000BxeO9AAJ","false","O-000927","2023-09-13T06:39:34.000Z","0058c00000BxeO9AAJ","2025-07-10T00:09:49.000Z","0058c00000BxeO9AAJ","2025-07-10T00:09:49.000Z","","","Samoa","154.0","a308c000000dYRcAAM","a2t3g000000blm0AAA","","false"
"a2z8c000000egM9AAI","0058c00000BxeO9AAJ","false","O-000928","2023-09-13T06:39:34.000Z","0058c00000BxeO9AAJ","2025-07-10T00:09:49.000Z","0058c00000BxeO9AAJ","2025-07-10T00:09:49.000Z","","","Sao Tome and Principe","155.0","a308c000000dYRcAAM","a2t3g000000blm1AAA","","false"
"a2z8c000000egMAAAY","0058c00000BxeO9AAJ","false","O-000929","2023-09-13T06:39:34.000Z","0058c00000BxeO9AAJ","2025-07-10T00:09:49.000Z","0058c00000BxeO9AAJ","2025-07-10T00:09:49.000Z","","","Saudi Arabia","156.0","a308c000000dYRcAAM","a2t3g000000blm2AAA","","false"
"a2z8c000000egMBAAY","0058c00000BxeO9AAJ","false","O-000930","2023-09-13T06:39:34.000Z","0058c00000BxeO9AAJ","2025-07-10T00:09:49.000Z","0058c00000BxeO9AAJ","2025-07-10T00:09:49.000Z","","","Senegal","157.0","a308c000000dYRcAAM","a2t3g000000blm3AAA","","false"
"a2z8c000000egMCAAY","0058c00000BxeO9AAJ","false","O-000931","2023-09-13T06:39:34.000Z","0058c00000BxeO9AAJ","2025-07-10T00:09:49.000Z","0058c00000BxeO9AAJ","2025-07-10T00:09:49.000Z","","","Serbia","158.0","a308c000000dYRcAAM","a2t3g000000blm4AAA","","false"
"a2z8c000000egMDAAY","0058c00000BxeO9AAJ","false","O-000932","2023-09-13T06:39:34.000Z","0058c00000BxeO9AAJ","2025-07-10T00:09:49.000Z","0058c00000BxeO9AAJ","2025-07-10T00:09:49.000Z","","","Seychelles","159.0","a308c000000dYRcAAM","a2t3g000000blm5AAA","","false"
"a2z8c000000egMEAAY","0058c00000BxeO9AAJ","false","O-000933","2023-09-13T06:39:34.000Z","0058c00000BxeO9AAJ","2025-07-10T00:09:49.000Z","0058c00000BxeO9AAJ","2025-07-10T00:09:49.000Z","","","Sierra Leone","160.0","a308c000000dYRcAAM","a2t3g000000blm6AAA","","false"
"a2z8c000000egMFAAY","0058c00000BxeO9AAJ","false","O-000934","2023-09-13T06:39:34.000Z","0058c00000BxeO9AAJ","2025-07-10T00:09:49.000Z","0058c00000BxeO9AAJ","2025-07-10T00:09:49.000Z","","","Singapore","161.0","a308c000000dYRcAAM","a2t3g000000blm7AAA","","false"
"a2z8c000000egMGAAY","0058c00000BxeO9AAJ","false","O-000935","2023-09-13T06:39:34.000Z","0058c00000BxeO9AAJ","2025-07-10T00:09:49.000Z","0058c00000BxeO9AAJ","2025-07-10T00:09:49.000Z","","","Slovak Republic (Slovakia)","162.0","a308c000000dYRcAAM","a2t3g000000blm8AAA","","false"
"a2z8c000000egMHAAY","0058c00000BxeO9AAJ","false","O-000936","2023-09-13T06:39:34.000Z","0058c00000BxeO9AAJ","2025-07-10T00:09:49.000Z","0058c00000BxeO9AAJ","2025-07-10T00:09:49.000Z","","","Slovenia","163.0","a308c000000dYRcAAM","a2t3g000000blm9AAA","","false"
"a2z8c000000egMIAAY","0058c00000BxeO9AAJ","false","O-000937","2023-09-13T06:39:34.000Z","0058c00000BxeO9AAJ","2025-07-10T00:09:49.000Z","0058c00000BxeO9AAJ","2025-07-10T00:09:49.000Z","","","Solomon Islands","164.0","a308c000000dYRcAAM","a2t3g000000blmAAAQ","","false"
"a2z8c000000egMJAAY","0058c00000BxeO9AAJ","false","O-000938","2023-09-13T06:39:34.000Z","0058c00000BxeO9AAJ","2025-07-10T00:09:49.000Z","0058c00000BxeO9AAJ","2025-07-10T00:09:49.000Z","","","Somalia","165.0","a308c000000dYRcAAM","a2t3g000000blmBAAQ","","false"
"a2z8c000000egMKAAY","0058c00000BxeO9AAJ","false","O-000939","2023-09-13T06:39:34.000Z","0058c00000BxeO9AAJ","2025-07-10T00:09:49.000Z","0058c00000BxeO9AAJ","2025-07-10T00:09:49.000Z","","","South Africa","166.0","a308c000000dYRcAAM","a2t3g000000blmCAAQ","","false"
"a2z8c000000egMLAAY","0058c00000BxeO9AAJ","false","O-000940","2023-09-13T06:39:34.000Z","0058c00000BxeO9AAJ","2025-07-10T00:09:49.000Z","0058c00000BxeO9AAJ","2025-07-10T00:09:49.000Z","","","South Sudan","167.0","a308c000000dYRcAAM","a2t3g000000blmDAAQ","","false"
"a2z8c000000egMMAAY","0058c00000BxeO9AAJ","false","O-000941","2023-09-13T06:39:34.000Z","0058c00000BxeO9AAJ","2025-07-10T00:09:49.000Z","0058c00000BxeO9AAJ","2025-07-10T00:09:49.000Z","","","Spain","168.0","a308c000000dYRcAAM","a2t3g000000blmEAAQ","","false"
"a2z8c000000egMNAAY","0058c00000BxeO9AAJ","false","O-000942","2023-09-13T06:39:34.000Z","0058c00000BxeO9AAJ","2025-07-10T00:09:49.000Z","0058c00000BxeO9AAJ","2025-07-10T00:09:49.000Z","","","Sri Lanka","169.0","a308c000000dYRcAAM","a2t3g000000blmFAAQ","","false"
"a2z8c000000egMOAAY","0058c00000BxeO9AAJ","false","O-000943","2023-09-13T06:39:34.000Z","0058c00000BxeO9AAJ","2025-07-10T00:09:49.000Z","0058c00000BxeO9AAJ","2025-07-10T00:09:49.000Z","","","Sudan","170.0","a308c000000dYRcAAM","a2t3g000000blmGAAQ","","false"
"a2z8c000000egMPAAY","0058c00000BxeO9AAJ","false","O-000944","2023-09-13T06:39:34.000Z","0058c00000BxeO9AAJ","2025-07-10T00:09:49.000Z","0058c00000BxeO9AAJ","2025-07-10T00:09:49.000Z","","","Suriname","171.0","a308c000000dYRcAAM","a2t3g000000blmHAAQ","","false"
"a2z8c000000egMQAAY","0058c00000BxeO9AAJ","false","O-000945","2023-09-13T06:39:34.000Z","0058c00000BxeO9AAJ","2025-07-10T00:09:49.000Z","0058c00000BxeO9AAJ","2025-07-10T00:09:49.000Z","","","Swaziland","172.0","a308c000000dYRcAAM","a2t3g000000blmIAAQ","","false"
"a2z8c000000egMRAAY","0058c00000BxeO9AAJ","false","O-000946","2023-09-13T06:39:34.000Z","0058c00000BxeO9AAJ","2025-07-10T00:09:49.000Z","0058c00000BxeO9AAJ","2025-07-10T00:09:49.000Z","","","Sweden","173.0","a308c000000dYRcAAM","a2t3g000000blmJAAQ","","false"
"a2z8c000000egMSAAY","0058c00000BxeO9AAJ","false","O-000947","2023-09-13T06:39:34.000Z","0058c00000BxeO9AAJ","2025-07-10T00:09:49.000Z","0058c00000BxeO9AAJ","2025-07-10T00:09:49.000Z","","","Switzerland","174.0","a308c000000dYRcAAM","a2t3g000000blmKAAQ","","false"
"a2z8c000000egMTAAY","0058c00000BxeO9AAJ","false","O-000948","2023-09-13T06:39:34.000Z","0058c00000BxeO9AAJ","2025-07-10T00:09:49.000Z","0058c00000BxeO9AAJ","2025-07-10T00:09:49.000Z","","","Syria","175.0","a308c000000dYRcAAM","a2t3g000000blmLAAQ","","false"
"a2z8c000000egMUAAY","0058c00000BxeO9AAJ","false","O-000949","2023-09-13T06:39:34.000Z","0058c00000BxeO9AAJ","2025-07-10T00:09:49.000Z","0058c00000BxeO9AAJ","2025-07-10T00:09:49.000Z","","","Tajikistan","176.0","a308c000000dYRcAAM","a2t3g000000blmMAAQ","","false"
"a2z8c000000egMVAAY","0058c00000BxeO9AAJ","false","O-000950","2023-09-13T06:39:34.000Z","0058c00000BxeO9AAJ","2025-07-10T00:09:49.000Z","0058c00000BxeO9AAJ","2025-07-10T00:09:49.000Z","","","Tanzania","177.0","a308c000000dYRcAAM","a2t3g000000blmNAAQ","","false"
"a2z8c000000egMWAAY","0058c00000BxeO9AAJ","false","O-000951","2023-09-13T06:39:34.000Z","0058c00000BxeO9AAJ","2025-07-10T00:09:49.000Z","0058c00000BxeO9AAJ","2025-07-10T00:09:49.000Z","","","Thailand","178.0","a308c000000dYRcAAM","a2t3g000000blmOAAQ","","false"
"a2z8c000000egMXAAY","0058c00000BxeO9AAJ","false","O-000952","2023-09-13T06:39:34.000Z","0058c00000BxeO9AAJ","2025-07-10T00:09:49.000Z","0058c00000BxeO9AAJ","2025-07-10T00:09:49.000Z","","","Netherlands","179.0","a308c000000dYRcAAM","a2t3g000000blmPAAQ","","false"
"a2z8c000000egMYAAY","0058c00000BxeO9AAJ","false","O-000953","2023-09-13T06:39:34.000Z","0058c00000BxeO9AAJ","2025-07-10T00:09:49.000Z","0058c00000BxeO9AAJ","2025-07-10T00:09:49.000Z","","","Timor Leste","180.0","a308c000000dYRcAAM","a2t3g000000blmQAAQ","","false"
"a2z8c000000egMZAAY","0058c00000BxeO9AAJ","false","O-000954","2023-09-13T06:39:34.000Z","0058c00000BxeO9AAJ","2025-07-10T00:09:49.000Z","0058c00000BxeO9AAJ","2025-07-10T00:09:49.000Z","","","Togo","181.0","a308c000000dYRcAAM","a2t3g000000blmRAAQ","","false"
"a2z8c000000egMaAAI","0058c00000BxeO9AAJ","false","O-000955","2023-09-13T06:39:34.000Z","0058c00000BxeO9AAJ","2025-07-10T00:09:49.000Z","0058c00000BxeO9AAJ","2025-07-10T00:09:49.000Z","","","Trinidad & Tobago","182.0","a308c000000dYRcAAM","a2t3g000000blmSAAQ","","false"
"a2z8c000000egMbAAI","0058c00000BxeO9AAJ","false","O-000956","2023-09-13T06:39:34.000Z","0058c00000BxeO9AAJ","2025-07-10T00:09:49.000Z","0058c00000BxeO9AAJ","2025-07-10T00:09:49.000Z","","","Tunisia","183.0","a308c000000dYRcAAM","a2t3g000000blmTAAQ","","false"
"a2z8c000000egMcAAI","0058c00000BxeO9AAJ","false","O-000957","2023-09-13T06:39:34.000Z","0058c00000BxeO9AAJ","2025-07-10T00:09:49.000Z","0058c00000BxeO9AAJ","2025-07-10T00:09:49.000Z","","","Turkey","184.0","a308c000000dYRcAAM","a2t3g000000blmUAAQ","","false"
"a2z8c000000egMdAAI","0058c00000BxeO9AAJ","false","O-000958","2023-09-13T06:39:34.000Z","0058c00000BxeO9AAJ","2025-07-10T00:09:49.000Z","0058c00000BxeO9AAJ","2025-07-10T00:09:49.000Z","","","Turkmenistan","185.0","a308c000000dYRcAAM","a2t3g000000blmVAAQ","","false"
"a2z8c000000egMeAAI","0058c00000BxeO9AAJ","false","O-000959","2023-09-13T06:39:34.000Z","0058c00000BxeO9AAJ","2025-07-10T00:09:49.000Z","0058c00000BxeO9AAJ","2025-07-10T00:09:49.000Z","","","Turks & Caicos Islands","186.0","a308c000000dYRcAAM","a2t3g000000blmWAAQ","","false"
"a2z8c000000egMfAAI","0058c00000BxeO9AAJ","false","O-000960","2023-09-13T06:39:34.000Z","0058c00000BxeO9AAJ","2025-07-10T00:09:49.000Z","0058c00000BxeO9AAJ","2025-07-10T00:09:49.000Z","","","No","2.0","a308c000000dYQnAAM","a2t3g000000blg5AAA","","false"
"a2z8c000000egMgAAI","0058c00000BxeO9AAJ","false","O-000961","2023-09-13T06:39:34.000Z","0058c00000BxeO9AAJ","2025-07-10T00:09:49.000Z","0058c00000BxeO9AAJ","2025-07-10T00:09:49.000Z","","","Yes","1.0","a308c000000dYQoAAM","a2t3g000000blg6AAA","","false"
"a2z8c000000egMhAAI","0058c00000BxeO9AAJ","false","O-000962","2023-09-13T06:39:34.000Z","0058c00000BxeO9AAJ","2025-07-10T00:09:49.000Z","0058c00000BxeO9AAJ","2025-07-10T00:09:49.000Z","","","Yes","1.0","a308c000000dYQpAAM","a2t3g000000blg7AAA","","false"
"a2z8c000000egMiAAI","0058c00000BxeO9AAJ","false","O-000963","2023-09-13T06:39:34.000Z","0058c00000BxeO9AAJ","2025-07-10T00:09:49.000Z","0058c00000BxeO9AAJ","2025-07-10T00:09:49.000Z","","","Yes","1.0","a308c000000dYQrAAM","a2t3g000000blg8AAA","","false"
"a2z8c000000egMjAAI","0058c00000BxeO9AAJ","false","O-000964","2023-09-13T06:39:34.000Z","0058c00000BxeO9AAJ","2025-07-10T00:09:49.000Z","0058c00000BxeO9AAJ","2025-07-10T00:09:49.000Z","","","Yes","1.0","a308c000000dYQsAAM","a2t3g000000blg9AAA","","false"
"a2z8c000000egMkAAI","0058c00000BxeO9AAJ","false","O-000965","2023-09-13T06:39:34.000Z","0058c00000BxeO9AAJ","2025-07-10T00:09:49.000Z","0058c00000BxeO9AAJ","2025-07-10T00:09:49.000Z","","","No","2.0","a308c000000dYR6AAM","a2t3g000000blgAAAQ","","false"
"a2z8c000000egMlAAI","0058c00000BxeO9AAJ","false","O-000966","2023-09-13T06:39:34.000Z","0058c00000BxeO9AAJ","2025-07-10T00:09:49.000Z","0058c00000BxeO9AAJ","2025-07-10T00:09:49.000Z","","","Yes","1.0","a308c000000dYRvAAM","a2t3g000000blgBAAQ","","false"
"a2z8c000000egMmAAI","0058c00000BxeO9AAJ","false","O-000967","2023-09-13T06:39:34.000Z","0058c00000BxeO9AAJ","2025-07-10T00:09:49.000Z","0058c00000BxeO9AAJ","2025-07-10T00:09:49.000Z","","","No","2.0","a308c000000dYRvAAM","a2t3g000000blgCAAQ","","false"
"a2z8c000000egMnAAI","0058c00000BxeO9AAJ","false","O-000968","2023-09-13T06:39:34.000Z","0058c00000BxeO9AAJ","2025-07-10T00:09:49.000Z","0058c00000BxeO9AAJ","2025-07-10T00:09:49.000Z","","","0-1","1.0","a308c000000dYRwAAM","a2t3g000000blgDAAQ","","false"
"a2z8c000000egMoAAI","0058c00000BxeO9AAJ","false","O-000969","2023-09-13T06:39:34.000Z","0058c00000BxeO9AAJ","2025-07-10T00:09:49.000Z","0058c00000BxeO9AAJ","2025-07-10T00:09:49.000Z","","","2-4","2.0","a308c000000dYRwAAM","a2t3g000000blgEAAQ","","false"
"a2z8c000000egMpAAI","0058c00000BxeO9AAJ","false","O-000970","2023-09-13T06:39:34.000Z","0058c00000BxeO9AAJ","2025-07-10T00:09:49.000Z","0058c00000BxeO9AAJ","2025-07-10T00:09:49.000Z","","","5+","3.0","a308c000000dYRwAAM","a2t3g000000blgFAAQ","","false"
"a2z8c000000egMqAAI","0058c00000BxeO9AAJ","false","O-000971","2023-09-13T06:39:34.000Z","0058c00000BxeO9AAJ","2025-07-10T00:09:49.000Z","0058c00000BxeO9AAJ","2025-07-10T00:09:49.000Z","","","Yes","1.0","a308c000000dYRxAAM","a2t3g000000blgGAAQ","","false"
"a2z8c000000egMrAAI","0058c00000BxeO9AAJ","false","O-000972","2023-09-13T06:39:34.000Z","0058c00000BxeO9AAJ","2025-07-10T00:09:49.000Z","0058c00000BxeO9AAJ","2025-07-10T00:09:49.000Z","","","No","2.0","a308c000000dYRxAAM","a2t3g000000blgHAAQ","","false"
"a2z8c000000egMsAAI","0058c00000BxeO9AAJ","false","O-000973","2023-09-13T06:39:34.000Z","0058c00000BxeO9AAJ","2025-07-10T00:09:49.000Z","0058c00000BxeO9AAJ","2025-07-10T00:09:49.000Z","","","Yes","1.0","a308c000000dYRyAAM","a2t3g000000blgIAAQ","","false"
"a2z8c000000egMtAAI","0058c00000BxeO9AAJ","false","O-000974","2023-09-13T06:39:34.000Z","0058c00000BxeO9AAJ","2025-07-10T00:09:49.000Z","0058c00000BxeO9AAJ","2025-07-10T00:09:49.000Z","","","No","2.0","a308c000000dYRyAAM","a2t3g000000blgJAAQ","","false"
"a2z8c000000egMuAAI","0058c00000BxeO9AAJ","false","O-000975","2023-09-13T06:39:34.000Z","0058c00000BxeO9AAJ","2025-07-10T00:09:49.000Z","0058c00000BxeO9AAJ","2025-07-10T00:09:49.000Z","","","Yes","1.0","a308c000000dYR3AAM","a2t3g000000blgKAAQ","","false"
"a2z8c000000egMvAAI","0058c00000BxeO9AAJ","false","O-000976","2023-09-13T06:39:34.000Z","0058c00000BxeO9AAJ","2025-07-10T00:09:49.000Z","0058c00000BxeO9AAJ","2025-07-10T00:09:49.000Z","","","Afghanistan","1.0","a308c000000dYR7AAM","a2t3g000000blgLAAQ","","false"
"a2z8c000000egMwAAI","0058c00000BxeO9AAJ","false","O-000977","2023-09-13T06:39:34.000Z","0058c00000BxeO9AAJ","2025-07-10T00:09:49.000Z","0058c00000BxeO9AAJ","2025-07-10T00:09:49.000Z","","","Albania","2.0","a308c000000dYR7AAM","a2t3g000000blgMAAQ","","false"
"a2z8c000000egMxAAI","0058c00000BxeO9AAJ","false","O-000978","2023-09-13T06:39:34.000Z","0058c00000BxeO9AAJ","2025-07-10T00:09:49.000Z","0058c00000BxeO9AAJ","2025-07-10T00:09:49.000Z","","","Algeria","3.0","a308c000000dYR7AAM","a2t3g000000blgNAAQ","","false"
"a2z8c000000egMyAAI","0058c00000BxeO9AAJ","false","O-000979","2023-09-13T06:39:34.000Z","0058c00000BxeO9AAJ","2025-07-10T00:09:49.000Z","0058c00000BxeO9AAJ","2025-07-10T00:09:49.000Z","","","Andorra","4.0","a308c000000dYR7AAM","a2t3g000000blgOAAQ","","false"
"a2z8c000000egMzAAI","0058c00000BxeO9AAJ","false","O-000980","2023-09-13T06:39:34.000Z","0058c00000BxeO9AAJ","2025-07-10T00:09:49.000Z","0058c00000BxeO9AAJ","2025-07-10T00:09:49.000Z","","","Angola","5.0","a308c000000dYR7AAM","a2t3g000000blgPAAQ","","false"
"a2z8c000000egN0AAI","0058c00000BxeO9AAJ","false","O-000981","2023-09-13T06:39:34.000Z","0058c00000BxeO9AAJ","2025-07-10T00:09:49.000Z","0058c00000BxeO9AAJ","2025-07-10T00:09:49.000Z","","","Anguilla","6.0","a308c000000dYR7AAM","a2t3g000000blgQAAQ","","false"
"a2z8c000000egN1AAI","0058c00000BxeO9AAJ","false","O-000982","2023-09-13T06:39:34.000Z","0058c00000BxeO9AAJ","2025-07-10T00:09:49.000Z","0058c00000BxeO9AAJ","2025-07-10T00:09:49.000Z","","","Antigua & Barbuda","7.0","a308c000000dYR7AAM","a2t3g000000blgRAAQ","","false"
"a2z8c000000egN2AAI","0058c00000BxeO9AAJ","false","O-000983","2023-09-13T06:39:34.000Z","0058c00000BxeO9AAJ","2025-07-10T00:09:49.000Z","0058c00000BxeO9AAJ","2025-07-10T00:09:49.000Z","","","Argentina","8.0","a308c000000dYR7AAM","a2t3g000000blgSAAQ","","false"
"a2z8c000000egN3AAI","0058c00000BxeO9AAJ","false","O-000984","2023-09-13T06:39:34.000Z","0058c00000BxeO9AAJ","2025-07-10T00:09:49.000Z","0058c00000BxeO9AAJ","2025-07-10T00:09:49.000Z","","","Armenia","9.0","a308c000000dYR7AAM","a2t3g000000blgTAAQ","","false"
"a2z8c000000egN4AAI","0058c00000BxeO9AAJ","false","O-000985","2023-09-13T06:39:34.000Z","0058c00000BxeO9AAJ","2025-07-10T00:09:49.000Z","0058c00000BxeO9AAJ","2025-07-10T00:09:49.000Z","","","Australia","10.0","a308c000000dYR7AAM","a2t3g000000blgUAAQ","","false"
"a2z8c000000egN5AAI","0058c00000BxeO9AAJ","false","O-000986","2023-09-13T06:39:34.000Z","0058c00000BxeO9AAJ","2025-07-10T00:09:49.000Z","0058c00000BxeO9AAJ","2025-07-10T00:09:49.000Z","","","Austria","11.0","a308c000000dYR7AAM","a2t3g000000blgVAAQ","","false"
"a2z8c000000egN6AAI","0058c00000BxeO9AAJ","false","O-000987","2023-09-13T06:39:34.000Z","0058c00000BxeO9AAJ","2025-07-10T00:09:49.000Z","0058c00000BxeO9AAJ","2025-07-10T00:09:49.000Z","","","Azerbaijan","12.0","a308c000000dYR7AAM","a2t3g000000blgWAAQ","","false"
"a2z8c000000egN7AAI","0058c00000BxeO9AAJ","false","O-000988","2023-09-13T06:39:34.000Z","0058c00000BxeO9AAJ","2025-07-10T00:09:49.000Z","0058c00000BxeO9AAJ","2025-07-10T00:09:49.000Z","","","Bahamas","13.0","a308c000000dYR7AAM","a2t3g000000blgXAAQ","","false"
"a2z8c000000egN8AAI","0058c00000BxeO9AAJ","false","O-000989","2023-09-13T06:39:34.000Z","0058c00000BxeO9AAJ","2025-07-10T00:09:49.000Z","0058c00000BxeO9AAJ","2025-07-10T00:09:49.000Z","","","Bahrain","14.0","a308c000000dYR7AAM","a2t3g000000blgYAAQ","","false"
"a2z8c000000egN9AAI","0058c00000BxeO9AAJ","false","O-000990","2023-09-13T06:39:34.000Z","0058c00000BxeO9AAJ","2025-07-10T00:09:49.000Z","0058c00000BxeO9AAJ","2025-07-10T00:09:49.000Z","","","Bangladesh","15.0","a308c000000dYR7AAM","a2t3g000000blgZAAQ","","false"
"a2z8c000000egNAAAY","0058c00000BxeO9AAJ","false","O-000991","2023-09-13T06:39:34.000Z","0058c00000BxeO9AAJ","2025-07-10T00:09:49.000Z","0058c00000BxeO9AAJ","2025-07-10T00:09:49.000Z","","","Barbados","16.0","a308c000000dYR7AAM","a2t3g000000blgaAAA","","false"
"a2z8c000000egNBAAY","0058c00000BxeO9AAJ","false","O-000992","2023-09-13T06:39:34.000Z","0058c00000BxeO9AAJ","2025-07-10T00:09:49.000Z","0058c00000BxeO9AAJ","2025-07-10T00:09:49.000Z","","","Belarus","17.0","a308c000000dYR7AAM","a2t3g000000blgbAAA","","false"
"a2z8c000000egNCAAY","0058c00000BxeO9AAJ","false","O-000993","2023-09-13T06:39:34.000Z","0058c00000BxeO9AAJ","2025-07-10T00:09:49.000Z","0058c00000BxeO9AAJ","2025-07-10T00:09:49.000Z","","","Belgium","18.0","a308c000000dYR7AAM","a2t3g000000blgcAAA","","false"
"a2z8c000000egNDAAY","0058c00000BxeO9AAJ","false","O-000994","2023-09-13T06:39:34.000Z","0058c00000BxeO9AAJ","2025-07-10T00:09:49.000Z","0058c00000BxeO9AAJ","2025-07-10T00:09:49.000Z","","","No","2.0","a308c000000dYQ7AAM","a2t3g000000blcoAAA","","false"
"a2z8c000000egNEAAY","0058c00000BxeO9AAJ","false","O-000995","2023-09-13T06:39:34.000Z","0058c00000BxeO9AAJ","2025-07-10T00:09:49.000Z","0058c00000BxeO9AAJ","2025-07-10T00:09:49.000Z","","","No","2.0","a308c000000dYQ8AAM","a2t3g000000blcpAAA","","false"
"a2z8c000000egNFAAY","0058c00000BxeO9AAJ","false","O-000996","2023-09-13T06:39:34.000Z","0058c00000BxeO9AAJ","2025-07-10T00:09:49.000Z","0058c00000BxeO9AAJ","2025-07-10T00:09:49.000Z","","","Yes","1.0","a308c000000dYQ9AAM","a2t3g000000blcqAAA","","false"
"a2z8c000000egNGAAY","0058c00000BxeO9AAJ","false","O-000997","2023-09-13T06:39:34.000Z","0058c00000BxeO9AAJ","2025-07-10T00:09:49.000Z","0058c00000BxeO9AAJ","2025-07-10T00:09:49.000Z","","","Yes","1.0","a308c000000dYQAAA2","a2t3g000000blcrAAA","","false"
"a2z8c000000egNHAAY","0058c00000BxeO9AAJ","false","O-000998","2023-09-13T06:39:34.000Z","0058c00000BxeO9AAJ","2025-07-10T00:09:49.000Z","0058c00000BxeO9AAJ","2025-07-10T00:09:49.000Z","","","Yes","1.0","a308c000000dYQBAA2","a2t3g000000blcsAAA","","false"
"a2z8c000000egNIAAY","0058c00000BxeO9AAJ","false","O-000999","2023-09-13T06:39:34.000Z","0058c00000BxeO9AAJ","2025-07-10T00:09:49.000Z","0058c00000BxeO9AAJ","2025-07-10T00:09:49.000Z","","","Yes","1.0","a308c000000dYQCAA2","a2t3g000000blctAAA","","false"
"a2z8c000000egNJAAY","0058c00000BxeO9AAJ","false","O-001000","2023-09-13T06:39:34.000Z","0058c00000BxeO9AAJ","2025-07-10T00:09:49.000Z","0058c00000BxeO9AAJ","2025-07-10T00:09:49.000Z","","","Yes","1.0","a308c000000dYQDAA2","a2t3g000000blcuAAA","","false"
"a2z8c000000egNKAAY","0058c00000BxeO9AAJ","false","O-001001","2023-09-13T06:39:34.000Z","0058c00000BxeO9AAJ","2025-07-10T00:09:49.000Z","0058c00000BxeO9AAJ","2025-07-10T00:09:49.000Z","","","Yes","1.0","a308c000000dYQEAA2","a2t3g000000blcvAAA","","false"
"a2z8c000000egNLAAY","0058c00000BxeO9AAJ","false","O-001002","2023-09-13T06:39:34.000Z","0058c00000BxeO9AAJ","2025-07-10T00:09:49.000Z","0058c00000BxeO9AAJ","2025-07-10T00:09:49.000Z","","","0-3 a year","1.0","a308c000000dYQFAA2","a2t3g000000blcwAAA","","false"
"a2z8c000000egNMAAY","0058c00000BxeO9AAJ","false","O-001003","2023-09-13T06:39:34.000Z","0058c00000BxeO9AAJ","2025-07-10T00:09:49.000Z","0058c00000BxeO9AAJ","2025-07-10T00:09:49.000Z","","","Other","6.0","a308c000000dYQGAA2","a2t3g000000blcxAAA","","false"
"a2z8c000000egNNAAY","0058c00000BxeO9AAJ","false","O-001004","2023-09-13T06:39:34.000Z","0058c00000BxeO9AAJ","2025-07-10T00:09:49.000Z","0058c00000BxeO9AAJ","2025-07-10T00:09:49.000Z","","","No","2.0","a308c000000dYQHAA2","a2t3g000000blcyAAA","","false"
"a2z8c000000egNOAAY","0058c00000BxeO9AAJ","false","O-001005","2023-09-13T06:39:34.000Z","0058c00000BxeO9AAJ","2025-07-10T00:09:49.000Z","0058c00000BxeO9AAJ","2025-07-10T00:09:49.000Z","","","Yes","1.0","a308c000000dYQIAA2","a2t3g000000blczAAA","","false"
"a2z8c000000egNPAAY","0058c00000BxeO9AAJ","false","O-001006","2023-09-13T06:39:34.000Z","0058c00000BxeO9AAJ","2025-07-10T00:09:49.000Z","0058c00000BxeO9AAJ","2025-07-10T00:09:49.000Z","","","Yes","1.0","a308c000000dYQJAA2","a2t3g000000bld0AAA","","false"
"a2z8c000000egNQAAY","0058c00000BxeO9AAJ","false","O-001007","2023-09-13T06:39:34.000Z","0058c00000BxeO9AAJ","2025-07-10T00:09:49.000Z","0058c00000BxeO9AAJ","2025-07-10T00:09:49.000Z","","","No","2.0","a308c000000dYQKAA2","a2t3g000000bld1AAA","","false"
"a2z8c000000egNRAAY","0058c00000BxeO9AAJ","false","O-001008","2023-09-13T06:39:34.000Z","0058c00000BxeO9AAJ","2025-07-10T00:09:49.000Z","0058c00000BxeO9AAJ","2025-07-10T00:09:49.000Z","","","Yes","1.0","a308c000000dYQLAA2","a2t3g000000bld2AAA","","false"
"a2z8c000000egNSAAY","0058c00000BxeO9AAJ","false","O-001009","2023-09-13T06:39:34.000Z","0058c00000BxeO9AAJ","2025-07-10T00:09:49.000Z","0058c00000BxeO9AAJ","2025-07-10T00:09:49.000Z","","","No","2.0","a308c000000dYQMAA2","a2t3g000000bld3AAA","","false"
"a2z8c000000egNTAAY","0058c00000BxeO9AAJ","false","O-001010","2023-09-13T06:39:34.000Z","0058c00000BxeO9AAJ","2025-07-10T00:09:49.000Z","0058c00000BxeO9AAJ","2025-07-10T00:09:49.000Z","","","Yes","1.0","a308c000000dYQNAA2","a2t3g000000bld4AAA","","false"
"a2z8c000000egNUAAY","0058c00000BxeO9AAJ","false","O-001011","2023-09-13T06:39:34.000Z","0058c00000BxeO9AAJ","2025-07-10T00:09:49.000Z","0058c00000BxeO9AAJ","2025-07-10T00:09:49.000Z","","","Yes","1.0","a308c000000dYQOAA2","a2t3g000000bld5AAA","","false"
"a2z8c000000egNVAAY","0058c00000BxeO9AAJ","false","O-001012","2023-09-13T06:39:34.000Z","0058c00000BxeO9AAJ","2025-07-10T00:09:49.000Z","0058c00000BxeO9AAJ","2025-07-10T00:09:49.000Z","","","Yes","1.0","a308c000000dYQPAA2","a2t3g000000bld6AAA","","false"
"a2z8c000000egNWAAY","0058c00000BxeO9AAJ","false","O-001013","2023-09-13T06:39:34.000Z","0058c00000BxeO9AAJ","2025-07-10T00:09:49.000Z","0058c00000BxeO9AAJ","2025-07-10T00:09:49.000Z","","","No","2.0","a308c000000dYQQAA2","a2t3g000000bld7AAA","","false"
"a2z8c000000egNXAAY","0058c00000BxeO9AAJ","false","O-001014","2023-09-13T06:39:34.000Z","0058c00000BxeO9AAJ","2025-07-10T00:09:49.000Z","0058c00000BxeO9AAJ","2025-07-10T00:09:49.000Z","","","Direct deposit","2.0","a308c000000dYQGAA2","a2t3g000000bld8AAA","","false"
"a2z8c000000egNYAAY","0058c00000BxeO9AAJ","false","O-001015","2023-09-13T06:39:34.000Z","0058c00000BxeO9AAJ","2025-07-10T00:09:49.000Z","0058c00000BxeO9AAJ","2025-07-10T00:09:49.000Z","","","Credit Card","3.0","a308c000000dYQRAA2","a2t3g000000bld9AAA","","false"
"a2z8c000000egNZAAY","0058c00000BxeO9AAJ","false","O-001016","2023-09-13T06:39:34.000Z","0058c00000BxeO9AAJ","2025-07-10T00:09:49.000Z","0058c00000BxeO9AAJ","2025-07-10T00:09:49.000Z","","","Utilities","4.0","a308c000000dYQSAA2","a2t3g000000bldAAAQ","","false"
"a2z8c000000egNaAAI","0058c00000BxeO9AAJ","false","O-001017","2023-09-13T06:39:34.000Z","0058c00000BxeO9AAJ","2025-07-10T00:09:49.000Z","0058c00000BxeO9AAJ","2025-07-10T00:09:49.000Z","","","Balance alerts","3.0","a308c000000dYQTAA2","a2t3g000000bldBAAQ","","false"
"a2z8c000000egNbAAI","0058c00000BxeO9AAJ","false","O-001018","2023-09-13T06:39:34.000Z","0058c00000BxeO9AAJ","2025-07-10T00:09:49.000Z","0058c00000BxeO9AAJ","2025-07-10T00:09:49.000Z","","","Cash","2.0","a308c000000dYQUAA2","a2t3g000000bldCAAQ","","false"
"a2z8c000000egNcAAI","0058c00000BxeO9AAJ","false","O-001019","2023-09-13T06:39:34.000Z","0058c00000BxeO9AAJ","2025-07-10T00:09:49.000Z","0058c00000BxeO9AAJ","2025-07-10T00:09:49.000Z","","","Yes","1.0","a308c000000dYQVAA2","a2t3g000000bldDAAQ","","false"
"a2z8c000000egNdAAI","0058c00000BxeO9AAJ","false","O-001020","2023-09-13T06:39:35.000Z","0058c00000BxeO9AAJ","2025-07-10T00:09:49.000Z","0058c00000BxeO9AAJ","2025-07-10T00:09:49.000Z","","","Yes","1.0","a308c000000dYQWAA2","a2t3g000000bldEAAQ","","false"
"a2z8c000000egNeAAI","0058c00000BxeO9AAJ","false","O-001021","2023-09-13T06:39:35.000Z","0058c00000BxeO9AAJ","2025-07-10T00:09:49.000Z","0058c00000BxeO9AAJ","2025-07-10T00:09:49.000Z","","","No","2.0","a308c000000dYQDAA2","a2t3g000000bldFAAQ","","false"
"a2z8c000000egNfAAI","0058c00000BxeO9AAJ","false","O-001022","2023-09-13T06:39:35.000Z","0058c00000BxeO9AAJ","2025-07-10T00:09:49.000Z","0058c00000BxeO9AAJ","2025-07-10T00:09:49.000Z","","","No","2.0","a308c000000dYQPAA2","a2t3g000000bldGAAQ","","false"
"a2z8c000000egNgAAI","0058c00000BxeO9AAJ","false","O-001023","2023-09-13T06:39:35.000Z","0058c00000BxeO9AAJ","2025-07-10T00:09:49.000Z","0058c00000BxeO9AAJ","2025-07-10T00:09:49.000Z","","","No","2.0","a308c000000dYQOAA2","a2t3g000000bldHAAQ","","false"
"a2z8c000000egNhAAI","0058c00000BxeO9AAJ","false","O-001024","2023-09-13T06:39:35.000Z","0058c00000BxeO9AAJ","2025-07-10T00:09:49.000Z","0058c00000BxeO9AAJ","2025-07-10T00:09:49.000Z","","","Yes","1.0","a308c000000dYQXAA2","a2t3g000000bldIAAQ","","false"
"a2z8c000000egNiAAI","0058c00000BxeO9AAJ","false","O-001025","2023-09-13T06:39:35.000Z","0058c00000BxeO9AAJ","2025-07-10T00:09:49.000Z","0058c00000BxeO9AAJ","2025-07-10T00:09:49.000Z","","","Yes","1.0","a308c000000dYQYAA2","a2t3g000000bldJAAQ","","false"
"a2z8c000000egNjAAI","0058c00000BxeO9AAJ","false","O-001026","2023-09-13T06:39:35.000Z","0058c00000BxeO9AAJ","2025-07-10T00:09:49.000Z","0058c00000BxeO9AAJ","2025-07-10T00:09:49.000Z","","","Yes","1.0","a308c000000dYQZAA2","a2t3g000000bldKAAQ","","false"
"a2z8c000000egNkAAI","0058c00000BxeO9AAJ","false","O-001027","2023-09-13T06:39:35.000Z","0058c00000BxeO9AAJ","2025-07-10T00:09:49.000Z","0058c00000BxeO9AAJ","2025-07-10T00:09:49.000Z","","","Yes","1.0","a308c000000dYQaAAM","a2t3g000000bldLAAQ","","false"
"a2z8c000000egNlAAI","0058c00000BxeO9AAJ","false","O-001028","2023-09-13T06:39:35.000Z","0058c00000BxeO9AAJ","2025-07-10T00:09:49.000Z","0058c00000BxeO9AAJ","2025-07-10T00:09:49.000Z","","","No","2.0","a308c000000dYQEAA2","a2t3g000000bldMAAQ","","false"
"a2z8c000000egNmAAI","0058c00000BxeO9AAJ","false","O-001029","2023-09-13T06:39:35.000Z","0058c00000BxeO9AAJ","2025-07-10T00:09:49.000Z","0058c00000BxeO9AAJ","2025-07-10T00:09:49.000Z","","","No","2.0","a308c000000dYQbAAM","a2t3g000000bldNAAQ","","false"
"a2z8c000000egNnAAI","0058c00000BxeO9AAJ","false","O-001030","2023-09-13T06:39:35.000Z","0058c00000BxeO9AAJ","2025-07-10T00:09:49.000Z","0058c00000BxeO9AAJ","2025-07-10T00:09:49.000Z","","","$250,001 - $500,000","2.0","a308c000000dYQcAAM","a2t3g000000bldOAAQ","","false"
"a2z8c000000egNoAAI","0058c00000BxeO9AAJ","false","O-001031","2023-09-13T06:39:35.000Z","0058c00000BxeO9AAJ","2025-07-10T00:09:49.000Z","0058c00000BxeO9AAJ","2025-07-10T00:09:49.000Z","","","$0 - $250,000","1.0","a308c000000dYQcAAM","a2t3g000000bldPAAQ","","false"
"a2z8c000000egNpAAI","0058c00000BxeO9AAJ","false","O-001032","2023-09-13T06:39:35.000Z","0058c00000BxeO9AAJ","2025-07-10T00:09:49.000Z","0058c00000BxeO9AAJ","2025-07-10T00:09:49.000Z","","","0 - 250,000","1.0","a308c000000dYQdAAM","a2t3g000000bldQAAQ","","false"
"a2z8c000000egNqAAI","0058c00000BxeO9AAJ","false","O-001033","2023-09-13T06:39:35.000Z","0058c00000BxeO9AAJ","2025-07-10T00:09:49.000Z","0058c00000BxeO9AAJ","2025-07-10T00:09:49.000Z","","","No","2.0","a308c000000dYQeAAM","a2t3g000000bldRAAQ","","false"
"a2z8c000000egNrAAI","0058c00000BxeO9AAJ","false","O-001034","2023-09-13T06:39:35.000Z","0058c00000BxeO9AAJ","2025-07-10T00:09:49.000Z","0058c00000BxeO9AAJ","2025-07-10T00:09:49.000Z","","","$3,000 - $9,999","2.0","a308c000000dYQfAAM","a2t3g000000bldSAAQ","","false"
"a2z8c000000egNsAAI","0058c00000BxeO9AAJ","false","O-001035","2023-09-13T06:39:35.000Z","0058c00000BxeO9AAJ","2025-07-10T00:09:49.000Z","0058c00000BxeO9AAJ","2025-07-10T00:09:49.000Z","","","Greater than 1 year","2.0","a308c000000dYQgAAM","a2t3g000000bldTAAQ","","false"
"a2z8c000000egNtAAI","0058c00000BxeO9AAJ","false","O-001036","2023-09-13T06:39:35.000Z","0058c00000BxeO9AAJ","2025-07-10T00:09:49.000Z","0058c00000BxeO9AAJ","2025-07-10T00:09:49.000Z","","","$0 - $10,000","1.0","a308c000000dYQhAAM","a2t3g000000bldUAAQ","","false"
"a2z8c000000egNuAAI","0058c00000BxeO9AAJ","false","O-001037","2023-09-13T06:39:35.000Z","0058c00000BxeO9AAJ","2025-07-10T00:09:49.000Z","0058c00000BxeO9AAJ","2025-07-10T00:09:49.000Z","","","Operations","2.0","a308c000000dYQiAAM","a2t3g000000bldVAAQ","","false"
"a2z8c000000egNvAAI","0058c00000BxeO9AAJ","false","O-001038","2023-09-13T06:39:35.000Z","0058c00000BxeO9AAJ","2025-07-10T00:09:49.000Z","0058c00000BxeO9AAJ","2025-07-10T00:09:49.000Z","","","Cash Intensive Business","8.0","a308c000000dYQjAAM","a2t3g000000bldWAAQ","","false"
"a2z8c000000egNwAAI","0058c00000BxeO9AAJ","false","O-001039","2023-09-13T06:39:35.000Z","0058c00000BxeO9AAJ","2025-07-10T00:09:49.000Z","0058c00000BxeO9AAJ","2025-07-10T00:09:49.000Z","","","No","2.0","a308c000000dYQkAAM","a2t3g000000bldXAAQ","","false"
"a2z8c000000egNxAAI","0058c00000BxeO9AAJ","false","O-001040","2023-09-13T06:39:35.000Z","0058c00000BxeO9AAJ","2025-07-10T00:09:49.000Z","0058c00000BxeO9AAJ","2025-07-10T00:09:49.000Z","","","No","2.0","a308c000000dYQuAAM","a2t3g000000bldYAAQ","","false"
"a2z8c000000egNyAAI","0058c00000BxeO9AAJ","false","O-001041","2023-09-13T06:39:35.000Z","0058c00000BxeO9AAJ","2025-07-10T00:09:49.000Z","0058c00000BxeO9AAJ","2025-07-10T00:09:49.000Z","","","Other","5.0","a308c000000dYQvAAM","a2t3g000000bldZAAQ","","false"
"a2z8c000000egNzAAI","0058c00000BxeO9AAJ","false","O-001042","2023-09-13T06:39:35.000Z","0058c00000BxeO9AAJ","2025-07-10T00:09:49.000Z","0058c00000BxeO9AAJ","2025-07-10T00:09:49.000Z","","","Salary/Wages","1.0","a308c000000dYQwAAM","a2t3g000000bldaAAA","","false"
"a2z8c000000egO0AAI","0058c00000BxeO9AAJ","false","O-001043","2023-09-13T06:39:35.000Z","0058c00000BxeO9AAJ","2025-07-10T00:09:49.000Z","0058c00000BxeO9AAJ","2025-07-10T00:09:49.000Z","","","$100,001-$150,000","5.0","a308c000000dYQxAAM","a2t3g000000bldbAAA","","false"
"a2z8c000000egO1AAI","0058c00000BxeO9AAJ","false","O-001044","2023-09-13T06:39:35.000Z","0058c00000BxeO9AAJ","2025-07-10T00:09:49.000Z","0058c00000BxeO9AAJ","2025-07-10T00:09:49.000Z","","","Yes","1.0","a308c000000dYQyAAM","a2t3g000000bldcAAA","","false"
"a2z8c000000egO2AAI","0058c00000BxeO9AAJ","false","O-001045","2023-09-13T06:39:35.000Z","0058c00000BxeO9AAJ","2025-07-10T00:09:49.000Z","0058c00000BxeO9AAJ","2025-07-10T00:09:49.000Z","","","No","2.0","a308c000000dYQzAAM","a2t3g000000blddAAA","","false"
"a2z8c000000egO3AAI","0058c00000BxeO9AAJ","false","O-001046","2023-09-13T06:39:35.000Z","0058c00000BxeO9AAJ","2025-07-10T00:09:49.000Z","0058c00000BxeO9AAJ","2025-07-10T00:09:49.000Z","","","0-5","1.0","a308c000000dYQlAAM","a2t3g000000bldeAAA","","false"
"a2z8c000000egO4AAI","0058c00000BxeO9AAJ","false","O-001047","2023-09-13T06:39:35.000Z","0058c00000BxeO9AAJ","2025-07-10T00:09:49.000Z","0058c00000BxeO9AAJ","2025-07-10T00:09:49.000Z","","","Yes","1.0","a308c000000dYQbAAM","a2t3g000000bldfAAA","","false"
"a2z8c000000egO5AAI","0058c00000BxeO9AAJ","false","O-001048","2023-09-13T06:39:35.000Z","0058c00000BxeO9AAJ","2025-07-10T00:09:49.000Z","0058c00000BxeO9AAJ","2025-07-10T00:09:49.000Z","","","$10,001-$15,000","3.0","a308c000000dYR0AAM","a2t3g000000bldgAAA","","false"
"a2z8c000000egO6AAI","0058c00000BxeO9AAJ","false","O-001049","2023-09-13T06:39:35.000Z","0058c00000BxeO9AAJ","2025-07-10T00:09:49.000Z","0058c00000BxeO9AAJ","2025-07-10T00:09:49.000Z","","","26-75","2.0","a308c000000dYQmAAM","a2t3g000000bldhAAA","","false"
"a2z8c000000egO7AAI","0058c00000BxeO9AAJ","false","O-001050","2023-09-13T06:39:35.000Z","0058c00000BxeO9AAJ","2025-07-10T00:09:49.000Z","0058c00000BxeO9AAJ","2025-07-10T00:09:49.000Z","","","Yes","1.0","a308c000000dYQnAAM","a2t3g000000bldiAAA","","false"
"a2z8c000000egO8AAI","0058c00000BxeO9AAJ","false","O-001051","2023-09-13T06:39:35.000Z","0058c00000BxeO9AAJ","2025-07-10T00:09:49.000Z","0058c00000BxeO9AAJ","2025-07-10T00:09:49.000Z","","","No","2.0","a308c000000dYQoAAM","a2t3g000000bldjAAA","","false"
"a2z8c000000egO9AAI","0058c00000BxeO9AAJ","false","O-001052","2023-09-13T06:39:35.000Z","0058c00000BxeO9AAJ","2025-07-10T00:09:49.000Z","0058c00000BxeO9AAJ","2025-07-10T00:09:49.000Z","","","No","2.0","a308c000000dYQpAAM","a2t3g000000bldkAAA","","false"
"a2z8c000000egOAAAY","0058c00000BxeO9AAJ","false","O-001053","2023-09-13T06:39:35.000Z","0058c00000BxeO9AAJ","2025-07-10T00:09:49.000Z","0058c00000BxeO9AAJ","2025-07-10T00:09:49.000Z","","","No","2.0","a308c000000dYQqAAM","a2t3g000000bldlAAA","","false"
"a2z8c000000egOBAAY","0058c00000BxeO9AAJ","false","O-001054","2023-09-13T06:39:35.000Z","0058c00000BxeO9AAJ","2025-07-10T00:09:49.000Z","0058c00000BxeO9AAJ","2025-07-10T00:09:49.000Z","","","No","2.0","a308c000000dYQrAAM","a2t3g000000bldmAAA","","false"
"a2z8c000000egOCAAY","0058c00000BxeO9AAJ","false","O-001055","2023-09-13T06:39:35.000Z","0058c00000BxeO9AAJ","2025-07-10T00:09:49.000Z","0058c00000BxeO9AAJ","2025-07-10T00:09:49.000Z","","","No","2.0","a308c000000dYQsAAM","a2t3g000000bldnAAA","","false"
"a2z8c000000egODAAY","0058c00000BxeO9AAJ","false","O-001056","2023-09-13T06:39:35.000Z","0058c00000BxeO9AAJ","2025-07-10T00:09:49.000Z","0058c00000BxeO9AAJ","2025-07-10T00:09:49.000Z","","","Yes","1.0","a308c000000dYQtAAM","a2t3g000000bldoAAA","","false"
"a2z8c000000egOEAAY","0058c00000BxeO9AAJ","false","O-001057","2023-09-13T06:39:35.000Z","0058c00000BxeO9AAJ","2025-07-10T00:09:49.000Z","0058c00000BxeO9AAJ","2025-07-10T00:09:49.000Z","","","Self-Employed","4.0","a308c000000dYQvAAM","a2t3g000000bldpAAA","","false"
"a2z8c000000egOFAAY","0058c00000BxeO9AAJ","false","O-001058","2023-09-13T06:39:35.000Z","0058c00000BxeO9AAJ","2025-07-10T00:09:49.000Z","0058c00000BxeO9AAJ","2025-07-10T00:09:49.000Z","","","$5,001-$10,000","2.0","a308c000000dYR0AAM","a2t3g000000bldqAAA","","false"
"a2z8c000000egOGAAY","0058c00000BxeO9AAJ","false","O-001059","2023-09-13T06:39:35.000Z","0058c00000BxeO9AAJ","2025-07-10T00:09:49.000Z","0058c00000BxeO9AAJ","2025-07-10T00:09:49.000Z","","","0-25","1.0","a308c000000dYQmAAM","a2t3g000000bldrAAA","","false"
"a2z8c000000egOHAAY","0058c00000BxeO9AAJ","false","O-001060","2023-09-13T06:39:35.000Z","0058c00000BxeO9AAJ","2025-07-10T00:09:49.000Z","0058c00000BxeO9AAJ","2025-07-10T00:09:49.000Z","","","6-10","2.0","a308c000000dYQlAAM","a2t3g000000bldsAAA","","false"
"a2z8c000000egOIAAY","0058c00000BxeO9AAJ","false","O-001061","2023-09-13T06:39:35.000Z","0058c00000BxeO9AAJ","2025-07-10T00:09:49.000Z","0058c00000BxeO9AAJ","2025-07-10T00:09:49.000Z","","","Professional Services (doctor, lawyer, accountant, consultant, etc.)","1.0","a308c000000dYQvAAM","a2t3g000000bldtAAA","","false"
"a2z8c000000egOJAAY","0058c00000BxeO9AAJ","false","O-001062","2023-09-13T06:39:35.000Z","0058c00000BxeO9AAJ","2025-07-10T00:09:49.000Z","0058c00000BxeO9AAJ","2025-07-10T00:09:49.000Z","","","$25,001-$50,000","2.0","a308c000000dYQxAAM","a2t3g000000blduAAA","","false"
"a2z8c000000egOKAAY","0058c00000BxeO9AAJ","false","O-001063","2023-09-13T06:39:35.000Z","0058c00000BxeO9AAJ","2025-07-10T00:09:49.000Z","0058c00000BxeO9AAJ","2025-07-10T00:09:49.000Z","","","No","2.0","a308c000000dYQtAAM","a2t3g000000bldvAAA","","false"
"a2z8c000000egOLAAY","0058c00000BxeO9AAJ","false","O-001064","2023-09-13T06:39:35.000Z","0058c00000BxeO9AAJ","2025-07-10T00:09:49.000Z","0058c00000BxeO9AAJ","2025-07-10T00:09:49.000Z","","","$50,001-$75,000","3.0","a308c000000dYQxAAM","a2t3g000000bldwAAA","","false"
"a2z8c000000egOMAAY","0058c00000BxeO9AAJ","false","O-001065","2023-09-13T06:39:35.000Z","0058c00000BxeO9AAJ","2025-07-10T00:09:49.000Z","0058c00000BxeO9AAJ","2025-07-10T00:09:49.000Z","","","No","2.0","a308c000000dYR1AAM","a2t3g000000bldxAAA","","false"
"a2z8c000000egONAAY","0058c00000BxeO9AAJ","false","O-001066","2023-09-13T06:39:35.000Z","0058c00000BxeO9AAJ","2025-07-10T00:09:49.000Z","0058c00000BxeO9AAJ","2025-07-10T00:09:49.000Z","","","Yes","1.0","a308c000000dYR2AAM","a2t3g000000bldyAAA","","false"
"a2z8c000000egOOAAY","0058c00000BxeO9AAJ","false","O-001067","2023-09-13T06:39:35.000Z","0058c00000BxeO9AAJ","2025-07-10T00:09:49.000Z","0058c00000BxeO9AAJ","2025-07-10T00:09:49.000Z","","","$500,001 - $5 million","3.0","a308c000000dYQcAAM","a2t3g000000bldzAAA","","false"
"a2z8c000000egOPAAY","0058c00000BxeO9AAJ","false","O-001068","2023-09-13T06:39:35.000Z","0058c00000BxeO9AAJ","2025-07-10T00:09:49.000Z","0058c00000BxeO9AAJ","2025-07-10T00:09:49.000Z","","","501,000 - 5 million","3.0","a308c000000dYQdAAM","a2t3g000000ble0AAA","","false"
"a2z8c000000egOQAAY","0058c00000BxeO9AAJ","false","O-001069","2023-09-13T06:39:35.000Z","0058c00000BxeO9AAJ","2025-07-10T00:09:49.000Z","0058c00000BxeO9AAJ","2025-07-10T00:09:49.000Z","","","Less Than $3,000","1.0","a308c000000dYQfAAM","a2t3g000000ble1AAA","","false"
"a2z8c000000egORAAY","0058c00000BxeO9AAJ","false","O-001070","2023-09-13T06:39:35.000Z","0058c00000BxeO9AAJ","2025-07-10T00:09:49.000Z","0058c00000BxeO9AAJ","2025-07-10T00:09:49.000Z","","","$10,000 - $50,000","2.0","a308c000000dYQhAAM","a2t3g000000ble2AAA","","false"
"a2z8c000000egOSAAY","0058c00000BxeO9AAJ","false","O-001071","2023-09-13T06:39:35.000Z","0058c00000BxeO9AAJ","2025-07-10T00:09:49.000Z","0058c00000BxeO9AAJ","2025-07-10T00:09:49.000Z","","","No","2.0","a308c000000dYQIAA2","a2t3g000000ble3AAA","","false"
"a2z8c000000egOTAAY","0058c00000BxeO9AAJ","false","O-001072","2023-09-13T06:39:35.000Z","0058c00000BxeO9AAJ","2025-07-10T00:09:49.000Z","0058c00000BxeO9AAJ","2025-07-10T00:09:49.000Z","","","Mobile deposit","3.0","a308c000000dYQGAA2","a2t3g000000ble4AAA","","false"
"a2z8c000000egOUAAY","0058c00000BxeO9AAJ","false","O-001073","2023-09-13T06:39:35.000Z","0058c00000BxeO9AAJ","2025-07-10T00:09:49.000Z","0058c00000BxeO9AAJ","2025-07-10T00:09:49.000Z","","","250,001 - 500,000","2.0","a308c000000dYQdAAM","a2t3g000000ble5AAA","","false"
"a2z8c000000egOVAAY","0058c00000BxeO9AAJ","false","O-001074","2023-09-13T06:39:35.000Z","0058c00000BxeO9AAJ","2025-07-10T00:09:49.000Z","0058c00000BxeO9AAJ","2025-07-10T00:09:49.000Z","","","Third Party Payment Processor","6.0","a308c000000dYQjAAM","a2t3g000000ble6AAA","","false"
"a2z8c000000egOWAAY","0058c00000BxeO9AAJ","false","O-001075","2023-09-13T06:39:35.000Z","0058c00000BxeO9AAJ","2025-07-10T00:09:49.000Z","0058c00000BxeO9AAJ","2025-07-10T00:09:49.000Z","","","Prof Service Provider","9.0","a308c000000dYQjAAM","a2t3g000000ble7AAA","","false"
"a2z8c000000egOXAAY","0058c00000BxeO9AAJ","false","O-001076","2023-09-13T06:39:35.000Z","0058c00000BxeO9AAJ","2025-07-10T00:09:49.000Z","0058c00000BxeO9AAJ","2025-07-10T00:09:49.000Z","","","0-3 a year","1.0","a308c000000dYR5AAM","a2t3g000000ble8AAA","","false"
"a2z8c000000egOYAAY","0058c00000BxeO9AAJ","false","O-001077","2023-09-13T06:39:35.000Z","0058c00000BxeO9AAJ","2025-07-10T00:09:49.000Z","0058c00000BxeO9AAJ","2025-07-10T00:09:49.000Z","","","Yes","1.0","a308c000000dYR6AAM","a2t3g000000ble9AAA","","false"
"a2z8c000000egOZAAY","0058c00000BxeO9AAJ","false","O-001078","2023-09-13T06:39:35.000Z","0058c00000BxeO9AAJ","2025-07-10T00:09:49.000Z","0058c00000BxeO9AAJ","2025-07-10T00:09:49.000Z","","","No","2.0","a308c000000dYR3AAM","a2t3g000000bleAAAQ","","false"
"a2z8c000000egOaAAI","0058c00000BxeO9AAJ","false","O-001079","2023-09-13T06:39:35.000Z","0058c00000BxeO9AAJ","2025-07-10T00:09:49.000Z","0058c00000BxeO9AAJ","2025-07-10T00:09:49.000Z","","","Canada","33.0","a308c000000dYR7AAM","a2t3g000000bleBAAQ","","false"
"a2z8c000000egObAAI","0058c00000BxeO9AAJ","false","O-001080","2023-09-13T06:39:35.000Z","0058c00000BxeO9AAJ","2025-07-10T00:09:49.000Z","0058c00000BxeO9AAJ","2025-07-10T00:09:49.000Z","","","Yes","1.0","a308c000000dYR4AAM","a2t3g000000bleCAAQ","","false"
"a2z8c000000egOcAAI","0058c00000BxeO9AAJ","false","O-001081","2023-09-13T06:39:35.000Z","0058c00000BxeO9AAJ","2025-07-10T00:09:49.000Z","0058c00000BxeO9AAJ","2025-07-10T00:09:49.000Z","","","Yes","1.0","a308c000000dYQQAA2","a2t3g000000bleDAAQ","","false"
"a2z8c000000egOdAAI","0058c00000BxeO9AAJ","false","O-001082","2023-09-13T06:39:35.000Z","0058c00000BxeO9AAJ","2025-07-10T00:09:49.000Z","0058c00000BxeO9AAJ","2025-07-10T00:09:49.000Z","","","No","2.0","a308c000000dYRAAA2","a2t3g000000bleEAAQ","","false"
"a2z8c000000egOeAAI","0058c00000BxeO9AAJ","false","O-001083","2023-09-13T06:39:35.000Z","0058c00000BxeO9AAJ","2025-07-10T00:09:49.000Z","0058c00000BxeO9AAJ","2025-07-10T00:09:49.000Z","","","No","2.0","a308c000000dYR8AAM","a2t3g000000bleFAAQ","","false"
"a2z8c000000egOfAAI","0058c00000BxeO9AAJ","false","O-001084","2023-09-13T06:39:35.000Z","0058c00000BxeO9AAJ","2025-07-10T00:09:49.000Z","0058c00000BxeO9AAJ","2025-07-10T00:09:49.000Z","","","No","2.0","a308c000000dYR9AAM","a2t3g000000bleGAAQ","","false"
"a2z8c000000egOgAAI","0058c00000BxeO9AAJ","false","O-001085","2023-09-13T06:39:35.000Z","0058c00000BxeO9AAJ","2025-07-10T00:09:49.000Z","0058c00000BxeO9AAJ","2025-07-10T00:09:49.000Z","","","Yes","1.0","a308c000000dYR8AAM","a2t3g000000bleHAAQ","","false"
"a2z8c000000egOhAAI","0058c00000BxeO9AAJ","false","O-001086","2023-09-13T06:39:35.000Z","0058c00000BxeO9AAJ","2025-07-10T00:09:49.000Z","0058c00000BxeO9AAJ","2025-07-10T00:09:49.000Z","","","No","2.0","a308c000000dYRBAA2","a2t3g000000bleIAAQ","","false"
"a2z8c000000egOiAAI","0058c00000BxeO9AAJ","false","O-001087","2023-09-13T06:39:35.000Z","0058c00000BxeO9AAJ","2025-07-10T00:09:49.000Z","0058c00000BxeO9AAJ","2025-07-10T00:09:49.000Z","","","Yes","1.0","a308c000000dYR9AAM","a2t3g000000bleJAAQ","","false"
"a2z8c000000egOjAAI","0058c00000BxeO9AAJ","false","O-001088","2023-09-13T06:39:35.000Z","0058c00000BxeO9AAJ","2025-07-10T00:09:49.000Z","0058c00000BxeO9AAJ","2025-07-10T00:09:49.000Z","","","No","2.0","a308c000000dYRCAA2","a2t3g000000bleKAAQ","","false"
"a2z8c000000egOkAAI","0058c00000BxeO9AAJ","false","O-001089","2023-09-13T06:39:35.000Z","0058c00000BxeO9AAJ","2025-07-10T00:09:49.000Z","0058c00000BxeO9AAJ","2025-07-10T00:09:49.000Z","","","No","2.0","a308c000000dYR2AAM","a2t3g000000bleLAAQ","","false"
"a2z8c000000egOlAAI","0058c00000BxeO9AAJ","false","O-001090","2023-09-13T06:39:35.000Z","0058c00000BxeO9AAJ","2025-07-10T00:09:49.000Z","0058c00000BxeO9AAJ","2025-07-10T00:09:49.000Z","","","$150,001+","6.0","a308c000000dYQxAAM","a2t3g000000bleMAAQ","","false"
"a2z8c000000egOmAAI","0058c00000BxeO9AAJ","false","O-001091","2023-09-13T06:39:35.000Z","0058c00000BxeO9AAJ","2025-07-10T00:09:49.000Z","0058c00000BxeO9AAJ","2025-07-10T00:09:49.000Z","","","ATM","1.0","a308c000000dYQTAA2","a2t3g000000bleNAAQ","","false"
"a2z8c000000egOnAAI","0058c00000BxeO9AAJ","false","O-001092","2023-09-13T06:39:35.000Z","0058c00000BxeO9AAJ","2025-07-10T00:09:49.000Z","0058c00000BxeO9AAJ","2025-07-10T00:09:49.000Z","","","Debit Card","4.0","a308c000000dYQRAA2","a2t3g000000bleOAAQ","","false"
"a2z8c000000egOoAAI","0058c00000BxeO9AAJ","false","O-001093","2023-09-13T06:39:35.000Z","0058c00000BxeO9AAJ","2025-07-10T00:09:49.000Z","0058c00000BxeO9AAJ","2025-07-10T00:09:49.000Z","","","Checks","3.0","a308c000000dYQUAA2","a2t3g000000blePAAQ","","false"
"a2z8c000000egOpAAI","0058c00000BxeO9AAJ","false","O-001094","2023-09-13T06:39:35.000Z","0058c00000BxeO9AAJ","2025-07-10T00:09:49.000Z","0058c00000BxeO9AAJ","2025-07-10T00:09:49.000Z","","","Yes","1.0","a308c000000dYS4AAM","a2z4S000000GnvhQAC","null","false"
"a2z8c000000egOqAAI","0058c00000BxeO9AAJ","false","O-001095","2023-09-13T06:39:35.000Z","0058c00000BxeO9AAJ","2025-07-10T00:09:49.000Z","0058c00000BxeO9AAJ","2025-07-10T00:09:49.000Z","","","No","2.0","a308c000000dYS4AAM","a2z4S000000GnvjQAC","null","false"
"a2z8c000000egOrAAI","0058c00000BxeO9AAJ","false","O-001096","2023-09-13T06:39:35.000Z","0058c00000BxeO9AAJ","2025-07-10T00:09:49.000Z","0058c00000BxeO9AAJ","2025-07-10T00:09:49.000Z","","","No","2.0","a308c000000dYS8AAM","a2z4S000000GnvmQAC","null","false"
"a2z8c000000egOsAAI","0058c00000BxeO9AAJ","false","O-001097","2023-09-13T06:39:35.000Z","0058c00000BxeO9AAJ","2025-07-10T00:09:49.000Z","0058c00000BxeO9AAJ","2025-07-10T00:09:49.000Z","","","Yes","1.0","a308c000000dYSAAA2","a2z4S000000GnvoQAC","null","false"
"a2z8c000000egOtAAI","0058c00000BxeO9AAJ","false","O-001098","2023-09-13T06:39:35.000Z","0058c00000BxeO9AAJ","2025-07-10T00:09:49.000Z","0058c00000BxeO9AAJ","2025-07-10T00:09:49.000Z","","","No","2.0","a308c000000dYSAAA2","a2z4S000000GnvsQAC","null","false"
"a2z8c000000egOuAAI","0058c00000BxeO9AAJ","false","O-001099","2023-09-13T06:39:35.000Z","0058c00000BxeO9AAJ","2025-07-10T00:09:49.000Z","0058c00000BxeO9AAJ","2025-07-10T00:09:49.000Z","","","Yes - By selecting this option, this record will be marked as an Employee Loan","1.0","a308c000000dYSEAA2","a2z4S000000GnvvQAC","null","false"
"a2z8c000000egOvAAI","0058c00000BxeO9AAJ","false","O-001100","2023-09-13T06:39:35.000Z","0058c00000BxeO9AAJ","2025-07-10T00:09:49.000Z","0058c00000BxeO9AAJ","2025-07-10T00:09:49.000Z","","","Yes","1.0","a308c000000dYSGAA2","a2z4S000000GnvxQAC","null","false"
"a2z8c000000egOwAAI","0058c00000BxeO9AAJ","false","O-001101","2023-09-13T06:39:35.000Z","0058c00000BxeO9AAJ","2025-07-10T00:09:49.000Z","0058c00000BxeO9AAJ","2025-07-10T00:09:49.000Z","","","No","2.0","a308c000000dYSIAA2","a2z4S000000GnvzQAC","null","false"
"a2z8c000000egOxAAI","0058c00000BxeO9AAJ","false","O-001102","2023-09-13T06:39:35.000Z","0058c00000BxeO9AAJ","2025-07-10T00:09:49.000Z","0058c00000BxeO9AAJ","2025-07-10T00:09:49.000Z","","","No","2.0","a308c000000dYSJAA2","a2z4S000000Gnw0QAC","null","false"
"a2z8c000000egOyAAI","0058c00000BxeO9AAJ","false","O-001103","2023-09-13T06:39:35.000Z","0058c00000BxeO9AAJ","2025-07-10T00:09:49.000Z","0058c00000BxeO9AAJ","2025-07-10T00:09:49.000Z","","","Yes","1.0","a308c000000dYSKAA2","a2z4S000000Gnw1QAC","null","false"
"a2z8c000000egOzAAI","0058c00000BxeO9AAJ","false","O-001104","2023-09-13T06:39:35.000Z","0058c00000BxeO9AAJ","2025-07-10T00:09:49.000Z","0058c00000BxeO9AAJ","2025-07-10T00:09:49.000Z","","","Yes","1.0","a308c000000dYSLAA2","a2z4S000000Gnw2QAC","null","false"
"a2z8c000000egP0AAI","0058c00000BxeO9AAJ","false","O-001105","2023-09-13T06:39:35.000Z","0058c00000BxeO9AAJ","2025-07-10T00:09:49.000Z","0058c00000BxeO9AAJ","2025-07-10T00:09:49.000Z","","","Yes","1.0","a308c000000dYSMAA2","a2z4S000000Gnw3QAC","null","false"
"a2z8c000000egP1AAI","0058c00000BxeO9AAJ","false","O-001106","2023-09-13T06:39:35.000Z","0058c00000BxeO9AAJ","2025-07-10T00:09:49.000Z","0058c00000BxeO9AAJ","2025-07-10T00:09:49.000Z","","","None of the above","4.0","a308c000000dYSOAA2","a2z4S000000Gnw5QAC","null","false"
"a2z8c000000egP2AAI","0058c00000BxeO9AAJ","false","O-001107","2023-09-13T06:39:35.000Z","0058c00000BxeO9AAJ","2025-07-10T00:09:49.000Z","0058c00000BxeO9AAJ","2025-07-10T00:09:49.000Z","","","No","2.0","a308c000000dYSPAA2","a2z4S000000Gnw6QAC","null","false"
"a2z8c000000egP3AAI","0058c00000BxeO9AAJ","false","O-001108","2023-09-13T06:39:35.000Z","0058c00000BxeO9AAJ","2025-07-10T00:09:49.000Z","0058c00000BxeO9AAJ","2025-07-10T00:09:49.000Z","","","No","2.0","a308c000000dYSQAA2","a2z4S000000Gnw7QAC","null","false"
"a2z8c000000egP4AAI","0058c00000BxeO9AAJ","false","O-001109","2023-09-13T06:39:35.000Z","0058c00000BxeO9AAJ","2025-07-10T00:09:49.000Z","0058c00000BxeO9AAJ","2025-07-10T00:09:49.000Z","","","No","2.0","a308c000000dYSRAA2","a2z4S000000Gnw8QAC","null","false"
"a2z8c000000egP5AAI","0058c00000BxeO9AAJ","false","O-001110","2023-09-13T06:39:35.000Z","0058c00000BxeO9AAJ","2025-07-10T00:09:49.000Z","0058c00000BxeO9AAJ","2025-07-10T00:09:49.000Z","","","No","2.0","a308c000000dYSSAA2","a2z4S000000Gnw9QAC","null","false"
"a2z8c000000egP6AAI","0058c00000BxeO9AAJ","false","O-001111","2023-09-13T06:39:35.000Z","0058c00000BxeO9AAJ","2025-07-10T00:09:49.000Z","0058c00000BxeO9AAJ","2025-07-10T00:09:49.000Z","","","No","2.0","a308c000000dYSEAA2","a2z4S000000GnwEQAS","null","false"
"a2z8c000000egP7AAI","0058c00000BxeO9AAJ","false","O-001112","2023-09-13T06:39:35.000Z","0058c00000BxeO9AAJ","2025-07-10T00:09:49.000Z","0058c00000BxeO9AAJ","2025-07-10T00:09:49.000Z","","","Yes","1.0","a308c000000dYS6AAM","a2z4S000000GnwGQAS","null","false"
"a2z8c000000egP8AAI","0058c00000BxeO9AAJ","false","O-001113","2023-09-13T06:39:35.000Z","0058c00000BxeO9AAJ","2025-07-10T00:09:49.000Z","0058c00000BxeO9AAJ","2025-07-10T00:09:49.000Z","","","Yes","1.0","a308c000000dYS8AAM","a2z4S000000GnwHQAS","null","false"
"a2z8c000000egP9AAI","0058c00000BxeO9AAJ","false","O-001114","2023-09-13T06:39:35.000Z","0058c00000BxeO9AAJ","2025-07-10T00:09:49.000Z","0058c00000BxeO9AAJ","2025-07-10T00:09:49.000Z","","","No","2.0","a308c000000dYSGAA2","a2z4S000000GnwKQAS","null","false"
"a2z8c000000egPAAAY","0058c00000BxeO9AAJ","false","O-001115","2023-09-13T06:39:35.000Z","0058c00000BxeO9AAJ","2025-07-10T00:09:49.000Z","0058c00000BxeO9AAJ","2025-07-10T00:09:49.000Z","","","Yes","1.0","a308c000000dYSfAAM","a2z4S000000GnwLQAS","null","false"
"a2z8c000000egPBAAY","0058c00000BxeO9AAJ","false","O-001116","2023-09-13T06:39:35.000Z","0058c00000BxeO9AAJ","2025-07-10T00:09:49.000Z","0058c00000BxeO9AAJ","2025-07-10T00:09:49.000Z","","","No","2.0","a308c000000dYSfAAM","a2z4S000000GnwMQAS","null","false"
"a2z8c000000egPCAAY","0058c00000BxeO9AAJ","false","O-001117","2023-09-13T06:39:35.000Z","0058c00000BxeO9AAJ","2025-07-10T00:09:49.000Z","0058c00000BxeO9AAJ","2025-07-10T00:09:49.000Z","","","Yes","1.0","a308c000000dYSgAAM","a2z4S000000GnwNQAS","null","false"
"a2z8c000000egPDAAY","0058c00000BxeO9AAJ","false","O-001118","2023-09-13T06:39:35.000Z","0058c00000BxeO9AAJ","2025-07-10T00:09:49.000Z","0058c00000BxeO9AAJ","2025-07-10T00:09:49.000Z","","","No","2.0","a308c000000dYSgAAM","a2z4S000000GnwOQAS","null","false"
"a2z8c000000egPEAAY","0058c00000BxeO9AAJ","false","O-001119","2023-09-13T06:39:35.000Z","0058c00000BxeO9AAJ","2025-07-10T00:09:49.000Z","0058c00000BxeO9AAJ","2025-07-10T00:09:49.000Z","","","Yes","1.0","a308c000000dYShAAM","a2z4S000000GnwPQAS","null","false"
"a2z8c000000egPFAAY","0058c00000BxeO9AAJ","false","O-001120","2023-09-13T06:39:35.000Z","0058c00000BxeO9AAJ","2025-07-10T00:09:49.000Z","0058c00000BxeO9AAJ","2025-07-10T00:09:49.000Z","","","No","2.0","a308c000000dYShAAM","a2z4S000000GnwQQAS","null","false"
"a2z8c000000egPGAAY","0058c00000BxeO9AAJ","false","O-001121","2023-09-13T06:39:35.000Z","0058c00000BxeO9AAJ","2025-07-10T00:09:49.000Z","0058c00000BxeO9AAJ","2025-07-10T00:09:49.000Z","","","A 1-4 Family Residence","1.0","a308c000000dYSOAA2","a2z4S000000GnwTQAS","null","false"
"a2z8c000000egPHAAY","0058c00000BxeO9AAJ","false","O-001122","2023-09-13T06:39:35.000Z","0058c00000BxeO9AAJ","2025-07-10T00:09:49.000Z","0058c00000BxeO9AAJ","2025-07-10T00:09:49.000Z","","","A Community Development Project","2.0","a308c000000dYSOAA2","a2z4S000000GnwUQAS","null","false"
"a2z8c000000egPIAAY","0058c00000BxeO9AAJ","false","O-001123","2023-09-13T06:39:35.000Z","0058c00000BxeO9AAJ","2025-07-10T00:09:49.000Z","0058c00000BxeO9AAJ","2025-07-10T00:09:49.000Z","","","Agricultural Land Purchased for Development","3.0","a308c000000dYSOAA2","a2z4S000000GnwVQAS","null","false"
"a2z8c000000egPJAAY","0058c00000BxeO9AAJ","false","O-001124","2023-09-13T06:39:35.000Z","0058c00000BxeO9AAJ","2025-07-10T00:09:49.000Z","0058c00000BxeO9AAJ","2025-07-10T00:09:49.000Z","","","Yes","1.0","a308c000000dYSPAA2","a2z4S000000GnwWQAS","null","false"
"a2z8c000000egPKAAY","0058c00000BxeO9AAJ","false","O-001125","2023-09-13T06:39:35.000Z","0058c00000BxeO9AAJ","2025-07-10T00:09:49.000Z","0058c00000BxeO9AAJ","2025-07-10T00:09:49.000Z","","","Yes","1.0","a308c000000dYSQAA2","a2z4S000000GnwXQAS","null","false"
"a2z8c000000egPLAAY","0058c00000BxeO9AAJ","false","O-001126","2023-09-13T06:39:35.000Z","0058c00000BxeO9AAJ","2025-07-10T00:09:49.000Z","0058c00000BxeO9AAJ","2025-07-10T00:09:49.000Z","","","Yes","1.0","a308c000000dYSSAA2","a2z4S000000GnwYQAS","null","false"
"a2z8c000000egPMAAY","0058c00000BxeO9AAJ","false","O-001127","2023-09-13T06:39:35.000Z","0058c00000BxeO9AAJ","2025-07-10T00:09:49.000Z","0058c00000BxeO9AAJ","2025-07-10T00:09:49.000Z","","","Yes","1.0","a308c000000dYSRAA2","a2z4S000000GnwZQAS","null","false"
"a2z8c000000egPNAAY","0058c00000BxeO9AAJ","false","O-001128","2023-09-13T06:39:35.000Z","0058c00000BxeO9AAJ","2025-07-10T00:09:49.000Z","0058c00000BxeO9AAJ","2025-07-10T00:09:49.000Z","","","Yes","1.0","a308c000000dYSIAA2","a2z4S000000GnwbQAC","null","false"
"a2z8c000000egPOAAY","0058c00000BxeO9AAJ","false","O-001129","2023-09-13T06:39:35.000Z","0058c00000BxeO9AAJ","2025-07-10T00:09:49.000Z","0058c00000BxeO9AAJ","2025-07-10T00:09:49.000Z","","","Yes","1.0","a308c000000dYSJAA2","a2z4S000000GnwcQAC","null","false"
"a2z8c000000egPPAAY","0058c00000BxeO9AAJ","false","O-001130","2023-09-13T06:39:35.000Z","0058c00000BxeO9AAJ","2025-07-10T00:09:49.000Z","0058c00000BxeO9AAJ","2025-07-10T00:09:49.000Z","","","No","2.0","a308c000000dYSKAA2","a2z4S000000GnwdQAC","null","false"
"a2z8c000000egPQAAY","0058c00000BxeO9AAJ","false","O-001131","2023-09-13T06:39:35.000Z","0058c00000BxeO9AAJ","2025-07-10T00:09:49.000Z","0058c00000BxeO9AAJ","2025-07-10T00:09:49.000Z","","","No","2.0","a308c000000dYSLAA2","a2z4S000000GnweQAC","null","false"
"a2z8c000000egPRAAY","0058c00000BxeO9AAJ","false","O-001132","2023-09-13T06:39:35.000Z","0058c00000BxeO9AAJ","2025-07-10T00:09:49.000Z","0058c00000BxeO9AAJ","2025-07-10T00:09:49.000Z","","","No","2.0","a308c000000dYSMAA2","a2z4S000000GnwfQAC","null","false"
"a2z8c000000egPSAAY","0058c00000BxeO9AAJ","false","O-001133","2023-09-13T06:39:35.000Z","0058c00000BxeO9AAJ","2025-07-10T00:09:49.000Z","0058c00000BxeO9AAJ","2025-07-10T00:09:49.000Z","","","Yes","1.0","a308c000000dYT8AAM","42205092555102548","","false"
"a2z8c000000egPTAAY","0058c00000BxeO9AAJ","false","O-001134","2023-09-13T06:39:35.000Z","0058c00000BxeO9AAJ","2025-07-10T00:09:49.000Z","0058c00000BxeO9AAJ","2025-07-10T00:09:49.000Z","","","Yes","1.0","a308c000000dYTAAA2","42467041799616587","null","false"
"a2z8c000000egPUAAY","0058c00000BxeO9AAJ","false","O-001135","2023-09-13T06:39:35.000Z","0058c00000BxeO9AAJ","2025-07-10T00:09:49.000Z","0058c00000BxeO9AAJ","2025-07-10T00:09:49.000Z","","","Yes","1.0","a308c000000dYTCAA2","42279468027698523","null","false"
"a2z8c000000egPVAAY","0058c00000BxeO9AAJ","false","O-001136","2023-09-13T06:39:35.000Z","0058c00000BxeO9AAJ","2025-07-10T00:09:49.000Z","0058c00000BxeO9AAJ","2025-07-10T00:09:49.000Z","","","Yes","1.0","a308c000000dYTHAA2","42431600139675704","null","false"
"a2z8c000000egPWAAY","0058c00000BxeO9AAJ","false","O-001137","2023-09-13T06:39:35.000Z","0058c00000BxeO9AAJ","2025-07-10T00:09:49.000Z","0058c00000BxeO9AAJ","2025-07-10T00:09:49.000Z","","","Checked","1.0","a308c000000dYUBAA2","42299966784479264","","false"
"a2z8c000000egPXAAY","0058c00000BxeO9AAJ","false","O-001138","2023-09-13T06:39:35.000Z","0058c00000BxeO9AAJ","2025-07-10T00:09:49.000Z","0058c00000BxeO9AAJ","2025-07-10T00:09:49.000Z","","","Yes","1.0","a308c000000dYTNAA2","a2z4W000002EICOQA4","","false"
"a2z8c000000egPYAAY","0058c00000BxeO9AAJ","false","O-001139","2023-09-13T06:39:35.000Z","0058c00000BxeO9AAJ","2025-07-10T00:09:49.000Z","0058c00000BxeO9AAJ","2025-07-10T00:09:49.000Z","","","Yes","1.0","a308c000000dYUCAA2","a2z4W000002EICPQA4","","false"
"a2z8c000000egPZAAY","0058c00000BxeO9AAJ","false","O-001140","2023-09-13T06:39:35.000Z","0058c00000BxeO9AAJ","2025-07-10T00:09:49.000Z","0058c00000BxeO9AAJ","2025-07-10T00:09:49.000Z","","","No","2.0","a308c000000dYTNAA2","a2z4W000002EICQQA4","","false"
"a2z8c000000egPaAAI","0058c00000BxeO9AAJ","false","O-001141","2023-09-13T06:39:35.000Z","0058c00000BxeO9AAJ","2025-07-10T00:09:49.000Z","0058c00000BxeO9AAJ","2025-07-10T00:09:49.000Z","","","No","2.0","a308c000000dYTOAA2","a2z4W000002EICRQA4","","false"
"a2z8c000000egPbAAI","0058c00000BxeO9AAJ","false","O-001142","2023-09-13T06:39:35.000Z","0058c00000BxeO9AAJ","2025-07-10T00:09:49.000Z","0058c00000BxeO9AAJ","2025-07-10T00:09:49.000Z","","","No","2.0","a308c000000dYUDAA2","a2z4W000002EICSQA4","","false"
"a2z8c000000egPcAAI","0058c00000BxeO9AAJ","false","O-001143","2023-09-13T06:39:35.000Z","0058c00000BxeO9AAJ","2025-07-10T00:09:49.000Z","0058c00000BxeO9AAJ","2025-07-10T00:09:49.000Z","","","No","2.0","a308c000000dYTPAA2","a2z4W000002EICTQA4","","false"
"a2z8c000000egPdAAI","0058c00000BxeO9AAJ","false","O-001144","2023-09-13T06:39:35.000Z","0058c00000BxeO9AAJ","2025-07-10T00:09:49.000Z","0058c00000BxeO9AAJ","2025-07-10T00:09:49.000Z","","","Yes","1.0","a308c000000dYUEAA2","a2z4W000002EICUQA4","","false"
"a2z8c000000egPeAAI","0058c00000BxeO9AAJ","false","O-001145","2023-09-13T06:39:35.000Z","0058c00000BxeO9AAJ","2025-07-10T00:09:49.000Z","0058c00000BxeO9AAJ","2025-07-10T00:09:49.000Z","","","Yes","1.0","a308c000000dYTQAA2","a2z4W000002EICVQA4","","false"
"a2z8c000000egPfAAI","0058c00000BxeO9AAJ","false","O-001146","2023-09-13T06:39:35.000Z","0058c00000BxeO9AAJ","2025-07-10T00:09:49.000Z","0058c00000BxeO9AAJ","2025-07-10T00:09:49.000Z","","","Yes","1.0","a308c000000dYUFAA2","a2z4W000002EICWQA4","","false"
"a2z8c000000egPgAAI","0058c00000BxeO9AAJ","false","O-001147","2023-09-13T06:39:35.000Z","0058c00000BxeO9AAJ","2025-07-10T00:09:49.000Z","0058c00000BxeO9AAJ","2025-07-10T00:09:49.000Z","","","Yes","1.0","a308c000000dYUGAA2","a2z4W000002EICXQA4","","false"
"a2z8c000000egPhAAI","0058c00000BxeO9AAJ","false","O-001148","2023-09-13T06:39:35.000Z","0058c00000BxeO9AAJ","2025-07-10T00:09:49.000Z","0058c00000BxeO9AAJ","2025-07-10T00:09:49.000Z","","","No","2.0","a308c000000dYUGAA2","a2z4W000002EICYQA4","","false"
"a2z8c000000egPiAAI","0058c00000BxeO9AAJ","false","O-001149","2023-09-13T06:39:35.000Z","0058c00000BxeO9AAJ","2025-07-10T00:09:49.000Z","0058c00000BxeO9AAJ","2025-07-10T00:09:49.000Z","","","No","2.0","a308c000000dYTQAA2","a2z4W000002EICZQA4","","false"
"a2z8c000000egPjAAI","0058c00000BxeO9AAJ","false","O-001150","2023-09-13T06:39:35.000Z","0058c00000BxeO9AAJ","2025-07-10T00:09:49.000Z","0058c00000BxeO9AAJ","2025-07-10T00:09:49.000Z","","","Yes","1.0","a308c000000dYUDAA2","a2z4W000002EICaQAO","","false"
"a2z8c000000egPkAAI","0058c00000BxeO9AAJ","false","O-001151","2023-09-13T06:39:35.000Z","0058c00000BxeO9AAJ","2025-07-10T00:09:49.000Z","0058c00000BxeO9AAJ","2025-07-10T00:09:49.000Z","","","Yes - By selecting this option, this record will be marked HMDA Reportable","1.0","a308c000000dYTRAA2","a2z4W000002EICbQAO","","false"
"a2z8c000000egPlAAI","0058c00000BxeO9AAJ","false","O-001152","2023-09-13T06:39:35.000Z","0058c00000BxeO9AAJ","2025-07-10T00:09:49.000Z","0058c00000BxeO9AAJ","2025-07-10T00:09:49.000Z","","","Yes - By selecting this option, this record will be marked as an Employee Loan","1.0","a308c000000dYTSAA2","a2z4W000002EICcQAO","","false"
"a2z8c000000egPmAAI","0058c00000BxeO9AAJ","false","O-001153","2023-09-13T06:39:35.000Z","0058c00000BxeO9AAJ","2025-07-10T00:09:49.000Z","0058c00000BxeO9AAJ","2025-07-10T00:09:49.000Z","","","No","2.0","a308c000000dYTTAA2","a2z4W000002EICdQAO","","false"
"a2z8c000000egPnAAI","0058c00000BxeO9AAJ","false","O-001154","2023-09-13T06:39:35.000Z","0058c00000BxeO9AAJ","2025-07-10T00:09:49.000Z","0058c00000BxeO9AAJ","2025-07-10T00:09:49.000Z","","","Yes","1.0","a308c000000dYTUAA2","a2z4W000002EICeQAO","","false"
"a2z8c000000egPoAAI","0058c00000BxeO9AAJ","false","O-001155","2023-09-13T06:39:35.000Z","0058c00000BxeO9AAJ","2025-07-10T00:09:49.000Z","0058c00000BxeO9AAJ","2025-07-10T00:09:49.000Z","","","Yes - By selecting this option, this record will be marked Reg W Reportable","1.0","a308c000000dYTVAA2","a2z4W000002EICfQAO","","false"
"a2z8c000000egPpAAI","0058c00000BxeO9AAJ","false","O-001156","2023-09-13T06:39:35.000Z","0058c00000BxeO9AAJ","2025-07-10T00:09:49.000Z","0058c00000BxeO9AAJ","2025-07-10T00:09:49.000Z","","","No","2.0","a308c000000dYTWAA2","a2z4W000002EICgQAO","","false"
"a2z8c000000egPqAAI","0058c00000BxeO9AAJ","false","O-001157","2023-09-13T06:39:35.000Z","0058c00000BxeO9AAJ","2025-07-10T00:09:49.000Z","0058c00000BxeO9AAJ","2025-07-10T00:09:49.000Z","","","No","2.0","a308c000000dYTXAA2","a2z4W000002EIChQAO","","false"
"a2z8c000000egPrAAI","0058c00000BxeO9AAJ","false","O-001158","2023-09-13T06:39:35.000Z","0058c00000BxeO9AAJ","2025-07-10T00:09:49.000Z","0058c00000BxeO9AAJ","2025-07-10T00:09:49.000Z","","","Yes","1.0","a308c000000dYTYAA2","a2z4W000002EICiQAO","","false"
"a2z8c000000egPsAAI","0058c00000BxeO9AAJ","false","O-001159","2023-09-13T06:39:35.000Z","0058c00000BxeO9AAJ","2025-07-10T00:09:49.000Z","0058c00000BxeO9AAJ","2025-07-10T00:09:49.000Z","","","Yes","1.0","a308c000000dYTZAA2","a2z4W000002EICjQAO","","false"
"a2z8c000000egPtAAI","0058c00000BxeO9AAJ","false","O-001160","2023-09-13T06:39:35.000Z","0058c00000BxeO9AAJ","2025-07-10T00:09:49.000Z","0058c00000BxeO9AAJ","2025-07-10T00:09:49.000Z","","","Yes","1.0","a308c000000dYTaAAM","a2z4W000002EICkQAO","","false"
"a2z8c000000egPuAAI","0058c00000BxeO9AAJ","false","O-001161","2023-09-13T06:39:35.000Z","0058c00000BxeO9AAJ","2025-07-10T00:09:49.000Z","0058c00000BxeO9AAJ","2025-07-10T00:09:49.000Z","","","Yes - By selecting this option, the record will be marked CRA Reportable.","1.0","a308c000000dYTbAAM","a2z4W000002EIClQAO","","false"
"a2z8c000000egPvAAI","0058c00000BxeO9AAJ","false","O-001162","2023-09-13T06:39:35.000Z","0058c00000BxeO9AAJ","2025-07-10T00:09:49.000Z","0058c00000BxeO9AAJ","2025-07-10T00:09:49.000Z","","","None of the above","4.0","a308c000000dYTcAAM","a2z4W000002EICmQAO","","false"
"a2z8c000000egPwAAI","0058c00000BxeO9AAJ","false","O-001163","2023-09-13T06:39:35.000Z","0058c00000BxeO9AAJ","2025-07-10T00:09:49.000Z","0058c00000BxeO9AAJ","2025-07-10T00:09:49.000Z","","","No","2.0","a308c000000dYTdAAM","a2z4W000002EICnQAO","","false"
"a2z8c000000egPxAAI","0058c00000BxeO9AAJ","false","O-001164","2023-09-13T06:39:35.000Z","0058c00000BxeO9AAJ","2025-07-10T00:09:49.000Z","0058c00000BxeO9AAJ","2025-07-10T00:09:49.000Z","","","No","2.0","a308c000000dYTeAAM","a2z4W000002EICoQAO","","false"
"a2z8c000000egPyAAI","0058c00000BxeO9AAJ","false","O-001165","2023-09-13T06:39:35.000Z","0058c00000BxeO9AAJ","2025-07-10T00:09:49.000Z","0058c00000BxeO9AAJ","2025-07-10T00:09:49.000Z","","","No","2.0","a308c000000dYTfAAM","a2z4W000002EICpQAO","","false"
"a2z8c000000egPzAAI","0058c00000BxeO9AAJ","false","O-001166","2023-09-13T06:39:35.000Z","0058c00000BxeO9AAJ","2025-07-10T00:09:49.000Z","0058c00000BxeO9AAJ","2025-07-10T00:09:49.000Z","","","No","2.0","a308c000000dYTgAAM","a2z4W000002EICqQAO","","false"
"a2z8c000000egQ0AAI","0058c00000BxeO9AAJ","false","O-001167","2023-09-13T06:39:35.000Z","0058c00000BxeO9AAJ","2025-07-10T00:09:49.000Z","0058c00000BxeO9AAJ","2025-07-10T00:09:49.000Z","","","Yes, the loan is HVCRE reportable.","1.0","a308c000000dYThAAM","a2z4W000002EICrQAO","","false"
"a2z8c000000egQ1AAI","0058c00000BxeO9AAJ","false","O-001168","2023-09-13T06:39:35.000Z","0058c00000BxeO9AAJ","2025-07-10T00:09:49.000Z","0058c00000BxeO9AAJ","2025-07-10T00:09:49.000Z","","","Yes - By selecting this option, the loan will be marked Reg O Reportable.","1.0","a308c000000dYTTAA2","a2z4W000002EICsQAO","","false"
"a2z8c000000egQ2AAI","0058c00000BxeO9AAJ","false","O-001169","2023-09-13T06:39:35.000Z","0058c00000BxeO9AAJ","2025-07-10T00:09:49.000Z","0058c00000BxeO9AAJ","2025-07-10T00:09:49.000Z","","","No","2.0","a308c000000dYUNAA2","a2z4W000002EICtQAO","","false"
"a2z8c000000egQ3AAI","0058c00000BxeO9AAJ","false","O-001170","2023-09-13T06:39:35.000Z","0058c00000BxeO9AAJ","2025-07-10T00:09:49.000Z","0058c00000BxeO9AAJ","2025-07-10T00:09:49.000Z","","","Yes, this loan IS NOT HMDA Reportable","1.0","a308c000000dYTlAAM","a2z4W000002EICuQAO","","false"
"a2z8c000000egQ4AAI","0058c00000BxeO9AAJ","false","O-001171","2023-09-13T06:39:35.000Z","0058c00000BxeO9AAJ","2025-07-10T00:09:49.000Z","0058c00000BxeO9AAJ","2025-07-10T00:09:49.000Z","","","No","2.0","a308c000000dYTSAA2","a2z4W000002EICvQAO","","false"
"a2z8c000000egQ5AAI","0058c00000BxeO9AAJ","false","O-001172","2023-09-13T06:39:35.000Z","0058c00000BxeO9AAJ","2025-07-10T00:09:49.000Z","0058c00000BxeO9AAJ","2025-07-10T00:09:49.000Z","","","Yes","1.0","a308c000000dYUNAA2","a2z4W000002EICwQAO","","false"
"a2z8c000000egQ6AAI","0058c00000BxeO9AAJ","false","O-001173","2023-09-13T06:39:35.000Z","0058c00000BxeO9AAJ","2025-07-10T00:09:49.000Z","0058c00000BxeO9AAJ","2025-07-10T00:09:49.000Z","","","Yes","1.0","a308c000000dYTOAA2","a2z4W000002EICxQAO","","false"
"a2z8c000000egQ7AAI","0058c00000BxeO9AAJ","false","O-001174","2023-09-13T06:39:35.000Z","0058c00000BxeO9AAJ","2025-07-10T00:09:49.000Z","0058c00000BxeO9AAJ","2025-07-10T00:09:49.000Z","","","Yes","1.0","a308c000000dYTPAA2","a2z4W000002EICyQAO","","false"
"a2z8c000000egQ8AAI","0058c00000BxeO9AAJ","false","O-001175","2023-09-13T06:39:35.000Z","0058c00000BxeO9AAJ","2025-07-10T00:09:49.000Z","0058c00000BxeO9AAJ","2025-07-10T00:09:49.000Z","","","No","2.0","a308c000000dYUCAA2","a2z4W000002EICzQAO","","false"
"a2z8c000000egQ9AAI","0058c00000BxeO9AAJ","false","O-001176","2023-09-13T06:39:35.000Z","0058c00000BxeO9AAJ","2025-07-10T00:09:49.000Z","0058c00000BxeO9AAJ","2025-07-10T00:09:49.000Z","","","No","2.0","a308c000000dYUFAA2","a2z4W000002EID0QAO","","false"
"a2z8c000000egQAAAY","0058c00000BxeO9AAJ","false","O-001177","2023-09-13T06:39:35.000Z","0058c00000BxeO9AAJ","2025-07-10T00:09:49.000Z","0058c00000BxeO9AAJ","2025-07-10T00:09:49.000Z","","","No","2.0","a308c000000dYTUAA2","a2z4W000002EID1QAO","","false"
"a2z8c000000egQBAAY","0058c00000BxeO9AAJ","false","O-001178","2023-09-13T06:39:35.000Z","0058c00000BxeO9AAJ","2025-07-10T00:09:49.000Z","0058c00000BxeO9AAJ","2025-07-10T00:09:49.000Z","","","Yes","1.0","a308c000000dYTmAAM","a2z4W000002EID2QAO","","false"
"a2z8c000000egQCAAY","0058c00000BxeO9AAJ","false","O-001179","2023-09-13T06:39:35.000Z","0058c00000BxeO9AAJ","2025-07-10T00:09:49.000Z","0058c00000BxeO9AAJ","2025-07-10T00:09:49.000Z","","","No","2.0","a308c000000dYTmAAM","a2z4W000002EID3QAO","","false"
"a2z8c000000egQDAAY","0058c00000BxeO9AAJ","false","O-001180","2023-09-13T06:39:35.000Z","0058c00000BxeO9AAJ","2025-07-10T00:09:49.000Z","0058c00000BxeO9AAJ","2025-07-10T00:09:49.000Z","","","Yes","1.0","a308c000000dYTnAAM","a2z4W000002EID4QAO","","false"
"a2z8c000000egQEAAY","0058c00000BxeO9AAJ","false","O-001181","2023-09-13T06:39:35.000Z","0058c00000BxeO9AAJ","2025-07-10T00:09:49.000Z","0058c00000BxeO9AAJ","2025-07-10T00:09:49.000Z","","","No","2.0","a308c000000dYTnAAM","a2z4W000002EID5QAO","","false"
"a2z8c000000egQFAAY","0058c00000BxeO9AAJ","false","O-001182","2023-09-13T06:39:35.000Z","0058c00000BxeO9AAJ","2025-07-10T00:09:49.000Z","0058c00000BxeO9AAJ","2025-07-10T00:09:49.000Z","","","Yes","1.0","a308c000000dYToAAM","a2z4W000002EID6QAO","","false"
"a2z8c000000egQGAAY","0058c00000BxeO9AAJ","false","O-001183","2023-09-13T06:39:35.000Z","0058c00000BxeO9AAJ","2025-07-10T00:09:49.000Z","0058c00000BxeO9AAJ","2025-07-10T00:09:49.000Z","","","No","2.0","a308c000000dYToAAM","a2z4W000002EID7QAO","","false"
"a2z8c000000egQHAAY","0058c00000BxeO9AAJ","false","O-001184","2023-09-13T06:39:35.000Z","0058c00000BxeO9AAJ","2025-07-10T00:09:49.000Z","0058c00000BxeO9AAJ","2025-07-10T00:09:49.000Z","","","Yes","1.0","a308c000000dYTpAAM","a2z4W000002EID8QAO","","false"
"a2z8c000000egQIAAY","0058c00000BxeO9AAJ","false","O-001185","2023-09-13T06:39:35.000Z","0058c00000BxeO9AAJ","2025-07-10T00:09:49.000Z","0058c00000BxeO9AAJ","2025-07-10T00:09:49.000Z","","","No","2.0","a308c000000dYTpAAM","a2z4W000002EID9QAO","","false"
"a2z8c000000egQJAAY","0058c00000BxeO9AAJ","false","O-001186","2023-09-13T06:39:35.000Z","0058c00000BxeO9AAJ","2025-07-10T00:09:49.000Z","0058c00000BxeO9AAJ","2025-07-10T00:09:49.000Z","","","A 1-4 Family Residence","1.0","a308c000000dYTcAAM","a2z4W000002EIDAQA4","","false"
"a2z8c000000egQKAAY","0058c00000BxeO9AAJ","false","O-001187","2023-09-13T06:39:35.000Z","0058c00000BxeO9AAJ","2025-07-10T00:09:49.000Z","0058c00000BxeO9AAJ","2025-07-10T00:09:49.000Z","","","A Community Development Project","2.0","a308c000000dYTcAAM","a2z4W000002EIDBQA4","","false"
"a2z8c000000egQLAAY","0058c00000BxeO9AAJ","false","O-001188","2023-09-13T06:39:35.000Z","0058c00000BxeO9AAJ","2025-07-10T00:09:49.000Z","0058c00000BxeO9AAJ","2025-07-10T00:09:49.000Z","","","Agricultural Land Purchased for Development","3.0","a308c000000dYTcAAM","a2z4W000002EIDCQA4","","false"
"a2z8c000000egQMAAY","0058c00000BxeO9AAJ","false","O-001189","2023-09-13T06:39:35.000Z","0058c00000BxeO9AAJ","2025-07-10T00:09:49.000Z","0058c00000BxeO9AAJ","2025-07-10T00:09:49.000Z","","","Yes","1.0","a308c000000dYTdAAM","a2z4W000002EIDDQA4","","false"
"a2z8c000000egQNAAY","0058c00000BxeO9AAJ","false","O-001190","2023-09-13T06:39:35.000Z","0058c00000BxeO9AAJ","2025-07-10T00:09:49.000Z","0058c00000BxeO9AAJ","2025-07-10T00:09:49.000Z","","","Yes","1.0","a308c000000dYTeAAM","a2z4W000002EIDEQA4","","false"
"a2z8c000000egQOAAY","0058c00000BxeO9AAJ","false","O-001191","2023-09-13T06:39:35.000Z","0058c00000BxeO9AAJ","2025-07-10T00:09:49.000Z","0058c00000BxeO9AAJ","2025-07-10T00:09:49.000Z","","","Yes","1.0","a308c000000dYTgAAM","a2z4W000002EIDFQA4","","false"
"a2z8c000000egQPAAY","0058c00000BxeO9AAJ","false","O-001192","2023-09-13T06:39:35.000Z","0058c00000BxeO9AAJ","2025-07-10T00:09:49.000Z","0058c00000BxeO9AAJ","2025-07-10T00:09:49.000Z","","","Yes","1.0","a308c000000dYTfAAM","a2z4W000002EIDGQA4","","false"
"a2z8c000000egQQAAY","0058c00000BxeO9AAJ","false","O-001193","2023-09-13T06:39:35.000Z","0058c00000BxeO9AAJ","2025-07-10T00:09:49.000Z","0058c00000BxeO9AAJ","2025-07-10T00:09:49.000Z","","","Yes, this Loan is not HVCRE reportable.","1.0","a308c000000dYTrAAM","a2z4W000002EIDHQA4","","false"
"a2z8c000000egQRAAY","0058c00000BxeO9AAJ","false","O-001194","2023-09-13T06:39:35.000Z","0058c00000BxeO9AAJ","2025-07-10T00:09:49.000Z","0058c00000BxeO9AAJ","2025-07-10T00:09:49.000Z","","","Yes","1.0","a308c000000dYTWAA2","a2z4W000002EIDIQA4","","false"
"a2z8c000000egQSAAY","0058c00000BxeO9AAJ","false","O-001195","2023-09-13T06:39:35.000Z","0058c00000BxeO9AAJ","2025-07-10T00:09:49.000Z","0058c00000BxeO9AAJ","2025-07-10T00:09:49.000Z","","","Yes","1.0","a308c000000dYTXAA2","a2z4W000002EIDJQA4","","false"
"a2z8c000000egQTAAY","0058c00000BxeO9AAJ","false","O-001196","2023-09-13T06:39:35.000Z","0058c00000BxeO9AAJ","2025-07-10T00:09:49.000Z","0058c00000BxeO9AAJ","2025-07-10T00:09:49.000Z","","","No","2.0","a308c000000dYTYAA2","a2z4W000002EIDKQA4","","false"
"a2z8c000000egQUAAY","0058c00000BxeO9AAJ","false","O-001197","2023-09-13T06:39:35.000Z","0058c00000BxeO9AAJ","2025-07-10T00:09:49.000Z","0058c00000BxeO9AAJ","2025-07-10T00:09:49.000Z","","","No","2.0","a308c000000dYTZAA2","a2z4W000002EIDLQA4","","false"
"a2z8c000000egQVAAY","0058c00000BxeO9AAJ","false","O-001198","2023-09-13T06:39:35.000Z","0058c00000BxeO9AAJ","2025-07-10T00:09:49.000Z","0058c00000BxeO9AAJ","2025-07-10T00:09:49.000Z","","","No","2.0","a308c000000dYTaAAM","a2z4W000002EIDMQA4","","false"
"a2z8c000000egQWAAY","0058c00000BxeO9AAJ","false","O-001199","2023-09-13T06:39:35.000Z","0058c00000BxeO9AAJ","2025-07-10T00:09:49.000Z","0058c00000BxeO9AAJ","2025-07-10T00:09:49.000Z","","","Yes","1.0","a308c000000dYTsAAM","a2z4W000002EIDNQA4","","false"
"a2z8c000000egQXAAY","0058c00000BxeO9AAJ","false","O-001200","2023-09-13T06:39:35.000Z","0058c00000BxeO9AAJ","2025-07-10T00:09:49.000Z","0058c00000BxeO9AAJ","2025-07-10T00:09:49.000Z","","","No","2.0","a308c000000dYTRAA2","a2z4W000002EIDOQA4","","false"
"a2z8c000000egQYAAY","0058c00000BxeO9AAJ","false","O-001201","2023-09-13T06:39:35.000Z","0058c00000BxeO9AAJ","2025-07-10T00:09:49.000Z","0058c00000BxeO9AAJ","2025-07-10T00:09:49.000Z","","","No","2.0","a308c000000dYTVAA2","a2z4W000002EIDPQA4","","false"
"a2z8c000000xL21AAE","0058c00000BxeO9AAJ","false","O-000402","2023-02-23T12:26:18.000Z","0058c00000BxeO9AAJ","2025-07-10T00:09:49.000Z","0058c00000BxeO9AAJ","2025-07-10T00:09:49.000Z","","","Checked","1.0","a308c000000y8FDAAY","42334602718618068","","false"
"a2z8c000001MjtqAAC","0058c00000BxeO9AAJ","false","O-003597","2023-10-18T17:44:29.000Z","0058c00000BxeO9AAJ","2025-07-10T00:09:49.000Z","0058c00000BxeO9AAJ","2025-07-10T00:09:49.000Z","","","No","2.0","a308c000000lZIMAA2","a2zHu000001pW95IAE","","false"
"a2z8c000001MjtrAAC","0058c00000BxeO9AAJ","false","O-003598","2023-10-18T17:44:29.000Z","0058c00000BxeO9AAJ","2025-07-10T00:09:49.000Z","0058c00000BxeO9AAJ","2025-07-10T00:09:49.000Z","","","Yes","1.0","a308c000000lZILAA2","a2zHu000001pW96IAE","","false"
"a2z8c000001MjtsAAC","0058c00000BxeO9AAJ","false","O-003599","2023-10-18T17:44:29.000Z","0058c00000BxeO9AAJ","2025-07-10T00:09:49.000Z","0058c00000BxeO9AAJ","2025-07-10T00:09:49.000Z","","","Yes","1.0","a308c000000lZIKAA2","a2zHu000001pW97IAE","","false"
"a2z8c000001MjttAAC","0058c00000BxeO9AAJ","false","O-003600","2023-10-18T17:44:29.000Z","0058c00000BxeO9AAJ","2025-07-10T00:09:49.000Z","0058c00000BxeO9AAJ","2025-07-10T00:09:49.000Z","","","No","2.0","a308c000000lZILAA2","a2zHu000001pW98IAE","","false"
"a2z8c000001MjtuAAC","0058c00000BxeO9AAJ","false","O-003601","2023-10-18T17:44:29.000Z","0058c00000BxeO9AAJ","2025-07-10T00:09:49.000Z","0058c00000BxeO9AAJ","2025-07-10T00:09:49.000Z","","","No","2.0","a308c000000lZINAA2","a2zHu000001pW99IAE","","false"
"a2z8c000001MjtvAAC","0058c00000BxeO9AAJ","false","O-003602","2023-10-18T17:44:29.000Z","0058c00000BxeO9AAJ","2025-07-10T00:09:49.000Z","0058c00000BxeO9AAJ","2025-07-10T00:09:49.000Z","","","No","2.0","a308c000000lZIOAA2","a2zHu000001pW9AIAU","","false"
"a2z8c000001MjtwAAC","0058c00000BxeO9AAJ","false","O-003603","2023-10-18T17:44:29.000Z","0058c00000BxeO9AAJ","2025-07-10T00:09:49.000Z","0058c00000BxeO9AAJ","2025-07-10T00:09:49.000Z","","","Yes","1.0","a308c000000lZIPAA2","a2zHu000001pW9BIAU","","false"
"a2z8c000001MjtxAAC","0058c00000BxeO9AAJ","false","O-003604","2023-10-18T17:44:29.000Z","0058c00000BxeO9AAJ","2025-07-10T00:09:49.000Z","0058c00000BxeO9AAJ","2025-07-10T00:09:49.000Z","","","Yes","1.0","a308c000000lZIQAA2","a2zHu000001pW9CIAU","","false"
"a2z8c000001MjtyAAC","0058c00000BxeO9AAJ","false","O-003605","2023-10-18T17:44:29.000Z","0058c00000BxeO9AAJ","2025-07-10T00:09:49.000Z","0058c00000BxeO9AAJ","2025-07-10T00:09:49.000Z","","","Yes","1.0","a308c000000lZIRAA2","a2zHu000001pW9DIAU","","false"
"a2z8c000001MjtzAAC","0058c00000BxeO9AAJ","false","O-003606","2023-10-18T17:44:29.000Z","0058c00000BxeO9AAJ","2025-07-10T00:09:49.000Z","0058c00000BxeO9AAJ","2025-07-10T00:09:49.000Z","","","Yes","1.0","a308c000000lZISAA2","a2zHu000001pW9EIAU","","false"
"a2z8c000001Mju0AAC","0058c00000BxeO9AAJ","false","O-003607","2023-10-18T17:44:29.000Z","0058c00000BxeO9AAJ","2025-07-10T00:09:49.000Z","0058c00000BxeO9AAJ","2025-07-10T00:09:49.000Z","","","No","2.0","a308c000000lZISAA2","a2zHu000001pW9FIAU","","false"
"a2z8c000001Mju1AAC","0058c00000BxeO9AAJ","false","O-003608","2023-10-18T17:44:29.000Z","0058c00000BxeO9AAJ","2025-07-10T00:09:49.000Z","0058c00000BxeO9AAJ","2025-07-10T00:09:49.000Z","","","No","2.0","a308c000000lZIQAA2","a2zHu000001pW9GIAU","","false"
"a2z8c000001Mju2AAC","0058c00000BxeO9AAJ","false","O-003609","2023-10-18T17:44:29.000Z","0058c00000BxeO9AAJ","2025-07-10T00:09:49.000Z","0058c00000BxeO9AAJ","2025-07-10T00:09:49.000Z","","","Yes","1.0","a308c000000lZINAA2","a2zHu000001pW9HIAU","","false"
"a2z8c000001Mju3AAC","0058c00000BxeO9AAJ","false","O-003610","2023-10-18T17:44:29.000Z","0058c00000BxeO9AAJ","2025-07-10T00:09:49.000Z","0058c00000BxeO9AAJ","2025-07-10T00:09:49.000Z","","","Yes - By selecting this option, this record will be marked HMDA Reportable","1.0","a308c000000lZITAA2","a2zHu000001pW9IIAU","","false"
"a2z8c000001Mju4AAC","0058c00000BxeO9AAJ","false","O-003611","2023-10-18T17:44:29.000Z","0058c00000BxeO9AAJ","2025-07-10T00:09:49.000Z","0058c00000BxeO9AAJ","2025-07-10T00:09:49.000Z","","","Yes - By selecting this option, this record will be marked as an Employee Loan","1.0","a308c000000lZIUAA2","a2zHu000001pW9JIAU","","false"
"a2z8c000001Mju5AAC","0058c00000BxeO9AAJ","false","O-003612","2023-10-18T17:44:29.000Z","0058c00000BxeO9AAJ","2025-07-10T00:09:49.000Z","0058c00000BxeO9AAJ","2025-07-10T00:09:49.000Z","","","No","2.0","a308c000000lZIVAA2","a2zHu000001pW9KIAU","","false"
"a2z8c000001Mju6AAC","0058c00000BxeO9AAJ","false","O-003613","2023-10-18T17:44:29.000Z","0058c00000BxeO9AAJ","2025-07-10T00:09:49.000Z","0058c00000BxeO9AAJ","2025-07-10T00:09:49.000Z","","","No","2.0","a308c000000lZIWAA2","a2zHu000001pW9NIAU","","false"
"a2z8c000001Mju7AAC","0058c00000BxeO9AAJ","false","O-003614","2023-10-18T17:44:29.000Z","0058c00000BxeO9AAJ","2025-07-10T00:09:49.000Z","0058c00000BxeO9AAJ","2025-07-10T00:09:49.000Z","","","No","2.0","a308c000000lZIXAA2","a2zHu000001pW9OIAU","","false"
"a2z8c000001Mju8AAC","0058c00000BxeO9AAJ","false","O-003615","2023-10-18T17:44:29.000Z","0058c00000BxeO9AAJ","2025-07-10T00:09:49.000Z","0058c00000BxeO9AAJ","2025-07-10T00:09:49.000Z","","","Yes","1.0","a308c000000lZIYAA2","a2zHu000001pW9PIAU","","false"
"a2z8c000001Mju9AAC","0058c00000BxeO9AAJ","false","O-003616","2023-10-18T17:44:29.000Z","0058c00000BxeO9AAJ","2025-07-10T00:09:49.000Z","0058c00000BxeO9AAJ","2025-07-10T00:09:49.000Z","","","Yes","1.0","a308c000000lZIZAA2","a2zHu000001pW9QIAU","","false"
"a2z8c000001MjuAAAS","0058c00000BxeO9AAJ","false","O-003617","2023-10-18T17:44:29.000Z","0058c00000BxeO9AAJ","2025-07-10T00:09:49.000Z","0058c00000BxeO9AAJ","2025-07-10T00:09:49.000Z","","","Yes","1.0","a308c000000lZIaAAM","a2zHu000001pW9RIAU","","false"
"a2z8c000001MjuBAAS","0058c00000BxeO9AAJ","false","O-003618","2023-10-18T17:44:29.000Z","0058c00000BxeO9AAJ","2025-07-10T00:09:49.000Z","0058c00000BxeO9AAJ","2025-07-10T00:09:49.000Z","","","Yes - By selecting this option, the record will be marked CRA Reportable.","1.0","a308c000000lZIbAAM","a2zHu000001pW9TIAU","","false"
"a2z8c000001MjuCAAS","0058c00000BxeO9AAJ","false","O-003619","2023-10-18T17:44:29.000Z","0058c00000BxeO9AAJ","2025-07-10T00:09:49.000Z","0058c00000BxeO9AAJ","2025-07-10T00:09:49.000Z","","","None of the above","4.0","a308c000000lZIcAAM","a2zHu000001pW9UIAU","","false"
"a2z8c000001MjuDAAS","0058c00000BxeO9AAJ","false","O-003620","2023-10-18T17:44:29.000Z","0058c00000BxeO9AAJ","2025-07-10T00:09:49.000Z","0058c00000BxeO9AAJ","2025-07-10T00:09:49.000Z","","","No","2.0","a308c000000lZIdAAM","a2zHu000001pW9VIAU","","false"
"a2z8c000001MjuEAAS","0058c00000BxeO9AAJ","false","O-003621","2023-10-18T17:44:29.000Z","0058c00000BxeO9AAJ","2025-07-10T00:09:49.000Z","0058c00000BxeO9AAJ","2025-07-10T00:09:49.000Z","","","No","2.0","a308c000000lZIeAAM","a2zHu000001pW9SIAU","","false"
"a2z8c000001MjuFAAS","0058c00000BxeO9AAJ","false","O-003622","2023-10-18T17:44:29.000Z","0058c00000BxeO9AAJ","2025-07-10T00:09:49.000Z","0058c00000BxeO9AAJ","2025-07-10T00:09:49.000Z","","","No","2.0","a308c000000lZIFAA2","a2zHu000001pW9WIAU","","false"
"a2z8c000001MjuGAAS","0058c00000BxeO9AAJ","false","O-003623","2023-10-18T17:44:29.000Z","0058c00000BxeO9AAJ","2025-07-10T00:09:49.000Z","0058c00000BxeO9AAJ","2025-07-10T00:09:49.000Z","","","No","2.0","a308c000000lZIfAAM","a2zHu000001pW9XIAU","","false"
"a2z8c000001MjuHAAS","0058c00000BxeO9AAJ","false","O-003624","2023-10-18T17:44:29.000Z","0058c00000BxeO9AAJ","2025-07-10T00:09:49.000Z","0058c00000BxeO9AAJ","2025-07-10T00:09:49.000Z","","","Yes, the loan is HVCRE reportable.","1.0","a308c000000lZIgAAM","a2zHu000001pW9YIAU","","false"
"a2z8c000001MjuIAAS","0058c00000BxeO9AAJ","false","O-003625","2023-10-18T17:44:29.000Z","0058c00000BxeO9AAJ","2025-07-10T00:09:49.000Z","0058c00000BxeO9AAJ","2025-07-10T00:09:49.000Z","","","Yes - By selecting this option, the loan will be marked Reg O Reportable.","1.0","a308c000000lZIVAA2","a2zHu000001pW9ZIAU","","false"
"a2z8c000001MjuJAAS","0058c00000BxeO9AAJ","false","O-003626","2023-10-18T17:44:29.000Z","0058c00000BxeO9AAJ","2025-07-10T00:09:49.000Z","0058c00000BxeO9AAJ","2025-07-10T00:09:49.000Z","","","No","2.0","a308c000000lZIqAAM","a2zHu000001pW9aIAE","","false"
"a2z8c000001MjuKAAS","0058c00000BxeO9AAJ","false","O-003627","2023-10-18T17:44:29.000Z","0058c00000BxeO9AAJ","2025-07-10T00:09:49.000Z","0058c00000BxeO9AAJ","2025-07-10T00:09:49.000Z","","","Yes, this loan IS NOT HMDA Reportable","1.0","a308c000000lZIrAAM","a2zHu000001pW9bIAE","","false"
"a2z8c000001MjuLAAS","0058c00000BxeO9AAJ","false","O-003628","2023-10-18T17:44:29.000Z","0058c00000BxeO9AAJ","2025-07-10T00:09:49.000Z","0058c00000BxeO9AAJ","2025-07-10T00:09:49.000Z","","","No","2.0","a308c000000lZIUAA2","a2zHu000001pW9cIAE","","false"
"a2z8c000001MjuMAAS","0058c00000BxeO9AAJ","false","O-003629","2023-10-18T17:44:29.000Z","0058c00000BxeO9AAJ","2025-07-10T00:09:49.000Z","0058c00000BxeO9AAJ","2025-07-10T00:09:49.000Z","","","Yes","1.0","a308c000000lZIqAAM","a2zHu000001pW9dIAE","","false"
"a2z8c000001MjuNAAS","0058c00000BxeO9AAJ","false","O-003630","2023-10-18T17:44:29.000Z","0058c00000BxeO9AAJ","2025-07-10T00:09:49.000Z","0058c00000BxeO9AAJ","2025-07-10T00:09:49.000Z","","","Yes","1.0","a308c000000lZIMAA2","a2zHu000001pW9eIAE","","false"
"a2z8c000001MjuOAAS","0058c00000BxeO9AAJ","false","O-003631","2023-10-18T17:44:29.000Z","0058c00000BxeO9AAJ","2025-07-10T00:09:49.000Z","0058c00000BxeO9AAJ","2025-07-10T00:09:49.000Z","","","Yes","1.0","a308c000000lZIOAA2","a2zHu000001pW9fIAE","","false"
"a2z8c000001MjuPAAS","0058c00000BxeO9AAJ","false","O-003632","2023-10-18T17:44:29.000Z","0058c00000BxeO9AAJ","2025-07-10T00:09:49.000Z","0058c00000BxeO9AAJ","2025-07-10T00:09:49.000Z","","","No","2.0","a308c000000lZIKAA2","a2zHu000001pW9gIAE","","false"
"a2z8c000001MjuQAAS","0058c00000BxeO9AAJ","false","O-003633","2023-10-18T17:44:29.000Z","0058c00000BxeO9AAJ","2025-07-10T00:09:49.000Z","0058c00000BxeO9AAJ","2025-07-10T00:09:49.000Z","","","No","2.0","a308c000000lZIRAA2","a2zHu000001pW9hIAE","","false"
"a2z8c000001MjuRAAS","0058c00000BxeO9AAJ","false","O-003634","2023-10-18T17:44:29.000Z","0058c00000BxeO9AAJ","2025-07-10T00:09:49.000Z","0058c00000BxeO9AAJ","2025-07-10T00:09:49.000Z","","","Yes","1.0","a308c000000lZJCAA2","a2zHu000001pW9jIAE","","false"
"a2z8c000001MjuSAAS","0058c00000BxeO9AAJ","false","O-003635","2023-10-18T17:44:29.000Z","0058c00000BxeO9AAJ","2025-07-10T00:09:49.000Z","0058c00000BxeO9AAJ","2025-07-10T00:09:49.000Z","","","Yes","1.0","a308c000000lZJDAA2","a2zHu000001pW9LIAU","","false"
"a2z8c000001MjuTAAS","0058c00000BxeO9AAJ","false","O-003636","2023-10-18T17:44:29.000Z","0058c00000BxeO9AAJ","2025-07-10T00:09:49.000Z","0058c00000BxeO9AAJ","2025-07-10T00:09:49.000Z","","","Yes - By selecting this option, this record will be marked Reg W Reportable","1.0","a308c000000lZJEAA2","a2zHu000001pW9MIAU","","false"
"a2z8c000001MjuUAAS","0058c00000BxeO9AAJ","false","O-003637","2023-10-18T17:44:29.000Z","0058c00000BxeO9AAJ","2025-07-10T00:09:49.000Z","0058c00000BxeO9AAJ","2025-07-10T00:09:49.000Z","","","No","2.0","a308c000000lZJDAA2","a2zHu000001pW9iIAE","","false"
"a2z8c000001MjuVAAS","0058c00000BxeO9AAJ","false","O-003638","2023-10-18T17:44:29.000Z","0058c00000BxeO9AAJ","2025-07-10T00:09:49.000Z","0058c00000BxeO9AAJ","2025-07-10T00:09:49.000Z","","","No","2.0","a308c000000lZJCAA2","a2zHu000001pW9kIAE","","false"
"a2z8c000001MjuWAAS","0058c00000BxeO9AAJ","false","O-003639","2023-10-18T17:44:29.000Z","0058c00000BxeO9AAJ","2025-07-10T00:09:49.000Z","0058c00000BxeO9AAJ","2025-07-10T00:09:49.000Z","","","Yes","1.0","a308c000000lZJFAA2","a2zHu000001pW9lIAE","","false"
"a2z8c000001MjuXAAS","0058c00000BxeO9AAJ","false","O-003640","2023-10-18T17:44:29.000Z","0058c00000BxeO9AAJ","2025-07-10T00:09:49.000Z","0058c00000BxeO9AAJ","2025-07-10T00:09:49.000Z","","","No","2.0","a308c000000lZJFAA2","a2zHu000001pW9mIAE","","false"
"a2z8c000001MjuYAAS","0058c00000BxeO9AAJ","false","O-003641","2023-10-18T17:44:29.000Z","0058c00000BxeO9AAJ","2025-07-10T00:09:49.000Z","0058c00000BxeO9AAJ","2025-07-10T00:09:49.000Z","","","Yes","1.0","a308c000000lZJGAA2","a2zHu000001pW9nIAE","","false"
"a2z8c000001MjuZAAS","0058c00000BxeO9AAJ","false","O-003642","2023-10-18T17:44:29.000Z","0058c00000BxeO9AAJ","2025-07-10T00:09:49.000Z","0058c00000BxeO9AAJ","2025-07-10T00:09:49.000Z","","","No","2.0","a308c000000lZJGAA2","a2zHu000001pW9oIAE","","false"
"a2z8c000001MjuaAAC","0058c00000BxeO9AAJ","false","O-003643","2023-10-18T17:44:29.000Z","0058c00000BxeO9AAJ","2025-07-10T00:09:49.000Z","0058c00000BxeO9AAJ","2025-07-10T00:09:49.000Z","","","Yes","1.0","a308c000000lZJHAA2","a2zHu000001pW9pIAE","","false"
"a2z8c000001MjubAAC","0058c00000BxeO9AAJ","false","O-003644","2023-10-18T17:44:29.000Z","0058c00000BxeO9AAJ","2025-07-10T00:09:49.000Z","0058c00000BxeO9AAJ","2025-07-10T00:09:49.000Z","","","No","2.0","a308c000000lZJHAA2","a2zHu000001pW9qIAE","","false"
"a2z8c000001MjucAAC","0058c00000BxeO9AAJ","false","O-003645","2023-10-18T17:44:29.000Z","0058c00000BxeO9AAJ","2025-07-10T00:09:49.000Z","0058c00000BxeO9AAJ","2025-07-10T00:09:49.000Z","","","A 1-4 Family Residence","1.0","a308c000000lZIcAAM","a2zHu000001pW9rIAE","","false"
"a2z8c000001MjudAAC","0058c00000BxeO9AAJ","false","O-003646","2023-10-18T17:44:29.000Z","0058c00000BxeO9AAJ","2025-07-10T00:09:49.000Z","0058c00000BxeO9AAJ","2025-07-10T00:09:49.000Z","","","A Community Development Project","2.0","a308c000000lZIcAAM","a2zHu000001pW9sIAE","","false"
"a2z8c000001MjueAAC","0058c00000BxeO9AAJ","false","O-003647","2023-10-18T17:44:29.000Z","0058c00000BxeO9AAJ","2025-07-10T00:09:49.000Z","0058c00000BxeO9AAJ","2025-07-10T00:09:49.000Z","","","Agricultural Land Purchased for Development","3.0","a308c000000lZIcAAM","a2zHu000001pW9tIAE","","false"
"a2z8c000001MjufAAC","0058c00000BxeO9AAJ","false","O-003648","2023-10-18T17:44:29.000Z","0058c00000BxeO9AAJ","2025-07-10T00:09:49.000Z","0058c00000BxeO9AAJ","2025-07-10T00:09:49.000Z","","","Yes","1.0","a308c000000lZIdAAM","a2zHu000001pW9uIAE","","false"
"a2z8c000001MjugAAC","0058c00000BxeO9AAJ","false","O-003649","2023-10-18T17:44:29.000Z","0058c00000BxeO9AAJ","2025-07-10T00:09:49.000Z","0058c00000BxeO9AAJ","2025-07-10T00:09:49.000Z","","","Yes","1.0","a308c000000lZIeAAM","a2zHu000001pW9vIAE","","false"
"a2z8c000001MjuhAAC","0058c00000BxeO9AAJ","false","O-003650","2023-10-18T17:44:29.000Z","0058c00000BxeO9AAJ","2025-07-10T00:09:49.000Z","0058c00000BxeO9AAJ","2025-07-10T00:09:49.000Z","","","Yes","1.0","a308c000000lZIfAAM","a2zHu000001pW9wIAE","","false"
"a2z8c000001MjuiAAC","0058c00000BxeO9AAJ","false","O-003651","2023-10-18T17:44:29.000Z","0058c00000BxeO9AAJ","2025-07-10T00:09:49.000Z","0058c00000BxeO9AAJ","2025-07-10T00:09:49.000Z","","","Yes","1.0","a308c000000lZIFAA2","a2zHu000001pW9xIAE","","false"
"a2z8c000001MjujAAC","0058c00000BxeO9AAJ","false","O-003652","2023-10-18T17:44:29.000Z","0058c00000BxeO9AAJ","2025-07-10T00:09:49.000Z","0058c00000BxeO9AAJ","2025-07-10T00:09:49.000Z","","","Yes, this Loan is not HVCRE reportable.","1.0","a308c000000lZIsAAM","a2zHu000001pW9yIAE","","false"
"a2z8c000001MjukAAC","0058c00000BxeO9AAJ","false","O-003653","2023-10-18T17:44:29.000Z","0058c00000BxeO9AAJ","2025-07-10T00:09:49.000Z","0058c00000BxeO9AAJ","2025-07-10T00:09:49.000Z","","","Yes","1.0","a308c000000lZIWAA2","a2zHu000001pW9zIAE","","false"
"a2z8c000001MjulAAC","0058c00000BxeO9AAJ","false","O-003654","2023-10-18T17:44:29.000Z","0058c00000BxeO9AAJ","2025-07-10T00:09:49.000Z","0058c00000BxeO9AAJ","2025-07-10T00:09:49.000Z","","","Yes","1.0","a308c000000lZIXAA2","a2zHu000001pWA0IAM","","false"
"a2z8c000001MjumAAC","0058c00000BxeO9AAJ","false","O-003655","2023-10-18T17:44:29.000Z","0058c00000BxeO9AAJ","2025-07-10T00:09:49.000Z","0058c00000BxeO9AAJ","2025-07-10T00:09:49.000Z","","","No","2.0","a308c000000lZIYAA2","a2zHu000001pWA2IAM","","false"
"a2z8c000001MjunAAC","0058c00000BxeO9AAJ","false","O-003656","2023-10-18T17:44:29.000Z","0058c00000BxeO9AAJ","2025-07-10T00:09:49.000Z","0058c00000BxeO9AAJ","2025-07-10T00:09:49.000Z","","","No","2.0","a308c000000lZIZAA2","a2zHu000001pWA1IAM","","false"
"a2z8c000001MjuoAAC","0058c00000BxeO9AAJ","false","O-003657","2023-10-18T17:44:29.000Z","0058c00000BxeO9AAJ","2025-07-10T00:09:49.000Z","0058c00000BxeO9AAJ","2025-07-10T00:09:49.000Z","","","No","2.0","a308c000000lZIaAAM","a2zHu000001pWA3IAM","","false"
"a2z8c000001MjupAAC","0058c00000BxeO9AAJ","false","O-003658","2023-10-18T17:44:29.000Z","0058c00000BxeO9AAJ","2025-07-10T00:09:49.000Z","0058c00000BxeO9AAJ","2025-07-10T00:09:49.000Z","","","Yes","1.0","a308c000000lZItAAM","a2zHu000001pWA4IAM","","false"
"a2z8c000001MjuqAAC","0058c00000BxeO9AAJ","false","O-003659","2023-10-18T17:44:29.000Z","0058c00000BxeO9AAJ","2025-07-10T00:09:49.000Z","0058c00000BxeO9AAJ","2025-07-10T00:09:49.000Z","","","No","2.0","a308c000000lZITAA2","a2zHu000001pWA5IAM","","false"
"a2z8c000001MjurAAC","0058c00000BxeO9AAJ","false","O-003660","2023-10-18T17:44:29.000Z","0058c00000BxeO9AAJ","2025-07-10T00:09:49.000Z","0058c00000BxeO9AAJ","2025-07-10T00:09:49.000Z","","","No","2.0","a308c000000lZJEAA2","a2zHu000001pWA6IAM","","false"
